actor_key,actor_name,month,n_articles,n_unique_articles,n_direct_conflict_relevance,n_physical_violence,n_fatalities_present,n_context_cbt,n_context_civ,n_context_pol,n_context_other,share_direct_conflict_relevance_raw,share_physical_violence_raw,share_fatalities_present_raw,share_context_cbt_raw,share_context_civ_raw,share_context_pol_raw,share_context_other_raw,log1p_n_articles,y_ucdp_actor_fatalities,n_ucdp_actor_events,log1p_y_ucdp_actor_fatalities,y_ucdp_actor_fatalities_next,log1p_y_ucdp_actor_fatalities_next,log1p_y_ucdp_actor_fatalities_lag1,log1p_y_ucdp_actor_fatalities_lag2,period_start,year,month_of_year,period_index,time_years,taliban_transition_month,taliban_post_takeover,hamas_post_oct2023,taliban_outcome_transition_aug2021,taliban_outcome_post_takeover,hamas_outcome_post_oct2023
209,Hamas,2020-01,182.0,182.0,131.0,106.0,18.0,100.0,0.0,64.0,18.0,0.7197802197802198,0.5824175824175825,0.0989010989010989,0.5494505494505495,0.0,0.3516483516483517,0.0989010989010989,5.209486152841421,3.0,1.0,1.3862943611198906,0.0,0.0,,,2020-01-01,2020,1,0,0.0,0.0,0.0,0.0,0.0,0.0,0.0
209,Hamas,2020-02,237.0,237.0,190.0,141.0,30.0,143.0,1.0,72.0,21.0,0.8016877637130801,0.5949367088607594,0.12658227848101267,0.6033755274261603,0.004219409282700422,0.3037974683544304,0.08860759493670886,5.472270673671475,0.0,0.0,0.0,0.0,0.0,1.3862943611198906,,2020-02-01,2020,2,1,0.08333333333333333,0.0,0.0,0.0,0.0,0.0,0.0
209,Hamas,2020-03,46.0,46.0,22.0,10.0,2.0,10.0,0.0,30.0,6.0,0.4782608695652174,0.21739130434782608,0.043478260869565216,0.21739130434782608,0.0,0.6521739130434783,0.13043478260869565,3.8501476017100584,0.0,0.0,0.0,0.0,0.0,0.0,1.3862943611198906,2020-03-01,2020,3,2,0.16666666666666666,0.0,0.0,0.0,0.0,0.0,0.0
209,Hamas,2020-04,44.0,44.0,26.0,9.0,5.0,12.0,0.0,26.0,6.0,0.5909090909090909,0.20454545454545456,0.11363636363636363,0.2727272727272727,0.0,0.5909090909090909,0.13636363636363635,3.8066624897703196,0.0,0.0,0.0,0.0,0.0,0.0,0.0,2020-04-01,2020,4,3,0.25,0.0,0.0,0.0,0.0,0.0,0.0
209,Hamas,2020-05,44.0,44.0,28.0,12.0,1.0,13.0,3.0,25.0,3.0,0.6363636363636364,0.2727272727272727,0.022727272727272728,0.29545454545454547,0.06818181818181818,0.5681818181818182,0.06818181818181818,3.8066624897703196,0.0,0.0,0.0,0.0,0.0,0.0,0.0,2020-05-01,2020,5,4,0.3333333333333333,0.0,0.0,0.0,0.0,0.0,0.0
209,Hamas,2020-06,88.0,88.0,67.0,41.0,3.0,36.0,4.0,39.0,9.0,0.7613636363636364,0.4659090909090909,0.03409090909090909,0.4090909090909091,0.045454545454545456,0.4431818181818182,0.10227272727272728,4.48863636973214,0.0,0.0,0.0,0.0,0.0,0.0,0.0,2020-06-01,2020,6,5,0.4166666666666667,0.0,0.0,0.0,0.0,0.0,0.0
209,Hamas,2020-07,101.0,101.0,77.0,48.0,7.0,49.0,3.0,37.0,12.0,0.7623762376237624,0.4752475247524752,0.06930693069306931,0.48514851485148514,0.0297029702970297,0.36633663366336633,0.1188118811881188,4.624972813284271,0.0,0.0,0.0,0.0,0.0,0.0,0.0,2020-07-01,2020,7,6,0.5,0.0,0.0,0.0,0.0,0.0,0.0
209,Hamas,2020-08,416.0,416.0,366.0,324.0,17.0,319.0,1.0,76.0,20.0,0.8798076923076923,0.7788461538461539,0.040865384615384616,0.7668269230769231,0.002403846153846154,0.18269230769230768,0.04807692307692308,6.0330862217988015,0.0,0.0,0.0,0.0,0.0,0.0,0.0,2020-08-01,2020,8,7,0.5833333333333334,0.0,0.0,0.0,0.0,0.0,0.0
209,Hamas,2020-09,116.0,116.0,86.0,51.0,5.0,51.0,2.0,54.0,9.0,0.7413793103448276,0.4396551724137931,0.04310344827586207,0.4396551724137931,0.017241379310344827,0.46551724137931033,0.07758620689655173,4.762173934797756,0.0,0.0,0.0,0.0,0.0,0.0,0.0,2020-09-01,2020,9,8,0.6666666666666666,0.0,0.0,0.0,0.0,0.0,0.0
209,Hamas,2020-10,54.0,54.0,39.0,28.0,5.0,28.0,1.0,17.0,8.0,0.7222222222222222,0.5185185185185185,0.09259259259259259,0.5185185185185185,0.018518518518518517,0.3148148148148148,0.14814814814814814,4.007333185232471,0.0,0.0,0.0,0.0,0.0,0.0,0.0,2020-10-01,2020,10,9,0.75,0.0,0.0,0.0,0.0,0.0,0.0
209,Hamas,2020-11,87.0,87.0,62.0,41.0,0.0,44.0,0.0,34.0,9.0,0.7126436781609196,0.47126436781609193,0.0,0.5057471264367817,0.0,0.39080459770114945,0.10344827586206896,4.477336814478207,0.0,0.0,0.0,0.0,0.0,0.0,0.0,2020-11-01,2020,11,10,0.8333333333333334,0.0,0.0,0.0,0.0,0.0,0.0
209,Hamas,2020-12,88.0,88.0,66.0,46.0,2.0,48.0,2.0,32.0,6.0,0.75,0.5227272727272727,0.022727272727272728,0.5454545454545454,0.022727272727272728,0.36363636363636365,0.06818181818181818,4.48863636973214,0.0,0.0,0.0,0.0,0.0,0.0,0.0,2020-12-01,2020,12,11,0.9166666666666666,0.0,0.0,0.0,0.0,0.0,0.0
209,Hamas,2021-01,105.0,105.0,77.0,48.0,5.0,46.0,2.0,48.0,9.0,0.7333333333333333,0.45714285714285713,0.047619047619047616,0.4380952380952381,0.01904761904761905,0.45714285714285713,0.08571428571428572,4.663439094112067,0.0,0.0,0.0,0.0,0.0,0.0,0.0,2021-01-01,2021,1,12,1.0,0.0,0.0,0.0,0.0,0.0,0.0
209,Hamas,2021-02,60.0,60.0,34.0,9.0,6.0,9.0,1.0,46.0,4.0,0.5666666666666667,0.15,0.1,0.15,0.016666666666666666,0.7666666666666667,0.06666666666666667,4.110873864173311,0.0,0.0,0.0,0.0,0.0,0.0,0.0,2021-02-01,2021,2,13,1.0833333333333333,0.0,0.0,0.0,0.0,0.0,0.0
209,Hamas,2021-03,80.0,80.0,60.0,27.0,18.0,26.0,1.0,47.0,6.0,0.75,0.3375,0.225,0.325,0.0125,0.5875,0.075,4.394449154672439,0.0,0.0,0.0,0.0,0.0,0.0,0.0,2021-03-01,2021,3,14,1.1666666666666667,0.0,0.0,0.0,0.0,0.0,0.0
209,Hamas,2021-04,187.0,187.0,161.0,121.0,9.0,121.0,1.0,60.0,5.0,0.8609625668449198,0.6470588235294118,0.0481283422459893,0.6470588235294118,0.0053475935828877,0.32085561497326204,0.026737967914438502,5.236441962829949,0.0,0.0,0.0,222.0,5.407171771460119,0.0,0.0,2021-04-01,2021,4,15,1.25,0.0,0.0,0.0,0.0,0.0,0.0
209,Hamas,2021-05,2992.0,2992.0,2590.0,1864.0,1516.0,1766.0,37.0,960.0,229.0,0.8656417112299465,0.6229946524064172,0.5066844919786097,0.5902406417112299,0.012366310160427808,0.32085561497326204,0.07653743315508021,8.0040315078527,222.0,69.0,5.407171771460119,0.0,0.0,0.0,0.0,2021-05-01,2021,5,16,1.3333333333333333,0.0,0.0,0.0,0.0,0.0,0.0
209,Hamas,2021-06,572.0,572.0,385.0,204.0,89.0,184.0,22.0,311.0,55.0,0.6730769230769231,0.35664335664335667,0.1555944055944056,0.32167832167832167,0.038461538461538464,0.5437062937062938,0.09615384615384616,6.35088571671474,0.0,0.0,0.0,0.0,0.0,5.407171771460119,0.0,2021-06-01,2021,6,17,1.4166666666666667,0.0,0.0,0.0,0.0,0.0,0.0
209,Hamas,2021-07,239.0,239.0,157.0,89.0,24.0,82.0,9.0,123.0,25.0,0.6569037656903766,0.3723849372384937,0.100418410041841,0.34309623430962344,0.03765690376569038,0.5146443514644351,0.10460251046025104,5.480638923341991,0.0,0.0,0.0,5.0,1.791759469228055,0.0,5.407171771460119,2021-07-01,2021,7,18,1.5,0.0,0.0,0.0,0.0,0.0,0.0
209,Hamas,2021-08,24.0,24.0,18.0,11.0,7.0,9.0,3.0,7.0,5.0,0.75,0.4583333333333333,0.2916666666666667,0.375,0.125,0.2916666666666667,0.20833333333333334,3.2188758248682006,5.0,2.0,1.791759469228055,3.0,1.3862943611198906,0.0,0.0,2021-08-01,2021,8,19,1.5833333333333333,0.0,0.0,0.0,0.0,0.0,0.0
209,Hamas,2021-09,326.0,326.0,255.0,179.0,94.0,176.0,4.0,130.0,16.0,0.7822085889570553,0.549079754601227,0.2883435582822086,0.5398773006134969,0.012269938650306749,0.3987730061349693,0.049079754601226995,5.7899601708972535,3.0,1.0,1.3862943611198906,0.0,0.0,1.791759469228055,0.0,2021-09-01,2021,9,20,1.6666666666666667,0.0,0.0,0.0,0.0,0.0,0.0
209,Hamas,2021-10,117.0,117.0,68.0,33.0,18.0,28.0,3.0,75.0,11.0,0.5811965811965812,0.28205128205128205,0.15384615384615385,0.23931623931623933,0.02564102564102564,0.6410256410256411,0.09401709401709402,4.770684624465665,0.0,0.0,0.0,2.0,1.0986122886681098,1.3862943611198906,1.791759469228055,2021-10-01,2021,10,21,1.75,0.0,0.0,0.0,0.0,0.0,0.0
209,Hamas,2021-11,184.0,184.0,126.0,66.0,58.0,62.0,8.0,96.0,18.0,0.6847826086956522,0.358695652173913,0.31521739130434784,0.33695652173913043,0.043478260869565216,0.5217391304347826,0.09782608695652174,5.220355825078324,2.0,1.0,1.0986122886681098,1.0,0.6931471805599453,0.0,1.3862943611198906,2021-11-01,2021,11,22,1.8333333333333333,0.0,0.0,0.0,0.0,0.0,0.0
209,Hamas,2021-12,219.0,219.0,165.0,113.0,87.0,114.0,6.0,83.0,16.0,0.7534246575342466,0.5159817351598174,0.3972602739726027,0.5205479452054794,0.0273972602739726,0.3789954337899543,0.0730593607305936,5.393627546352362,1.0,1.0,0.6931471805599453,2.0,1.0986122886681098,1.0986122886681098,0.0,2021-12-01,2021,12,23,1.9166666666666667,0.0,0.0,0.0,0.0,0.0,0.0
209,Hamas,2022-01,173.0,173.0,122.0,84.0,16.0,88.0,4.0,71.0,10.0,0.7052023121387283,0.48554913294797686,0.09248554913294797,0.5086705202312138,0.023121387283236993,0.41040462427745666,0.057803468208092484,5.159055299214529,2.0,1.0,1.0986122886681098,0.0,0.0,0.6931471805599453,1.0986122886681098,2022-01-01,2022,1,24,2.0,0.0,0.0,0.0,0.0,0.0,0.0
209,Hamas,2022-02,105.0,105.0,61.0,32.0,18.0,31.0,3.0,62.0,9.0,0.580952380952381,0.3047619047619048,0.17142857142857143,0.29523809523809524,0.02857142857142857,0.5904761904761905,0.08571428571428572,4.663439094112067,0.0,0.0,0.0,0.0,0.0,1.0986122886681098,0.6931471805599453,2022-02-01,2022,2,25,2.0833333333333335,0.0,0.0,0.0,0.0,0.0,0.0
209,Hamas,2022-03,67.0,67.0,31.0,14.0,12.0,12.0,1.0,49.0,5.0,0.4626865671641791,0.208955223880597,0.1791044776119403,0.1791044776119403,0.014925373134328358,0.7313432835820896,0.07462686567164178,4.219507705176107,0.0,0.0,0.0,1.0,0.6931471805599453,0.0,1.0986122886681098,2022-03-01,2022,3,26,2.1666666666666665,0.0,0.0,0.0,0.0,0.0,0.0
209,Hamas,2022-04,195.0,195.0,161.0,118.0,38.0,119.0,1.0,57.0,18.0,0.8256410256410256,0.6051282051282051,0.19487179487179487,0.6102564102564103,0.005128205128205128,0.2923076923076923,0.09230769230769231,5.278114659230517,1.0,1.0,0.6931471805599453,0.0,0.0,0.0,0.0,2022-04-01,2022,4,27,2.25,0.0,0.0,0.0,0.0,0.0,0.0
209,Hamas,2022-05,176.0,176.0,126.0,63.0,44.0,69.0,6.0,92.0,9.0,0.7159090909090909,0.35795454545454547,0.25,0.39204545454545453,0.03409090909090909,0.5227272727272727,0.05113636363636364,5.176149732573829,0.0,0.0,0.0,0.0,0.0,0.6931471805599453,0.0,2022-05-01,2022,5,28,2.3333333333333335,0.0,0.0,0.0,0.0,0.0,0.0
209,Hamas,2022-06,119.0,119.0,84.0,49.0,18.0,48.0,6.0,56.0,9.0,0.7058823529411765,0.4117647058823529,0.15126050420168066,0.40336134453781514,0.05042016806722689,0.47058823529411764,0.07563025210084033,4.787491742782046,0.0,0.0,0.0,0.0,0.0,0.0,0.6931471805599453,2022-06-01,2022,6,29,2.4166666666666665,0.0,0.0,0.0,0.0,0.0,0.0
209,Hamas,2022-07,100.0,100.0,73.0,42.0,4.0,44.0,0.0,42.0,14.0,0.73,0.42,0.04,0.44,0.0,0.42,0.14,4.61512051684126,0.0,0.0,0.0,0.0,0.0,0.0,0.0,2022-07-01,2022,7,30,2.5,0.0,0.0,0.0,0.0,0.0,0.0
209,Hamas,2022-08,182.0,182.0,137.0,104.0,93.0,107.0,4.0,59.0,12.0,0.7527472527472527,0.5714285714285714,0.510989010989011,0.5879120879120879,0.02197802197802198,0.3241758241758242,0.06593406593406594,5.209486152841421,0.0,0.0,0.0,1.0,0.6931471805599453,0.0,0.0,2022-08-01,2022,8,31,2.5833333333333335,0.0,0.0,0.0,0.0,0.0,0.0
209,Hamas,2022-09,67.0,67.0,45.0,29.0,24.0,26.0,3.0,33.0,5.0,0.6716417910447762,0.43283582089552236,0.3582089552238806,0.3880597014925373,0.04477611940298507,0.4925373134328358,0.07462686567164178,4.219507705176107,1.0,1.0,0.6931471805599453,5.0,1.791759469228055,0.0,0.0,2022-09-01,2022,9,32,2.6666666666666665,0.0,0.0,0.0,0.0,0.0,0.0
209,Hamas,2022-10,100.0,100.0,78.0,42.0,34.0,40.0,3.0,46.0,11.0,0.78,0.42,0.34,0.4,0.03,0.46,0.11,4.61512051684126,5.0,3.0,1.791759469228055,2.0,1.0986122886681098,0.6931471805599453,0.0,2022-10-01,2022,10,33,2.75,0.0,0.0,0.0,0.0,0.0,0.0
209,Hamas,2022-11,67.0,67.0,39.0,24.0,14.0,19.0,4.0,41.0,3.0,0.582089552238806,0.3582089552238806,0.208955223880597,0.2835820895522388,0.05970149253731343,0.6119402985074627,0.04477611940298507,4.219507705176107,2.0,1.0,1.0986122886681098,1.0,0.6931471805599453,1.791759469228055,0.6931471805599453,2022-11-01,2022,11,34,2.8333333333333335,0.0,0.0,0.0,0.0,0.0,0.0
209,Hamas,2022-12,99.0,99.0,57.0,38.0,18.0,35.0,6.0,50.0,8.0,0.5757575757575758,0.3838383838383838,0.18181818181818182,0.35353535353535354,0.06060606060606061,0.5050505050505051,0.08080808080808081,4.605170185988092,1.0,1.0,0.6931471805599453,4.0,1.6094379124341003,1.0986122886681098,1.791759469228055,2022-12-01,2022,12,35,2.9166666666666665,0.0,0.0,0.0,0.0,0.0,0.0
209,Hamas,2023-01,217.0,217.0,177.0,98.0,83.0,93.0,7.0,103.0,14.0,0.815668202764977,0.45161290322580644,0.3824884792626728,0.42857142857142855,0.03225806451612903,0.47465437788018433,0.06451612903225806,5.384495062789089,4.0,2.0,1.6094379124341003,7.0,2.0794415416798357,0.6931471805599453,1.0986122886681098,2023-01-01,2023,1,36,3.0,0.0,0.0,0.0,0.0,0.0,0.0
209,Hamas,2023-02,215.0,215.0,175.0,121.0,86.0,117.0,4.0,85.0,9.0,0.813953488372093,0.5627906976744186,0.4,0.5441860465116279,0.018604651162790697,0.3953488372093023,0.04186046511627907,5.375278407684165,7.0,2.0,2.0794415416798357,9.0,2.302585092994046,1.6094379124341003,0.6931471805599453,2023-02-01,2023,2,37,3.0833333333333335,0.0,0.0,0.0,0.0,0.0,0.0
209,Hamas,2023-03,178.0,178.0,136.0,89.0,74.0,82.0,8.0,74.0,14.0,0.7640449438202247,0.5,0.4157303370786517,0.4606741573033708,0.0449438202247191,0.4157303370786517,0.07865168539325842,5.187385805840755,9.0,3.0,2.302585092994046,0.0,0.0,2.0794415416798357,1.6094379124341003,2023-03-01,2023,3,38,3.1666666666666665,0.0,0.0,0.0,0.0,0.0,0.0
209,Hamas,2023-04,521.0,521.0,457.0,346.0,137.0,330.0,21.0,137.0,33.0,0.8771593090211133,0.6641074856046065,0.2629558541266795,0.6333973128598849,0.04030710172744722,0.2629558541266795,0.06333973128598848,6.257667587882639,0.0,0.0,0.0,6.0,1.9459101490553132,2.302585092994046,2.0794415416798357,2023-04-01,2023,4,39,3.25,0.0,0.0,0.0,0.0,0.0,0.0
209,Hamas,2023-05,415.0,415.0,344.0,220.0,165.0,212.0,9.0,154.0,40.0,0.8289156626506025,0.5301204819277109,0.39759036144578314,0.5108433734939759,0.021686746987951807,0.3710843373493976,0.0963855421686747,6.030685260261263,6.0,3.0,1.9459101490553132,5.0,1.791759469228055,0.0,2.302585092994046,2023-05-01,2023,5,40,3.3333333333333335,0.0,0.0,0.0,0.0,0.0,0.0
209,Hamas,2023-06,177.0,177.0,123.0,70.0,66.0,64.0,8.0,82.0,23.0,0.6949152542372882,0.3954802259887006,0.3728813559322034,0.3615819209039548,0.04519774011299435,0.4632768361581921,0.12994350282485875,5.181783550292085,5.0,2.0,1.791759469228055,5.0,1.791759469228055,1.9459101490553132,0.0,2023-06-01,2023,6,41,3.4166666666666665,0.0,0.0,0.0,0.0,0.0,0.0
209,Hamas,2023-07,237.0,237.0,186.0,132.0,100.0,125.0,5.0,89.0,18.0,0.7848101265822784,0.5569620253164557,0.4219409282700422,0.5274261603375527,0.02109704641350211,0.3755274261603376,0.0759493670886076,5.472270673671475,5.0,2.0,1.791759469228055,1.0,0.6931471805599453,1.791759469228055,1.9459101490553132,2023-07-01,2023,7,42,3.5,0.0,0.0,0.0,0.0,0.0,0.0
209,Hamas,2023-08,160.0,160.0,123.0,78.0,62.0,68.0,10.0,72.0,10.0,0.76875,0.4875,0.3875,0.425,0.0625,0.45,0.0625,5.081404364984463,1.0,1.0,0.6931471805599453,7.0,2.0794415416798357,1.791759469228055,1.791759469228055,2023-08-01,2023,8,43,3.5833333333333335,0.0,0.0,0.0,0.0,0.0,0.0
209,Hamas,2023-09,247.0,247.0,201.0,145.0,98.0,140.0,8.0,87.0,12.0,0.8137651821862348,0.5870445344129555,0.3967611336032389,0.5668016194331984,0.032388663967611336,0.3522267206477733,0.048582995951417005,5.5134287461649825,7.0,3.0,2.0794415416798357,11048.0,9.310095205113175,0.6931471805599453,1.791759469228055,2023-09-01,2023,9,44,3.6666666666666665,0.0,0.0,0.0,0.0,0.0,1.0
209,Hamas,2023-10,17739.0,17739.0,15430.0,9440.0,7795.0,8260.0,1072.0,7295.0,1112.0,0.8698348272168668,0.5321607756919782,0.4394272506905688,0.4656406787304809,0.060431816900614464,0.4112407689272225,0.06268673544168217,9.78357725586357,11048.0,477.0,9.310095205113175,7062.0,8.862625169408922,2.0794415416798357,0.6931471805599453,2023-10-01,2023,10,45,3.75,0.0,0.0,1.0,0.0,0.0,1.0
209,Hamas,2023-11,72.0,72.0,68.0,37.0,32.0,28.0,7.0,34.0,3.0,0.9444444444444444,0.5138888888888888,0.4444444444444444,0.3888888888888889,0.09722222222222222,0.4722222222222222,0.041666666666666664,4.290459441148391,7062.0,377.0,8.862625169408922,8874.0,9.090993614343617,9.310095205113175,2.0794415416798357,2023-11-01,2023,11,46,3.8333333333333335,0.0,0.0,1.0,0.0,0.0,1.0
209,Hamas,2023-12,5886.0,5886.0,4970.0,3036.0,2382.0,2672.0,384.0,2453.0,377.0,0.8443764865783214,0.5158002038735984,0.40468909276248727,0.453958545701665,0.0652395514780836,0.4167516139993204,0.06405028882093103,8.68050180902826,8874.0,379.0,9.090993614343617,3043.0,8.020927718981577,8.862625169408922,9.310095205113175,2023-12-01,2023,12,47,3.9166666666666665,0.0,0.0,1.0,0.0,0.0,1.0
209,Hamas,2024-01,4839.0,4839.0,3962.0,2227.0,1890.0,2104.0,178.0,2252.0,305.0,0.8187642074808845,0.46021905352345527,0.39057656540607566,0.43480057863194876,0.03678445959909072,0.4653854102087208,0.06302955156023972,8.484669999710677,3043.0,214.0,8.020927718981577,2516.0,7.830822995135316,9.090993614343617,8.862625169408922,2024-01-01,2024,1,48,4.0,0.0,0.0,1.0,0.0,0.0,1.0
209,Hamas,2024-02,3006.0,3006.0,2408.0,1157.0,944.0,1016.0,137.0,1657.0,196.0,0.8010645375914837,0.38489687292082503,0.3140385894876913,0.3379906852960745,0.04557551563539587,0.551230871590153,0.06520292747837658,8.008698182988528,2516.0,244.0,7.830822995135316,2392.0,7.780303087908373,8.020927718981577,9.090993614343617,2024-02-01,2024,2,49,4.083333333333333,0.0,0.0,1.0,0.0,0.0,1.0
209,Hamas,2024-03,3065.0,3065.0,2545.0,1230.0,1055.0,1035.0,228.0,1566.0,236.0,0.8303425774877651,0.401305057096248,0.3442088091353997,0.3376835236541599,0.07438825448613377,0.5109298531810766,0.07699836867862969,8.028129059431759,2392.0,225.0,7.780303087908373,1137.0,7.037027614686276,7.830822995135316,8.020927718981577,2024-03-01,2024,3,50,4.166666666666667,0.0,0.0,1.0,0.0,0.0,1.0
209,Hamas,2024-04,2974.0,2974.0,2347.0,1060.0,857.0,919.0,164.0,1570.0,321.0,0.789172831203766,0.35642232683254876,0.28816408876933425,0.3090114324142569,0.05514458641560188,0.5279085406859448,0.10793544048419637,7.99799931797973,1137.0,161.0,7.037027614686276,1444.0,7.275864600546533,7.780303087908373,7.830822995135316,2024-04-01,2024,4,51,4.25,0.0,0.0,1.0,0.0,0.0,1.0
209,Hamas,2024-05,3890.0,3890.0,3289.0,1822.0,1417.0,1603.0,187.0,1775.0,325.0,0.8455012853470437,0.4683804627249357,0.36426735218509,0.4120822622107969,0.0480719794344473,0.45629820051413883,0.08354755784061697,8.266421472984554,1444.0,231.0,7.275864600546533,1504.0,7.316548177182976,7.037027614686276,7.780303087908373,2024-05-01,2024,5,52,4.333333333333333,0.0,0.0,1.0,0.0,0.0,1.0
209,Hamas,2024-06,2350.0,2350.0,1914.0,1081.0,907.0,955.0,125.0,1111.0,159.0,0.814468085106383,0.46,0.38595744680851063,0.40638297872340423,0.05319148936170213,0.4727659574468085,0.06765957446808511,7.762596048540069,1504.0,214.0,7.316548177182976,1730.0,7.456454555176209,7.275864600546533,7.037027614686276,2024-06-01,2024,6,53,4.416666666666667,0.0,0.0,1.0,0.0,0.0,1.0
209,Hamas,2024-07,2704.0,2704.0,2340.0,1466.0,1333.0,1212.0,104.0,1256.0,132.0,0.8653846153846154,0.5421597633136095,0.49297337278106507,0.44822485207100593,0.038461538461538464,0.46449704142011833,0.04881656804733728,7.902857191280582,1730.0,264.0,7.456454555176209,1447.0,7.277938572945661,7.316548177182976,7.275864600546533,2024-07-01,2024,7,54,4.5,0.0,0.0,1.0,0.0,0.0,1.0
209,Hamas,2024-08,3971.0,3971.0,3423.0,1667.0,1431.0,1453.0,96.0,2248.0,174.0,0.8619994963485268,0.419793502895996,0.36036262906069,0.36590279526567615,0.024175270712666834,0.5661042558549484,0.04381767816670864,8.287025025165063,1447.0,273.0,7.277938572945661,1002.0,6.910750787961936,7.456454555176209,7.316548177182976,2024-08-01,2024,8,55,4.583333333333333,0.0,0.0,1.0,0.0,0.0,1.0
209,Hamas,2024-09,2630.0,2630.0,2230.0,1337.0,1225.0,1171.0,139.0,1116.0,204.0,0.8479087452471483,0.5083650190114068,0.46577946768060835,0.4452471482889734,0.05285171102661597,0.42433460076045626,0.07756653992395438,7.875119281040293,1002.0,242.0,6.910750787961936,2032.0,7.617267813628347,7.277938572945661,7.456454555176209,2024-09-01,2024,9,56,4.666666666666667,0.0,0.0,1.0,0.0,0.0,1.0
209,Hamas,2024-10,4318.0,4318.0,3473.0,2236.0,1895.0,2039.0,158.0,1853.0,268.0,0.8043075497915702,0.5178323297823066,0.43886058360352015,0.47220935618341825,0.036591014358499305,0.42913385826771655,0.06206577119036591,8.3707791729607,2032.0,262.0,7.617267813628347,1392.0,7.239214973779806,6.910750787961936,7.277938572945661,2024-10-01,2024,10,57,4.75,0.0,0.0,1.0,0.0,0.0,1.0
209,Hamas,2024-11,1284.0,1284.0,1064.0,513.0,423.0,493.0,46.0,668.0,77.0,0.8286604361370716,0.39953271028037385,0.3294392523364486,0.3839563862928349,0.03582554517133956,0.5202492211838006,0.05996884735202492,7.158513997329321,1392.0,288.0,7.239214973779806,1322.0,7.187657164114956,7.617267813628347,6.910750787961936,2024-11-01,2024,11,58,4.833333333333333,0.0,0.0,1.0,0.0,0.0,1.0
209,Hamas,2024-12,1322.0,1322.0,1013.0,569.0,466.0,514.0,74.0,661.0,73.0,0.7662632375189108,0.43040847201210286,0.3524962178517398,0.3888048411497731,0.05597579425113464,0.5,0.05521936459909228,7.187657164114956,1322.0,280.0,7.187657164114956,893.0,6.795705775173514,7.239214973779806,7.617267813628347,2024-12-01,2024,12,59,4.916666666666667,0.0,0.0,1.0,0.0,0.0,1.0
209,Hamas,2025-01,1894.0,1894.0,1562.0,690.0,575.0,595.0,67.0,1147.0,85.0,0.8247096092925026,0.36430834213305174,0.30359028511087643,0.31414994720168954,0.03537486800422387,0.6055966209081309,0.04487856388595565,7.546974117516527,893.0,251.0,6.795705775173514,44.0,3.8066624897703196,7.187657164114956,7.239214973779806,2025-01-01,2025,1,60,5.0,0.0,0.0,1.0,0.0,0.0,1.0
209,Hamas,2025-02,1590.0,1590.0,1333.0,551.0,462.0,413.0,115.0,985.0,77.0,0.8383647798742139,0.34654088050314463,0.29056603773584905,0.259748427672956,0.07232704402515723,0.6194968553459119,0.048427672955974846,7.372118028337787,44.0,38.0,3.8066624897703196,1031.0,6.939253946041508,6.795705775173514,7.187657164114956,2025-02-01,2025,2,61,5.083333333333333,0.0,0.0,1.0,0.0,0.0,1.0
209,Hamas,2025-03,1828.0,1828.0,1545.0,925.0,788.0,825.0,69.0,796.0,138.0,0.8451859956236324,0.5060175054704595,0.4310722100656455,0.4513129102844639,0.03774617067833698,0.43544857768052514,0.07549234135667396,7.511524648390866,1031.0,227.0,6.939253946041508,1287.0,7.160845906664299,3.8066624897703196,6.795705775173514,2025-03-01,2025,3,62,5.166666666666667,0.0,0.0,1.0,0.0,0.0,1.0
209,Hamas,2025-04,1200.0,1200.0,926.0,561.0,470.0,501.0,68.0,548.0,83.0,0.7716666666666666,0.4675,0.39166666666666666,0.4175,0.056666666666666664,0.45666666666666667,0.06916666666666667,7.0909098220799835,1287.0,335.0,7.160845906664299,2083.0,7.642044402873258,6.939253946041508,3.8066624897703196,2025-04-01,2025,4,63,5.25,0.0,0.0,1.0,0.0,0.0,1.0
209,Hamas,2025-05,1501.0,1501.0,1218.0,691.0,558.0,611.0,90.0,725.0,75.0,0.8114590273151232,0.4603597601598934,0.37175216522318455,0.40706195869420386,0.05996002664890073,0.4830113257828115,0.049966688874083946,7.31455283232408,2083.0,423.0,7.642044402873258,1879.0,7.539027055823995,7.160845906664299,6.939253946041508,2025-05-01,2025,5,64,5.333333333333333,0.0,0.0,1.0,0.0,0.0,1.0
209,Hamas,2025-06,690.0,690.0,564.0,351.0,271.0,307.0,72.0,254.0,57.0,0.8173913043478261,0.508695652173913,0.3927536231884058,0.4449275362318841,0.10434782608695652,0.3681159420289855,0.08260869565217391,6.53813982376767,1879.0,340.0,7.539027055823995,2405.0,7.785720896534624,7.642044402873258,7.160845906664299,2025-06-01,2025,6,65,5.416666666666667,0.0,0.0,1.0,0.0,0.0,1.0
209,Hamas,2025-07,1098.0,1098.0,903.0,447.0,381.0,361.0,79.0,599.0,59.0,0.8224043715846995,0.40710382513661203,0.3469945355191257,0.32877959927140255,0.07194899817850638,0.5455373406193078,0.05373406193078324,7.002155954403621,2405.0,459.0,7.785720896534624,1685.0,7.430114138561801,7.539027055823995,7.642044402873258,2025-07-01,2025,7,66,5.5,0.0,0.0,1.0,0.0,0.0,1.0
209,Hamas,2025-08,1377.0,1377.0,1149.0,479.0,405.0,430.0,64.0,786.0,97.0,0.8344226579520697,0.3478576615831518,0.29411764705882354,0.31227305737109656,0.04647785039941903,0.5708061002178649,0.07044299201161947,7.228388451573604,1685.0,348.0,7.430114138561801,2021.0,7.611842399580417,7.785720896534624,7.539027055823995,2025-08-01,2025,8,67,5.583333333333333,0.0,0.0,1.0,0.0,0.0,1.0
209,Hamas,2025-09,2317.0,2317.0,2007.0,993.0,710.0,926.0,44.0,1236.0,111.0,0.8662063012516185,0.42857142857142855,0.3064307293914545,0.3996547259387139,0.018990073370738023,0.5334484246870954,0.04790677600345274,7.748460023899697,2021.0,388.0,7.611842399580417,635.0,6.455198563340122,7.430114138561801,7.785720896534624,2025-09-01,2025,9,68,5.666666666666667,0.0,0.0,1.0,0.0,0.0,1.0
209,Hamas,2025-10,2776.0,2776.0,2382.0,1077.0,896.0,900.0,108.0,1614.0,154.0,0.8580691642651297,0.38796829971181557,0.3227665706051873,0.3242074927953891,0.03890489913544669,0.5814121037463977,0.05547550432276657,7.9291264873067995,635.0,143.0,6.455198563340122,107.0,4.68213122712422,7.611842399580417,7.430114138561801,2025-10-01,2025,10,69,5.75,0.0,0.0,1.0,0.0,0.0,1.0
209,Hamas,2025-11,939.0,939.0,755.0,403.0,348.0,349.0,46.0,468.0,76.0,0.8040468583599574,0.4291799787007455,0.3706070287539936,0.37167199148029817,0.04898828541001065,0.4984025559105431,0.08093716719914804,6.84587987526405,107.0,45.0,4.68213122712422,57.0,4.060443010546419,6.455198563340122,7.611842399580417,2025-11-01,2025,11,70,5.833333333333333,0.0,0.0,1.0,0.0,0.0,1.0
209,Hamas,2025-12,869.0,869.0,688.0,352.0,315.0,301.0,43.0,485.0,40.0,0.7917146144994246,0.4050632911392405,0.3624856156501726,0.34637514384349827,0.04948216340621404,0.5581127733026467,0.04602991944764097,6.76849321164863,57.0,35.0,4.060443010546419,,,4.68213122712422,6.455198563340122,2025-12-01,2025,12,71,5.916666666666667,0.0,0.0,1.0,0.0,0.0,1.0
303,Taliban,2020-01,428.0,428.0,344.0,292.0,270.0,281.0,22.0,84.0,41.0,0.8037383177570093,0.6822429906542056,0.6308411214953271,0.6565420560747663,0.0514018691588785,0.19626168224299065,0.09579439252336448,6.061456918928017,1634.0,397.0,7.399398083331354,2733.0,7.913521017283895,,,2020-01-01,2020,1,0,0.0,0.0,0.0,0.0,0.0,0.0,0.0
303,Taliban,2020-02,403.0,403.0,328.0,177.0,164.0,161.0,12.0,191.0,39.0,0.8138957816377171,0.4392059553349876,0.40694789081885857,0.39950372208436724,0.02977667493796526,0.4739454094292804,0.0967741935483871,6.0014148779611505,2733.0,308.0,7.913521017283895,1090.0,6.994849985833071,7.399398083331354,,2020-02-01,2020,2,1,0.08333333333333333,0.0,0.0,0.0,0.0,0.0,0.0
303,Taliban,2020-03,649.0,649.0,546.0,383.0,311.0,344.0,16.0,233.0,56.0,0.8412942989214176,0.5901386748844376,0.47919876733436056,0.5300462249614792,0.02465331278890601,0.35901386748844377,0.08628659476117104,6.476972362889683,1090.0,246.0,6.994849985833071,1030.0,6.93828448401696,7.913521017283895,7.399398083331354,2020-03-01,2020,3,2,0.16666666666666666,0.0,0.0,0.0,0.0,0.0,0.0
303,Taliban,2020-04,310.0,310.0,272.0,200.0,188.0,170.0,15.0,109.0,16.0,0.8774193548387097,0.6451612903225806,0.6064516129032258,0.5483870967741935,0.04838709677419355,0.35161290322580646,0.05161290322580645,5.739792912179234,1030.0,206.0,6.93828448401696,1093.0,6.9975959829819265,6.994849985833071,7.913521017283895,2020-04-01,2020,4,3,0.25,0.0,0.0,0.0,0.0,0.0,0.0
303,Taliban,2020-05,497.0,497.0,445.0,346.0,336.0,314.0,23.0,136.0,24.0,0.8953722334004024,0.6961770623742455,0.676056338028169,0.6317907444668008,0.04627766599597585,0.27364185110663986,0.0482897384305835,6.210600077024653,1093.0,192.0,6.9975959829819265,1472.0,7.29505641646263,6.93828448401696,6.994849985833071,2020-05-01,2020,5,4,0.3333333333333333,0.0,0.0,0.0,0.0,0.0,0.0
303,Taliban,2020-06,419.0,419.0,301.0,202.0,191.0,181.0,29.0,166.0,43.0,0.7183770883054893,0.4821002386634845,0.45584725536992843,0.431980906921241,0.06921241050119331,0.39618138424821003,0.1026252983293556,6.040254711277414,1472.0,215.0,7.29505641646263,1546.0,7.344072850573066,6.9975959829819265,6.93828448401696,2020-06-01,2020,6,5,0.4166666666666667,0.0,0.0,0.0,0.0,0.0,0.0
303,Taliban,2020-07,543.0,543.0,439.0,307.0,293.0,258.0,47.0,204.0,34.0,0.8084714548802947,0.565377532228361,0.5395948434622467,0.47513812154696133,0.0865561694290976,0.3756906077348066,0.06261510128913444,6.298949246855942,1546.0,272.0,7.344072850573066,1347.0,7.206377291472252,7.29505641646263,6.9975959829819265,2020-07-01,2020,7,6,0.5,0.0,0.0,0.0,0.0,0.0,0.0
303,Taliban,2020-08,334.0,334.0,287.0,221.0,180.0,194.0,24.0,97.0,19.0,0.8592814371257484,0.6616766467065869,0.5389221556886228,0.5808383233532934,0.0718562874251497,0.2904191616766467,0.05688622754491018,5.814130531825066,1347.0,263.0,7.206377291472252,1763.0,7.475339236566737,7.344072850573066,7.29505641646263,2020-08-01,2020,8,7,0.5833333333333334,0.0,0.0,0.0,0.0,0.0,0.0
303,Taliban,2020-09,397.0,397.0,339.0,259.0,240.0,244.0,12.0,113.0,28.0,0.853904282115869,0.6523929471032746,0.6045340050377834,0.6146095717884131,0.030226700251889168,0.28463476070528965,0.07052896725440806,5.986452005284438,1763.0,288.0,7.475339236566737,2671.0,7.890582534656536,7.206377291472252,7.344072850573066,2020-09-01,2020,9,8,0.6666666666666666,0.0,0.0,0.0,0.0,0.0,0.0
303,Taliban,2020-10,349.0,349.0,296.0,247.0,213.0,228.0,18.0,81.0,22.0,0.8481375358166189,0.7077363896848138,0.6103151862464183,0.6532951289398281,0.05157593123209169,0.23209169054441262,0.06303724928366762,5.857933154483459,2671.0,299.0,7.890582534656536,1866.0,7.532088143541722,7.475339236566737,7.206377291472252,2020-10-01,2020,10,9,0.75,0.0,0.0,0.0,0.0,0.0,0.0
303,Taliban,2020-11,235.0,235.0,193.0,145.0,128.0,133.0,7.0,82.0,13.0,0.8212765957446808,0.6170212765957447,0.5446808510638298,0.5659574468085107,0.029787234042553193,0.34893617021276596,0.05531914893617021,5.4638318050256105,1866.0,278.0,7.532088143541722,2033.0,7.617759576608505,7.890582534656536,7.475339236566737,2020-11-01,2020,11,10,0.8333333333333334,0.0,0.0,0.0,0.0,0.0,0.0
303,Taliban,2020-12,295.0,295.0,257.0,203.0,190.0,181.0,23.0,78.0,13.0,0.8711864406779661,0.688135593220339,0.6440677966101694,0.6135593220338983,0.07796610169491526,0.26440677966101694,0.04406779661016949,5.69035945432406,2033.0,272.0,7.617759576608505,2676.0,7.892452043520352,7.532088143541722,7.890582534656536,2020-12-01,2020,12,11,0.9166666666666666,0.0,0.0,0.0,0.0,0.0,0.0
303,Taliban,2021-01,331.0,331.0,273.0,185.0,173.0,166.0,18.0,124.0,23.0,0.824773413897281,0.5589123867069486,0.5226586102719033,0.5015105740181269,0.054380664652567974,0.37462235649546827,0.06948640483383686,5.805134968916488,2676.0,350.0,7.892452043520352,2018.0,7.610357618312838,7.617759576608505,7.532088143541722,2021-01-01,2021,1,12,1.0,0.0,0.0,0.0,0.0,0.0,0.0
303,Taliban,2021-02,291.0,291.0,239.0,151.0,142.0,143.0,13.0,120.0,15.0,0.8213058419243986,0.5189003436426117,0.4879725085910653,0.49140893470790376,0.044673539518900345,0.41237113402061853,0.05154639175257732,5.676753802268282,2018.0,283.0,7.610357618312838,1751.0,7.468513271496337,7.892452043520352,7.617759576608505,2021-02-01,2021,2,13,1.0833333333333333,0.0,0.0,0.0,0.0,0.0,0.0
303,Taliban,2021-03,269.0,269.0,218.0,122.0,102.0,100.0,21.0,130.0,18.0,0.8104089219330854,0.45353159851301117,0.379182156133829,0.37174721189591076,0.07806691449814127,0.483271375464684,0.06691449814126393,5.598421958998375,1751.0,298.0,7.468513271496337,2812.0,7.9420068084898565,7.610357618312838,7.892452043520352,2021-03-01,2021,3,14,1.1666666666666667,0.0,0.0,0.0,0.0,0.0,0.0
303,Taliban,2021-04,360.0,360.0,292.0,161.0,149.0,146.0,12.0,186.0,16.0,0.8111111111111111,0.44722222222222224,0.41388888888888886,0.40555555555555556,0.03333333333333333,0.5166666666666667,0.044444444444444446,5.8888779583328805,2812.0,501.0,7.9420068084898565,4882.0,8.49351506406166,7.468513271496337,7.610357618312838,2021-04-01,2021,4,15,1.25,0.0,0.0,0.0,0.0,0.0,0.0
303,Taliban,2021-05,567.0,567.0,501.0,376.0,318.0,321.0,34.0,189.0,23.0,0.8835978835978836,0.6631393298059964,0.5608465608465608,0.5661375661375662,0.059964726631393295,0.3333333333333333,0.04056437389770723,6.342121418721152,4882.0,716.0,8.49351506406166,7603.0,8.93642970360832,7.9420068084898565,7.468513271496337,2021-05-01,2021,5,16,1.3333333333333333,0.0,0.0,0.0,0.0,0.0,0.0
303,Taliban,2021-06,675.0,675.0,574.0,391.0,265.0,348.0,43.0,239.0,45.0,0.8503703703703703,0.5792592592592593,0.3925925925925926,0.5155555555555555,0.0637037037037037,0.3540740740740741,0.06666666666666667,6.516193076042964,7603.0,893.0,8.93642970360832,8431.0,9.039789270781144,8.49351506406166,7.9420068084898565,2021-06-01,2021,6,17,1.4166666666666667,0.0,0.0,0.0,0.0,0.0,0.0
303,Taliban,2021-07,2000.0,2000.0,1717.0,1106.0,663.0,990.0,116.0,771.0,123.0,0.8585,0.553,0.3315,0.495,0.058,0.3855,0.0615,7.601402334583733,8431.0,829.0,9.039789270781144,4899.0,8.496990484098719,8.93642970360832,8.49351506406166,2021-07-01,2021,7,18,1.5,0.0,0.0,0.0,1.0,0.0,0.0
303,Taliban,2021-08,199.0,199.0,163.0,110.0,69.0,101.0,16.0,71.0,11.0,0.8190954773869347,0.5527638190954773,0.34673366834170855,0.507537688442211,0.08040201005025126,0.35678391959798994,0.05527638190954774,5.298317366548036,4899.0,439.0,8.496990484098719,508.0,6.2324480165505225,9.039789270781144,8.93642970360832,2021-08-01,2021,8,19,1.5833333333333333,1.0,0.0,0.0,0.0,1.0,0.0
303,Taliban,2021-09,2262.0,2262.0,1673.0,1001.0,691.0,679.0,261.0,1049.0,273.0,0.7396109637488948,0.4425287356321839,0.30548187444739167,0.3001768346595933,0.11538461538461539,0.46374889478337755,0.1206896551724138,7.724446645633537,508.0,44.0,6.2324480165505225,89.0,4.499809670330265,8.496990484098719,9.039789270781144,2021-09-01,2021,9,20,1.6666666666666667,0.0,1.0,0.0,0.0,1.0,0.0
303,Taliban,2021-10,981.0,981.0,722.0,451.0,370.0,312.0,158.0,391.0,120.0,0.7359836901121305,0.4597349643221203,0.37716615698267075,0.3180428134556575,0.16106014271151886,0.3985728848114169,0.12232415902140673,6.889591308354466,89.0,30.0,4.499809670330265,61.0,4.127134385045092,6.2324480165505225,8.496990484098719,2021-10-01,2021,10,21,1.75,0.0,1.0,0.0,0.0,1.0,0.0
303,Taliban,2021-11,591.0,591.0,397.0,246.0,212.0,189.0,76.0,250.0,76.0,0.6717428087986463,0.41624365482233505,0.3587140439932318,0.3197969543147208,0.12859560067681894,0.4230118443316413,0.12859560067681894,6.3835066348840055,61.0,29.0,4.127134385045092,18.0,2.9444389791664403,4.499809670330265,6.2324480165505225,2021-11-01,2021,11,22,1.8333333333333333,0.0,1.0,0.0,0.0,1.0,0.0
303,Taliban,2021-12,469.0,469.0,305.0,170.0,91.0,104.0,64.0,223.0,78.0,0.650319829424307,0.3624733475479744,0.19402985074626866,0.22174840085287847,0.13646055437100213,0.47547974413646055,0.16631130063965885,6.152732694704104,18.0,12.0,2.9444389791664403,35.0,3.58351893845611,4.127134385045092,4.499809670330265,2021-12-01,2021,12,23,1.9166666666666667,0.0,1.0,0.0,0.0,1.0,0.0
303,Taliban,2022-01,376.0,376.0,239.0,125.0,90.0,80.0,55.0,203.0,38.0,0.6356382978723404,0.3324468085106383,0.2393617021276596,0.2127659574468085,0.14627659574468085,0.5398936170212766,0.10106382978723404,5.932245187448011,35.0,12.0,3.58351893845611,21.0,3.091042453358316,2.9444389791664403,4.127134385045092,2022-01-01,2022,1,24,2.0,0.0,1.0,0.0,0.0,1.0,0.0
303,Taliban,2022-02,213.0,213.0,144.0,63.0,44.0,51.0,22.0,115.0,25.0,0.676056338028169,0.29577464788732394,0.20657276995305165,0.23943661971830985,0.10328638497652583,0.539906103286385,0.11737089201877934,5.365976015021851,21.0,9.0,3.091042453358316,46.0,3.8501476017100584,3.58351893845611,2.9444389791664403,2022-02-01,2022,2,25,2.0833333333333335,0.0,1.0,0.0,0.0,1.0,0.0
303,Taliban,2022-03,194.0,194.0,123.0,58.0,47.0,45.0,23.0,101.0,25.0,0.634020618556701,0.29896907216494845,0.2422680412371134,0.23195876288659795,0.11855670103092783,0.520618556701031,0.12886597938144329,5.272999558563747,46.0,20.0,3.8501476017100584,98.0,4.59511985013459,3.091042453358316,3.58351893845611,2022-03-01,2022,3,26,2.1666666666666665,0.0,1.0,0.0,0.0,1.0,0.0
303,Taliban,2022-04,237.0,237.0,189.0,151.0,128.0,122.0,24.0,73.0,18.0,0.7974683544303798,0.6371308016877637,0.540084388185654,0.5147679324894515,0.10126582278481013,0.3080168776371308,0.0759493670886076,5.472270673671475,98.0,38.0,4.59511985013459,176.0,5.176149732573829,3.8501476017100584,3.091042453358316,2022-04-01,2022,4,27,2.25,0.0,1.0,0.0,0.0,1.0,0.0
303,Taliban,2022-05,204.0,204.0,136.0,79.0,53.0,83.0,9.0,94.0,18.0,0.6666666666666666,0.3872549019607843,0.25980392156862747,0.4068627450980392,0.04411764705882353,0.46078431372549017,0.08823529411764706,5.3230099791384085,176.0,58.0,5.176149732573829,147.0,4.997212273764115,4.59511985013459,3.8501476017100584,2022-05-01,2022,5,28,2.3333333333333335,0.0,1.0,0.0,0.0,1.0,0.0
303,Taliban,2022-06,224.0,224.0,155.0,111.0,80.0,98.0,31.0,68.0,27.0,0.6919642857142857,0.4955357142857143,0.35714285714285715,0.4375,0.13839285714285715,0.30357142857142855,0.12053571428571429,5.41610040220442,147.0,51.0,4.997212273764115,85.0,4.454347296253507,5.176149732573829,4.59511985013459,2022-06-01,2022,6,29,2.4166666666666665,0.0,1.0,0.0,0.0,1.0,0.0
303,Taliban,2022-07,157.0,157.0,97.0,68.0,53.0,47.0,28.0,59.0,23.0,0.6178343949044586,0.43312101910828027,0.3375796178343949,0.29936305732484075,0.17834394904458598,0.37579617834394907,0.1464968152866242,5.062595033026967,85.0,38.0,4.454347296253507,55.0,4.02535169073515,4.997212273764115,5.176149732573829,2022-07-01,2022,7,30,2.5,0.0,1.0,0.0,0.0,1.0,0.0
303,Taliban,2022-08,504.0,504.0,363.0,263.0,218.0,209.0,59.0,199.0,37.0,0.7202380952380952,0.5218253968253969,0.43253968253968256,0.4146825396825397,0.11706349206349206,0.3948412698412698,0.07341269841269842,6.22455842927536,55.0,35.0,4.02535169073515,233.0,5.455321115357702,4.454347296253507,4.997212273764115,2022-08-01,2022,8,31,2.5833333333333335,0.0,1.0,0.0,0.0,1.0,0.0
303,Taliban,2022-09,279.0,279.0,208.0,162.0,134.0,128.0,41.0,76.0,34.0,0.7455197132616488,0.5806451612903226,0.48028673835125446,0.45878136200716846,0.14695340501792115,0.2724014336917563,0.12186379928315412,5.634789603169249,233.0,56.0,5.455321115357702,117.0,4.770684624465665,4.02535169073515,4.454347296253507,2022-09-01,2022,9,32,2.6666666666666665,0.0,1.0,0.0,0.0,1.0,0.0
303,Taliban,2022-10,201.0,201.0,158.0,113.0,100.0,88.0,28.0,66.0,19.0,0.7860696517412935,0.5621890547263682,0.4975124378109453,0.43781094527363185,0.13930348258706468,0.3283582089552239,0.0945273631840796,5.308267697401205,117.0,41.0,4.770684624465665,28.0,3.367295829986474,5.455321115357702,4.02535169073515,2022-10-01,2022,10,33,2.75,0.0,1.0,0.0,0.0,1.0,0.0
303,Taliban,2022-11,155.0,155.0,103.0,68.0,60.0,52.0,22.0,65.0,16.0,0.6645161290322581,0.43870967741935485,0.3870967741935484,0.33548387096774196,0.14193548387096774,0.41935483870967744,0.1032258064516129,5.049856007249537,28.0,18.0,3.367295829986474,111.0,4.718498871295094,4.770684624465665,5.455321115357702,2022-11-01,2022,11,34,2.8333333333333335,0.0,1.0,0.0,0.0,1.0,0.0
303,Taliban,2022-12,280.0,280.0,224.0,150.0,127.0,119.0,21.0,116.0,24.0,0.8,0.5357142857142857,0.45357142857142857,0.425,0.075,0.4142857142857143,0.08571428571428572,5.638354669333745,111.0,25.0,4.718498871295094,59.0,4.0943445622221,3.367295829986474,4.770684624465665,2022-12-01,2022,12,35,2.9166666666666665,0.0,1.0,0.0,0.0,1.0,0.0
303,Taliban,2023-01,518.0,518.0,248.0,126.0,112.0,115.0,29.0,265.0,109.0,0.47876447876447875,0.24324324324324326,0.21621621621621623,0.222007722007722,0.055984555984555984,0.5115830115830116,0.21042471042471042,6.251903883165888,59.0,23.0,4.0943445622221,14.0,2.70805020110221,4.718498871295094,3.367295829986474,2023-01-01,2023,1,36,3.0,0.0,1.0,0.0,0.0,1.0,0.0
303,Taliban,2023-02,197.0,197.0,137.0,89.0,73.0,80.0,7.0,91.0,19.0,0.6954314720812182,0.4517766497461929,0.37055837563451777,0.40609137055837563,0.03553299492385787,0.4619289340101523,0.09644670050761421,5.288267030694535,14.0,14.0,2.70805020110221,44.0,3.8066624897703196,4.0943445622221,4.718498871295094,2023-02-01,2023,2,37,3.0833333333333335,0.0,1.0,0.0,0.0,1.0,0.0
303,Taliban,2023-03,247.0,247.0,168.0,118.0,105.0,107.0,12.0,97.0,31.0,0.680161943319838,0.4777327935222672,0.4251012145748988,0.4331983805668016,0.048582995951417005,0.39271255060728744,0.12550607287449392,5.5134287461649825,44.0,21.0,3.8066624897703196,52.0,3.970291913552122,2.70805020110221,4.0943445622221,2023-03-01,2023,3,38,3.1666666666666665,0.0,1.0,0.0,0.0,1.0,0.0
303,Taliban,2023-04,358.0,358.0,266.0,165.0,139.0,139.0,15.0,165.0,39.0,0.7430167597765364,0.46089385474860334,0.388268156424581,0.388268156424581,0.04189944134078212,0.46089385474860334,0.10893854748603352,5.883322388488279,52.0,14.0,3.970291913552122,16.0,2.833213344056216,3.8066624897703196,2.70805020110221,2023-04-01,2023,4,39,3.25,0.0,1.0,0.0,0.0,1.0,0.0
303,Taliban,2023-05,289.0,289.0,197.0,145.0,122.0,129.0,20.0,102.0,38.0,0.6816608996539792,0.5017301038062284,0.42214532871972316,0.4463667820069204,0.06920415224913495,0.35294117647058826,0.1314878892733564,5.66988092298052,16.0,15.0,2.833213344056216,45.0,3.828641396489095,3.970291913552122,3.8066624897703196,2023-05-01,2023,5,40,3.3333333333333335,0.0,1.0,0.0,0.0,1.0,0.0
303,Taliban,2023-06,222.0,222.0,131.0,94.0,88.0,70.0,33.0,95.0,24.0,0.5900900900900901,0.42342342342342343,0.3963963963963964,0.3153153153153153,0.14864864864864866,0.42792792792792794,0.10810810810810811,5.407171771460119,45.0,14.0,3.828641396489095,15.0,2.772588722239781,2.833213344056216,3.970291913552122,2023-06-01,2023,6,41,3.4166666666666665,0.0,1.0,0.0,0.0,1.0,0.0
303,Taliban,2023-07,204.0,204.0,105.0,59.0,52.0,47.0,22.0,101.0,34.0,0.5147058823529411,0.28921568627450983,0.2549019607843137,0.23039215686274508,0.10784313725490197,0.4950980392156863,0.16666666666666666,5.3230099791384085,15.0,12.0,2.772588722239781,21.0,3.091042453358316,3.828641396489095,2.833213344056216,2023-07-01,2023,7,42,3.5,0.0,1.0,0.0,0.0,1.0,0.0
303,Taliban,2023-08,243.0,243.0,127.0,66.0,60.0,53.0,29.0,134.0,27.0,0.522633744855967,0.2716049382716049,0.24691358024691357,0.21810699588477367,0.11934156378600823,0.551440329218107,0.1111111111111111,5.497168225293202,21.0,19.0,3.091042453358316,13.0,2.6390573296152584,2.772588722239781,3.828641396489095,2023-08-01,2023,8,43,3.5833333333333335,0.0,1.0,0.0,0.0,1.0,0.0
303,Taliban,2023-09,204.0,204.0,133.0,79.0,58.0,63.0,23.0,92.0,26.0,0.6519607843137255,0.3872549019607843,0.28431372549019607,0.3088235294117647,0.11274509803921569,0.45098039215686275,0.12745098039215685,5.3230099791384085,13.0,12.0,2.6390573296152584,11.0,2.4849066497880004,3.091042453358316,2.772588722239781,2023-09-01,2023,9,44,3.6666666666666665,0.0,1.0,0.0,0.0,1.0,0.0
303,Taliban,2023-10,143.0,143.0,66.0,31.0,27.0,22.0,25.0,66.0,30.0,0.46153846153846156,0.21678321678321677,0.1888111888111888,0.15384615384615385,0.17482517482517482,0.46153846153846156,0.2097902097902098,4.969813299576001,11.0,15.0,2.4849066497880004,8.0,2.1972245773362196,2.6390573296152584,3.091042453358316,2023-10-01,2023,10,45,3.75,0.0,1.0,0.0,0.0,1.0,0.0
303,Taliban,2023-11,1.0,1.0,0.0,0.0,0.0,0.0,0.0,0.0,1.0,0.0,0.0,0.0,0.0,0.0,0.0,1.0,0.6931471805599453,8.0,14.0,2.1972245773362196,3.0,1.3862943611198906,2.4849066497880004,2.6390573296152584,2023-11-01,2023,11,46,3.8333333333333335,0.0,1.0,0.0,0.0,1.0,0.0
303,Taliban,2023-12,114.0,114.0,64.0,34.0,27.0,25.0,9.0,67.0,13.0,0.5614035087719298,0.2982456140350877,0.23684210526315788,0.21929824561403508,0.07894736842105263,0.5877192982456141,0.11403508771929824,4.74493212836325,3.0,12.0,1.3862943611198906,11.0,2.4849066497880004,2.1972245773362196,2.4849066497880004,2023-12-01,2023,12,47,3.9166666666666665,0.0,1.0,0.0,0.0,1.0,0.0
303,Taliban,2024-01,104.0,104.0,62.0,31.0,26.0,27.0,6.0,60.0,11.0,0.5961538461538461,0.2980769230769231,0.25,0.25961538461538464,0.057692307692307696,0.5769230769230769,0.10576923076923077,4.653960350157523,11.0,20.0,2.4849066497880004,1.0,0.6931471805599453,1.3862943611198906,2.1972245773362196,2024-01-01,2024,1,48,4.0,0.0,1.0,0.0,0.0,1.0,0.0
303,Taliban,2024-02,120.0,120.0,58.0,25.0,22.0,17.0,11.0,74.0,18.0,0.48333333333333334,0.20833333333333334,0.18333333333333332,0.14166666666666666,0.09166666666666666,0.6166666666666667,0.15,4.795790545596741,1.0,13.0,0.6931471805599453,46.0,3.8501476017100584,2.4849066497880004,1.3862943611198906,2024-02-01,2024,2,49,4.083333333333333,0.0,1.0,0.0,0.0,1.0,0.0
303,Taliban,2024-03,244.0,244.0,167.0,112.0,107.0,117.0,7.0,102.0,18.0,0.6844262295081968,0.45901639344262296,0.4385245901639344,0.47950819672131145,0.028688524590163935,0.4180327868852459,0.07377049180327869,5.501258210544727,46.0,27.0,3.8501476017100584,7.0,2.0794415416798357,0.6931471805599453,2.4849066497880004,2024-03-01,2024,3,50,4.166666666666667,0.0,1.0,0.0,0.0,1.0,0.0
303,Taliban,2024-04,132.0,132.0,75.0,35.0,24.0,26.0,10.0,79.0,17.0,0.5681818181818182,0.26515151515151514,0.18181818181818182,0.19696969696969696,0.07575757575757576,0.5984848484848485,0.12878787878787878,4.890349128221754,7.0,13.0,2.0794415416798357,37.0,3.6375861597263857,3.8501476017100584,0.6931471805599453,2024-04-01,2024,4,51,4.25,0.0,1.0,0.0,0.0,1.0,0.0
303,Taliban,2024-05,179.0,179.0,128.0,114.0,102.0,91.0,21.0,40.0,27.0,0.7150837988826816,0.6368715083798883,0.5698324022346368,0.5083798882681564,0.11731843575418995,0.22346368715083798,0.15083798882681565,5.19295685089021,37.0,21.0,3.6375861597263857,7.0,2.0794415416798357,2.0794415416798357,3.8501476017100584,2024-05-01,2024,5,52,4.333333333333333,0.0,1.0,0.0,0.0,1.0,0.0
303,Taliban,2024-06,93.0,93.0,50.0,24.0,17.0,14.0,12.0,56.0,11.0,0.5376344086021505,0.25806451612903225,0.1827956989247312,0.15053763440860216,0.12903225806451613,0.6021505376344086,0.11827956989247312,4.543294782270004,7.0,8.0,2.0794415416798357,11.0,2.4849066497880004,3.6375861597263857,2.0794415416798357,2024-06-01,2024,6,53,4.416666666666667,0.0,1.0,0.0,0.0,1.0,0.0
303,Taliban,2024-07,96.0,96.0,49.0,20.0,19.0,11.0,8.0,51.0,26.0,0.5104166666666666,0.20833333333333334,0.19791666666666666,0.11458333333333333,0.08333333333333333,0.53125,0.2708333333333333,4.574710978503383,11.0,21.0,2.4849066497880004,17.0,2.8903717578961645,2.0794415416798357,3.6375861597263857,2024-07-01,2024,7,54,4.5,0.0,1.0,0.0,0.0,1.0,0.0
303,Taliban,2024-08,137.0,137.0,84.0,40.0,35.0,31.0,16.0,79.0,11.0,0.6131386861313869,0.291970802919708,0.25547445255474455,0.22627737226277372,0.11678832116788321,0.5766423357664233,0.08029197080291971,4.927253685157205,17.0,19.0,2.8903717578961645,35.0,3.58351893845611,2.4849066497880004,2.0794415416798357,2024-08-01,2024,8,55,4.583333333333333,0.0,1.0,0.0,0.0,1.0,0.0
303,Taliban,2024-09,170.0,170.0,120.0,79.0,72.0,78.0,7.0,76.0,9.0,0.7058823529411765,0.4647058823529412,0.4235294117647059,0.4588235294117647,0.041176470588235294,0.4470588235294118,0.052941176470588235,5.14166355650266,35.0,26.0,3.58351893845611,14.0,2.70805020110221,2.8903717578961645,2.4849066497880004,2024-09-01,2024,9,56,4.666666666666667,0.0,1.0,0.0,0.0,1.0,0.0
303,Taliban,2024-10,115.0,115.0,83.0,52.0,44.0,46.0,9.0,52.0,8.0,0.7217391304347827,0.45217391304347826,0.3826086956521739,0.4,0.0782608695652174,0.45217391304347826,0.06956521739130435,4.7535901911063645,14.0,19.0,2.70805020110221,8.0,2.1972245773362196,3.58351893845611,2.8903717578961645,2024-10-01,2024,10,57,4.75,0.0,1.0,0.0,0.0,1.0,0.0
303,Taliban,2024-11,82.0,82.0,48.0,28.0,21.0,20.0,12.0,42.0,8.0,0.5853658536585366,0.34146341463414637,0.25609756097560976,0.24390243902439024,0.14634146341463414,0.5121951219512195,0.0975609756097561,4.418840607796598,8.0,16.0,2.1972245773362196,44.0,3.8066624897703196,2.70805020110221,3.58351893845611,2024-11-01,2024,11,58,4.833333333333333,0.0,1.0,0.0,0.0,1.0,0.0
303,Taliban,2024-12,296.0,296.0,250.0,211.0,199.0,202.0,11.0,67.0,16.0,0.8445945945945946,0.7128378378378378,0.6722972972972973,0.6824324324324325,0.037162162162162164,0.22635135135135134,0.05405405405405406,5.6937321388027,44.0,24.0,3.8066624897703196,14.0,2.70805020110221,2.1972245773362196,2.70805020110221,2024-12-01,2024,12,59,4.916666666666667,0.0,1.0,0.0,0.0,1.0,0.0
303,Taliban,2025-01,160.0,160.0,107.0,57.0,45.0,48.0,9.0,94.0,9.0,0.66875,0.35625,0.28125,0.3,0.05625,0.5875,0.05625,5.081404364984463,14.0,21.0,2.70805020110221,33.0,3.5263605246161616,3.8066624897703196,2.1972245773362196,2025-01-01,2025,1,60,5.0,0.0,1.0,0.0,0.0,1.0,0.0
303,Taliban,2025-02,133.0,133.0,107.0,62.0,56.0,60.0,7.0,54.0,12.0,0.8045112781954887,0.46616541353383456,0.42105263157894735,0.45112781954887216,0.05263157894736842,0.40601503759398494,0.09022556390977443,4.897839799950911,33.0,22.0,3.5263605246161616,1.0,0.6931471805599453,2.70805020110221,3.8066624897703196,2025-02-01,2025,2,61,5.083333333333333,0.0,1.0,0.0,0.0,1.0,0.0
303,Taliban,2025-03,167.0,167.0,130.0,69.0,62.0,65.0,12.0,82.0,8.0,0.7784431137724551,0.41317365269461076,0.3712574850299401,0.38922155688622756,0.0718562874251497,0.49101796407185627,0.04790419161676647,5.123963979403259,1.0,12.0,0.6931471805599453,0.0,0.0,3.5263605246161616,2.70805020110221,2025-03-01,2025,3,62,5.166666666666667,0.0,1.0,0.0,0.0,1.0,0.0
303,Taliban,2025-04,85.0,85.0,55.0,21.0,18.0,18.0,9.0,50.0,8.0,0.6470588235294118,0.24705882352941178,0.21176470588235294,0.21176470588235294,0.10588235294117647,0.5882352941176471,0.09411764705882353,4.454347296253507,0.0,12.0,0.0,18.0,2.9444389791664403,0.6931471805599453,3.5263605246161616,2025-04-01,2025,4,63,5.25,0.0,1.0,0.0,0.0,1.0,0.0
303,Taliban,2025-05,89.0,89.0,53.0,32.0,30.0,27.0,11.0,39.0,12.0,0.5955056179775281,0.3595505617977528,0.33707865168539325,0.30337078651685395,0.12359550561797752,0.43820224719101125,0.1348314606741573,4.499809670330265,18.0,8.0,2.9444389791664403,23.0,3.1780538303479458,0.0,0.6931471805599453,2025-05-01,2025,5,64,5.333333333333333,0.0,1.0,0.0,0.0,1.0,0.0
303,Taliban,2025-06,33.0,33.0,19.0,10.0,7.0,10.0,3.0,17.0,3.0,0.5757575757575758,0.30303030303030304,0.21212121212121213,0.30303030303030304,0.09090909090909091,0.5151515151515151,0.09090909090909091,3.5263605246161616,23.0,13.0,3.1780538303479458,12.0,2.5649493574615367,2.9444389791664403,0.0,2025-06-01,2025,6,65,5.416666666666667,0.0,1.0,0.0,0.0,1.0,0.0
303,Taliban,2025-07,120.0,120.0,80.0,38.0,32.0,29.0,11.0,69.0,11.0,0.6666666666666666,0.31666666666666665,0.26666666666666666,0.24166666666666667,0.09166666666666666,0.575,0.09166666666666666,4.795790545596741,12.0,10.0,2.5649493574615367,13.0,2.6390573296152584,3.1780538303479458,2.9444389791664403,2025-07-01,2025,7,66,5.5,0.0,1.0,0.0,0.0,1.0,0.0
303,Taliban,2025-08,107.0,107.0,58.0,23.0,19.0,23.0,3.0,68.0,13.0,0.5420560747663551,0.21495327102803738,0.17757009345794392,0.21495327102803738,0.028037383177570093,0.6355140186915887,0.12149532710280374,4.68213122712422,13.0,16.0,2.6390573296152584,11.0,2.4849066497880004,2.5649493574615367,3.1780538303479458,2025-08-01,2025,8,67,5.583333333333333,0.0,1.0,0.0,0.0,1.0,0.0
303,Taliban,2025-09,178.0,178.0,128.0,64.0,62.0,57.0,16.0,80.0,25.0,0.7191011235955056,0.3595505617977528,0.34831460674157305,0.3202247191011236,0.0898876404494382,0.449438202247191,0.1404494382022472,5.187385805840755,11.0,6.0,2.4849066497880004,131.0,4.882801922586371,2.6390573296152584,2.5649493574615367,2025-09-01,2025,9,68,5.666666666666667,0.0,1.0,0.0,0.0,1.0,0.0
303,Taliban,2025-10,756.0,756.0,672.0,466.0,400.0,436.0,13.0,291.0,16.0,0.8888888888888888,0.6164021164021164,0.5291005291005291,0.5767195767195767,0.017195767195767195,0.38492063492063494,0.021164021164021163,6.6293632534374485,131.0,14.0,4.882801922586371,21.0,3.091042453358316,2.4849066497880004,2.6390573296152584,2025-10-01,2025,10,69,5.75,0.0,1.0,0.0,0.0,1.0,0.0
303,Taliban,2025-11,259.0,259.0,214.0,132.0,110.0,122.0,8.0,117.0,12.0,0.8262548262548263,0.5096525096525096,0.4247104247104247,0.47104247104247104,0.03088803088803089,0.4517374517374517,0.04633204633204633,5.560681631015528,21.0,7.0,3.091042453358316,11.0,2.4849066497880004,4.882801922586371,2.4849066497880004,2025-11-01,2025,11,70,5.833333333333333,0.0,1.0,0.0,0.0,1.0,0.0
303,Taliban,2025-12,168.0,168.0,137.0,89.0,77.0,80.0,12.0,68.0,8.0,0.8154761904761905,0.5297619047619048,0.4583333333333333,0.47619047619047616,0.07142857142857142,0.40476190476190477,0.047619047619047616,5.1298987149230735,11.0,7.0,2.4849066497880004,,,3.091042453358316,4.882801922586371,2025-12-01,2025,12,71,5.916666666666667,0.0,1.0,0.0,0.0,1.0,0.0
group:farc_bloc,FARC family,2020-01,64.0,64.0,49.0,34.0,30.0,22.0,6.0,28.0,8.0,0.765625,0.53125,0.46875,0.34375,0.09375,0.4375,0.125,4.174387269895637,9.0,6.0,2.302585092994046,9.0,2.302585092994046,,,2020-01-01,2020,1,0,0.0,0.0,0.0,0.0,0.0,0.0,0.0
group:farc_bloc,FARC family,2020-02,32.0,32.0,26.0,9.0,9.0,6.0,2.0,17.0,7.0,0.8125,0.28125,0.28125,0.1875,0.0625,0.53125,0.21875,3.4965075614664802,9.0,4.0,2.302585092994046,0.0,0.0,2.302585092994046,,2020-02-01,2020,2,1,0.08333333333333333,0.0,0.0,0.0,0.0,0.0,0.0
group:farc_bloc,FARC family,2020-03,35.0,35.0,23.0,12.0,13.0,4.0,8.0,18.0,5.0,0.6571428571428571,0.34285714285714286,0.37142857142857144,0.11428571428571428,0.22857142857142856,0.5142857142857142,0.14285714285714285,3.58351893845611,0.0,0.0,0.0,14.0,2.70805020110221,2.302585092994046,2.302585092994046,2020-03-01,2020,3,2,0.16666666666666666,0.0,0.0,0.0,0.0,0.0,0.0
group:farc_bloc,FARC family,2020-04,27.0,27.0,20.0,17.0,17.0,12.0,6.0,4.0,5.0,0.7407407407407407,0.6296296296296297,0.6296296296296297,0.4444444444444444,0.2222222222222222,0.14814814814814814,0.18518518518518517,3.332204510175204,14.0,6.0,2.70805020110221,6.0,1.9459101490553132,0.0,2.302585092994046,2020-04-01,2020,4,3,0.25,0.0,0.0,0.0,0.0,0.0,0.0
group:farc_bloc,FARC family,2020-05,28.0,28.0,19.0,15.0,12.0,8.0,5.0,11.0,4.0,0.6785714285714286,0.5357142857142857,0.42857142857142855,0.2857142857142857,0.17857142857142858,0.39285714285714285,0.14285714285714285,3.367295829986474,6.0,4.0,1.9459101490553132,7.0,2.0794415416798357,2.70805020110221,0.0,2020-05-01,2020,5,4,0.3333333333333333,0.0,0.0,0.0,0.0,0.0,0.0
group:farc_bloc,FARC family,2020-06,34.0,34.0,26.0,15.0,13.0,9.0,4.0,17.0,4.0,0.7647058823529411,0.4411764705882353,0.38235294117647056,0.2647058823529412,0.11764705882352941,0.5,0.11764705882352941,3.5553480614894135,7.0,2.0,2.0794415416798357,8.0,2.1972245773362196,1.9459101490553132,2.70805020110221,2020-06-01,2020,6,5,0.4166666666666667,0.0,0.0,0.0,0.0,0.0,0.0
group:farc_bloc,FARC family,2020-07,38.0,38.0,28.0,12.0,13.0,12.0,3.0,20.0,3.0,0.7368421052631579,0.3157894736842105,0.34210526315789475,0.3157894736842105,0.07894736842105263,0.5263157894736842,0.07894736842105263,3.6635616461296463,8.0,6.0,2.1972245773362196,16.0,2.833213344056216,2.0794415416798357,1.9459101490553132,2020-07-01,2020,7,6,0.5,0.0,0.0,0.0,0.0,0.0,0.0
group:farc_bloc,FARC family,2020-08,59.0,59.0,35.0,25.0,22.0,19.0,7.0,26.0,7.0,0.5932203389830508,0.423728813559322,0.3728813559322034,0.3220338983050847,0.11864406779661017,0.4406779661016949,0.11864406779661017,4.0943445622221,16.0,4.0,2.833213344056216,12.0,2.5649493574615367,2.1972245773362196,2.0794415416798357,2020-08-01,2020,8,7,0.5833333333333334,0.0,0.0,0.0,0.0,0.0,0.0
group:farc_bloc,FARC family,2020-09,44.0,44.0,26.0,21.0,21.0,20.0,4.0,15.0,5.0,0.5909090909090909,0.4772727272727273,0.4772727272727273,0.45454545454545453,0.09090909090909091,0.3409090909090909,0.11363636363636363,3.8066624897703196,12.0,9.0,2.5649493574615367,5.0,1.791759469228055,2.833213344056216,2.1972245773362196,2020-09-01,2020,9,8,0.6666666666666666,0.0,0.0,0.0,0.0,0.0,0.0
group:farc_bloc,FARC family,2020-10,59.0,59.0,35.0,11.0,12.0,7.0,2.0,43.0,7.0,0.5932203389830508,0.1864406779661017,0.2033898305084746,0.11864406779661017,0.03389830508474576,0.7288135593220338,0.11864406779661017,4.0943445622221,5.0,4.0,1.791759469228055,4.0,1.6094379124341003,2.5649493574615367,2.833213344056216,2020-10-01,2020,10,9,0.75,0.0,0.0,0.0,0.0,0.0,0.0
group:farc_bloc,FARC family,2020-11,39.0,39.0,29.0,17.0,17.0,14.0,0.0,25.0,0.0,0.7435897435897436,0.4358974358974359,0.4358974358974359,0.358974358974359,0.0,0.6410256410256411,0.0,3.6888794541139363,4.0,4.0,1.6094379124341003,2.0,1.0986122886681098,1.791759469228055,2.5649493574615367,2020-11-01,2020,11,10,0.8333333333333334,0.0,0.0,0.0,0.0,0.0,0.0
group:farc_bloc,FARC family,2020-12,36.0,36.0,27.0,15.0,16.0,7.0,5.0,24.0,0.0,0.75,0.4166666666666667,0.4444444444444444,0.19444444444444445,0.1388888888888889,0.6666666666666666,0.0,3.6109179126442243,2.0,2.0,1.0986122886681098,8.0,2.1972245773362196,1.6094379124341003,1.791759469228055,2020-12-01,2020,12,11,0.9166666666666666,0.0,0.0,0.0,0.0,0.0,0.0
group:farc_bloc,FARC family,2021-01,37.0,37.0,29.0,24.0,23.0,15.0,9.0,8.0,5.0,0.7837837837837838,0.6486486486486487,0.6216216216216216,0.40540540540540543,0.24324324324324326,0.21621621621621623,0.13513513513513514,3.6375861597263857,8.0,4.0,2.1972245773362196,7.0,2.0794415416798357,1.0986122886681098,1.6094379124341003,2021-01-01,2021,1,12,1.0,0.0,0.0,0.0,0.0,0.0,0.0
group:farc_bloc,FARC family,2021-02,45.0,45.0,32.0,14.0,14.0,12.0,2.0,29.0,2.0,0.7111111111111111,0.3111111111111111,0.3111111111111111,0.26666666666666666,0.044444444444444446,0.6444444444444445,0.044444444444444446,3.828641396489095,7.0,4.0,2.0794415416798357,28.0,3.367295829986474,2.1972245773362196,1.0986122886681098,2021-02-01,2021,2,13,1.0833333333333333,0.0,0.0,0.0,0.0,0.0,0.0
group:farc_bloc,FARC family,2021-03,81.0,81.0,65.0,50.0,29.0,47.0,6.0,24.0,4.0,0.8024691358024691,0.6172839506172839,0.35802469135802467,0.5802469135802469,0.07407407407407407,0.2962962962962963,0.04938271604938271,4.406719247264253,28.0,8.0,3.367295829986474,26.0,3.295836866004329,2.0794415416798357,2.1972245773362196,2021-03-01,2021,3,14,1.1666666666666667,0.0,0.0,0.0,0.0,0.0,0.0
group:farc_bloc,FARC family,2021-04,62.0,62.0,51.0,31.0,23.0,28.0,6.0,23.0,5.0,0.8225806451612904,0.5,0.3709677419354839,0.45161290322580644,0.0967741935483871,0.3709677419354839,0.08064516129032258,4.143134726391533,26.0,8.0,3.295836866004329,1.0,0.6931471805599453,3.367295829986474,2.0794415416798357,2021-04-01,2021,4,15,1.25,0.0,0.0,0.0,0.0,0.0,0.0
group:farc_bloc,FARC family,2021-05,57.0,57.0,49.0,41.0,32.0,36.0,0.0,14.0,7.0,0.8596491228070176,0.7192982456140351,0.5614035087719298,0.631578947368421,0.0,0.24561403508771928,0.12280701754385964,4.060443010546419,1.0,1.0,0.6931471805599453,17.0,2.8903717578961645,3.295836866004329,3.367295829986474,2021-05-01,2021,5,16,1.3333333333333333,0.0,0.0,0.0,0.0,0.0,0.0
group:farc_bloc,FARC family,2021-06,27.0,27.0,19.0,18.0,13.0,13.0,8.0,4.0,2.0,0.7037037037037037,0.6666666666666666,0.48148148148148145,0.48148148148148145,0.2962962962962963,0.14814814814814814,0.07407407407407407,3.332204510175204,17.0,4.0,2.8903717578961645,19.0,2.995732273553991,0.6931471805599453,3.295836866004329,2021-06-01,2021,6,17,1.4166666666666667,0.0,0.0,0.0,0.0,0.0,0.0
group:farc_bloc,FARC family,2021-07,39.0,39.0,31.0,25.0,14.0,21.0,2.0,10.0,6.0,0.7948717948717948,0.6410256410256411,0.358974358974359,0.5384615384615384,0.05128205128205128,0.2564102564102564,0.15384615384615385,3.6888794541139363,19.0,4.0,2.995732273553991,9.0,2.302585092994046,2.8903717578961645,0.6931471805599453,2021-07-01,2021,7,18,1.5,0.0,0.0,0.0,0.0,0.0,0.0
group:farc_bloc,FARC family,2021-08,2.0,2.0,2.0,2.0,1.0,2.0,0.0,0.0,0.0,1.0,1.0,0.5,1.0,0.0,0.0,0.0,1.0986122886681098,9.0,5.0,2.302585092994046,30.0,3.4339872044851463,2.995732273553991,2.8903717578961645,2021-08-01,2021,8,19,1.5833333333333333,0.0,0.0,0.0,0.0,0.0,0.0
group:farc_bloc,FARC family,2021-09,39.0,39.0,31.0,24.0,17.0,21.0,5.0,11.0,2.0,0.7948717948717948,0.6153846153846154,0.4358974358974359,0.5384615384615384,0.1282051282051282,0.28205128205128205,0.05128205128205128,3.6888794541139363,30.0,7.0,3.4339872044851463,24.0,3.2188758248682006,2.302585092994046,2.995732273553991,2021-09-01,2021,9,20,1.6666666666666667,0.0,0.0,0.0,0.0,0.0,0.0
group:farc_bloc,FARC family,2021-10,40.0,40.0,32.0,25.0,23.0,16.0,8.0,14.0,2.0,0.8,0.625,0.575,0.4,0.2,0.35,0.05,3.713572066704308,24.0,11.0,3.2188758248682006,0.0,0.0,3.4339872044851463,2.302585092994046,2021-10-01,2021,10,21,1.75,0.0,0.0,0.0,0.0,0.0,0.0
group:farc_bloc,FARC family,2021-11,21.0,21.0,16.0,10.0,10.0,6.0,3.0,12.0,0.0,0.7619047619047619,0.47619047619047616,0.47619047619047616,0.2857142857142857,0.14285714285714285,0.5714285714285714,0.0,3.091042453358316,0.0,4.0,0.0,7.0,2.0794415416798357,3.2188758248682006,3.4339872044851463,2021-11-01,2021,11,22,1.8333333333333333,0.0,0.0,0.0,0.0,0.0,0.0
group:farc_bloc,FARC family,2021-12,52.0,52.0,45.0,36.0,28.0,33.0,3.0,13.0,3.0,0.8653846153846154,0.6923076923076923,0.5384615384615384,0.6346153846153846,0.057692307692307696,0.25,0.057692307692307696,3.970291913552122,7.0,3.0,2.0794415416798357,53.0,3.9889840465642745,0.0,3.2188758248682006,2021-12-01,2021,12,23,1.9166666666666667,0.0,0.0,0.0,0.0,0.0,0.0
group:farc_bloc,FARC family,2022-01,69.0,69.0,62.0,53.0,45.0,48.0,6.0,13.0,2.0,0.8985507246376812,0.7681159420289855,0.6521739130434783,0.6956521739130435,0.08695652173913043,0.18840579710144928,0.028985507246376812,4.248495242049359,53.0,20.0,3.9889840465642745,36.0,3.6109179126442243,2.0794415416798357,0.0,2022-01-01,2022,1,24,2.0,0.0,0.0,0.0,0.0,0.0,0.0
group:farc_bloc,FARC family,2022-02,48.0,48.0,43.0,24.0,22.0,23.0,0.0,21.0,4.0,0.8958333333333334,0.5,0.4583333333333333,0.4791666666666667,0.0,0.4375,0.08333333333333333,3.8918202981106265,36.0,8.0,3.6109179126442243,26.0,3.295836866004329,3.9889840465642745,2.0794415416798357,2022-02-01,2022,2,25,2.0833333333333335,0.0,0.0,0.0,0.0,0.0,0.0
group:farc_bloc,FARC family,2022-03,32.0,32.0,27.0,19.0,19.0,17.0,1.0,12.0,2.0,0.84375,0.59375,0.59375,0.53125,0.03125,0.375,0.0625,3.4965075614664802,26.0,10.0,3.295836866004329,13.0,2.6390573296152584,3.6109179126442243,3.9889840465642745,2022-03-01,2022,3,26,2.1666666666666665,0.0,0.0,0.0,0.0,0.0,0.0
group:farc_bloc,FARC family,2022-04,26.0,26.0,16.0,12.0,10.0,9.0,4.0,10.0,3.0,0.6153846153846154,0.46153846153846156,0.38461538461538464,0.34615384615384615,0.15384615384615385,0.38461538461538464,0.11538461538461539,3.295836866004329,13.0,5.0,2.6390573296152584,10.0,2.3978952727983707,3.295836866004329,3.6109179126442243,2022-04-01,2022,4,27,2.25,0.0,0.0,0.0,0.0,0.0,0.0
group:farc_bloc,FARC family,2022-05,31.0,31.0,24.0,18.0,16.0,18.0,2.0,10.0,1.0,0.7741935483870968,0.5806451612903226,0.5161290322580645,0.5806451612903226,0.06451612903225806,0.3225806451612903,0.03225806451612903,3.4657359027997265,10.0,5.0,2.3978952727983707,9.0,2.302585092994046,2.6390573296152584,3.295836866004329,2022-05-01,2022,5,28,2.3333333333333335,0.0,0.0,0.0,0.0,0.0,0.0
group:farc_bloc,FARC family,2022-06,28.0,28.0,19.0,14.0,13.0,13.0,2.0,12.0,1.0,0.6785714285714286,0.5,0.4642857142857143,0.4642857142857143,0.07142857142857142,0.42857142857142855,0.03571428571428571,3.367295829986474,9.0,10.0,2.302585092994046,21.0,3.091042453358316,2.3978952727983707,2.6390573296152584,2022-06-01,2022,6,29,2.4166666666666665,0.0,0.0,0.0,0.0,0.0,0.0
group:farc_bloc,FARC family,2022-07,44.0,44.0,37.0,26.0,20.0,23.0,1.0,19.0,1.0,0.8409090909090909,0.5909090909090909,0.45454545454545453,0.5227272727272727,0.022727272727272728,0.4318181818181818,0.022727272727272728,3.8066624897703196,21.0,7.0,3.091042453358316,11.0,2.4849066497880004,2.302585092994046,2.3978952727983707,2022-07-01,2022,7,30,2.5,0.0,0.0,0.0,0.0,0.0,0.0
group:farc_bloc,FARC family,2022-08,33.0,33.0,25.0,13.0,12.0,5.0,6.0,19.0,3.0,0.7575757575757576,0.3939393939393939,0.36363636363636365,0.15151515151515152,0.18181818181818182,0.5757575757575758,0.09090909090909091,3.5263605246161616,11.0,6.0,2.4849066497880004,13.0,2.6390573296152584,3.091042453358316,2.302585092994046,2022-08-01,2022,8,31,2.5833333333333335,0.0,0.0,0.0,0.0,0.0,0.0
group:farc_bloc,FARC family,2022-09,11.0,11.0,10.0,8.0,8.0,7.0,0.0,4.0,0.0,0.9090909090909091,0.7272727272727273,0.7272727272727273,0.6363636363636364,0.0,0.36363636363636365,0.0,2.4849066497880004,13.0,7.0,2.6390573296152584,16.0,2.833213344056216,2.4849066497880004,3.091042453358316,2022-09-01,2022,9,32,2.6666666666666665,0.0,0.0,0.0,0.0,0.0,0.0
group:farc_bloc,FARC family,2022-10,7.0,7.0,6.0,4.0,3.0,3.0,1.0,2.0,1.0,0.8571428571428571,0.5714285714285714,0.42857142857142855,0.42857142857142855,0.14285714285714285,0.2857142857142857,0.14285714285714285,2.0794415416798357,16.0,7.0,2.833213344056216,7.0,2.0794415416798357,2.6390573296152584,2.4849066497880004,2022-10-01,2022,10,33,2.75,0.0,0.0,0.0,0.0,0.0,0.0
group:farc_bloc,FARC family,2022-11,21.0,21.0,18.0,15.0,13.0,14.0,0.0,6.0,1.0,0.8571428571428571,0.7142857142857143,0.6190476190476191,0.6666666666666666,0.0,0.2857142857142857,0.047619047619047616,3.091042453358316,7.0,2.0,2.0794415416798357,16.0,2.833213344056216,2.833213344056216,2.6390573296152584,2022-11-01,2022,11,34,2.8333333333333335,0.0,0.0,0.0,0.0,0.0,0.0
group:farc_bloc,FARC family,2022-12,38.0,38.0,29.0,25.0,21.0,26.0,0.0,6.0,6.0,0.7631578947368421,0.6578947368421053,0.5526315789473685,0.6842105263157895,0.0,0.15789473684210525,0.15789473684210525,3.6635616461296463,16.0,5.0,2.833213344056216,23.0,3.1780538303479458,2.0794415416798357,2.833213344056216,2022-12-01,2022,12,35,2.9166666666666665,0.0,0.0,0.0,0.0,0.0,0.0
group:farc_bloc,FARC family,2023-01,13.0,13.0,11.0,7.0,6.0,4.0,1.0,8.0,0.0,0.8461538461538461,0.5384615384615384,0.46153846153846156,0.3076923076923077,0.07692307692307693,0.6153846153846154,0.0,2.6390573296152584,23.0,15.0,3.1780538303479458,5.0,1.791759469228055,2.833213344056216,2.0794415416798357,2023-01-01,2023,1,36,3.0,0.0,0.0,0.0,0.0,0.0,0.0
group:farc_bloc,FARC family,2023-02,15.0,15.0,11.0,6.0,5.0,3.0,2.0,7.0,3.0,0.7333333333333333,0.4,0.3333333333333333,0.2,0.13333333333333333,0.4666666666666667,0.2,2.772588722239781,5.0,8.0,1.791759469228055,7.0,2.0794415416798357,3.1780538303479458,2.833213344056216,2023-02-01,2023,2,37,3.0833333333333335,0.0,0.0,0.0,0.0,0.0,0.0
group:farc_bloc,FARC family,2023-03,22.0,22.0,12.0,6.0,6.0,5.0,2.0,9.0,6.0,0.5454545454545454,0.2727272727272727,0.2727272727272727,0.22727272727272727,0.09090909090909091,0.4090909090909091,0.2727272727272727,3.1354942159291497,7.0,12.0,2.0794415416798357,8.0,2.1972245773362196,1.791759469228055,3.1780538303479458,2023-03-01,2023,3,38,3.1666666666666665,0.0,0.0,0.0,0.0,0.0,0.0
group:farc_bloc,FARC family,2023-04,20.0,20.0,14.0,7.0,4.0,4.0,2.0,12.0,2.0,0.7,0.35,0.2,0.2,0.1,0.6,0.1,3.044522437723423,8.0,7.0,2.1972245773362196,22.0,3.1354942159291497,2.0794415416798357,1.791759469228055,2023-04-01,2023,4,39,3.25,0.0,0.0,0.0,0.0,0.0,0.0
group:farc_bloc,FARC family,2023-05,57.0,57.0,49.0,30.0,29.0,7.0,17.0,29.0,4.0,0.8596491228070176,0.5263157894736842,0.5087719298245614,0.12280701754385964,0.2982456140350877,0.5087719298245614,0.07017543859649122,4.060443010546419,22.0,23.0,3.1354942159291497,21.0,3.091042453358316,2.1972245773362196,2.0794415416798357,2023-05-01,2023,5,40,3.3333333333333335,0.0,0.0,0.0,0.0,0.0,0.0
group:farc_bloc,FARC family,2023-06,17.0,17.0,12.0,2.0,1.0,1.0,2.0,13.0,1.0,0.7058823529411765,0.11764705882352941,0.058823529411764705,0.058823529411764705,0.11764705882352941,0.7647058823529411,0.058823529411764705,2.8903717578961645,21.0,21.0,3.091042453358316,9.0,2.302585092994046,3.1354942159291497,2.1972245773362196,2023-06-01,2023,6,41,3.4166666666666665,0.0,0.0,0.0,0.0,0.0,0.0
group:farc_bloc,FARC family,2023-07,62.0,62.0,50.0,38.0,32.0,34.0,3.0,21.0,4.0,0.8064516129032258,0.6129032258064516,0.5161290322580645,0.5483870967741935,0.04838709677419355,0.3387096774193548,0.06451612903225806,4.143134726391533,9.0,9.0,2.302585092994046,24.0,3.2188758248682006,3.091042453358316,3.1354942159291497,2023-07-01,2023,7,42,3.5,0.0,0.0,0.0,0.0,0.0,0.0
group:farc_bloc,FARC family,2023-08,63.0,63.0,53.0,42.0,34.0,32.0,5.0,20.0,6.0,0.8412698412698413,0.6666666666666666,0.5396825396825397,0.5079365079365079,0.07936507936507936,0.31746031746031744,0.09523809523809523,4.1588830833596715,24.0,13.0,3.2188758248682006,48.0,3.8918202981106265,2.302585092994046,3.091042453358316,2023-08-01,2023,8,43,3.5833333333333335,0.0,0.0,0.0,0.0,0.0,0.0
group:farc_bloc,FARC family,2023-09,59.0,59.0,55.0,44.0,26.0,39.0,2.0,15.0,3.0,0.9322033898305084,0.7457627118644068,0.4406779661016949,0.6610169491525424,0.03389830508474576,0.2542372881355932,0.05084745762711865,4.0943445622221,48.0,19.0,3.8918202981106265,19.0,2.995732273553991,3.2188758248682006,2.302585092994046,2023-09-01,2023,9,44,3.6666666666666665,0.0,0.0,0.0,0.0,0.0,0.0
group:farc_bloc,FARC family,2023-10,38.0,38.0,30.0,21.0,16.0,18.0,1.0,16.0,3.0,0.7894736842105263,0.5526315789473685,0.42105263157894735,0.47368421052631576,0.02631578947368421,0.42105263157894735,0.07894736842105263,3.6635616461296463,19.0,13.0,2.995732273553991,17.0,2.8903717578961645,3.8918202981106265,3.2188758248682006,2023-10-01,2023,10,45,3.75,0.0,0.0,0.0,0.0,0.0,0.0
group:farc_bloc,FARC family,2023-11,0.0,0.0,0.0,0.0,0.0,0.0,0.0,0.0,0.0,0.0,0.0,0.0,0.0,0.0,0.0,0.0,0.0,17.0,14.0,2.8903717578961645,12.0,2.5649493574615367,2.995732273553991,3.8918202981106265,2023-11-01,2023,11,46,3.8333333333333335,0.0,0.0,0.0,0.0,0.0,0.0
group:farc_bloc,FARC family,2023-12,37.0,37.0,31.0,19.0,17.0,12.0,5.0,18.0,2.0,0.8378378378378378,0.5135135135135135,0.4594594594594595,0.32432432432432434,0.13513513513513514,0.4864864864864865,0.05405405405405406,3.6375861597263857,12.0,10.0,2.5649493574615367,9.0,2.302585092994046,2.8903717578961645,2.995732273553991,2023-12-01,2023,12,47,3.9166666666666665,0.0,0.0,0.0,0.0,0.0,0.0
group:farc_bloc,FARC family,2024-01,37.0,37.0,25.0,15.0,12.0,9.0,7.0,17.0,4.0,0.6756756756756757,0.40540540540540543,0.32432432432432434,0.24324324324324326,0.1891891891891892,0.4594594594594595,0.10810810810810811,3.6375861597263857,9.0,9.0,2.302585092994046,21.0,3.091042453358316,2.5649493574615367,2.8903717578961645,2024-01-01,2024,1,48,4.0,0.0,0.0,0.0,0.0,0.0,0.0
group:farc_bloc,FARC family,2024-02,22.0,22.0,16.0,15.0,9.0,13.0,2.0,5.0,2.0,0.7272727272727273,0.6818181818181818,0.4090909090909091,0.5909090909090909,0.09090909090909091,0.22727272727272727,0.09090909090909091,3.1354942159291497,21.0,13.0,3.091042453358316,27.0,3.332204510175204,2.302585092994046,2.5649493574615367,2024-02-01,2024,2,49,4.083333333333333,0.0,0.0,0.0,0.0,0.0,0.0
group:farc_bloc,FARC family,2024-03,56.0,56.0,48.0,39.0,28.0,28.0,8.0,14.0,6.0,0.8571428571428571,0.6964285714285714,0.5,0.5,0.14285714285714285,0.25,0.10714285714285714,4.04305126783455,27.0,21.0,3.332204510175204,39.0,3.6888794541139363,3.091042453358316,2.302585092994046,2024-03-01,2024,3,50,4.166666666666667,0.0,0.0,0.0,0.0,0.0,0.0
group:farc_bloc,FARC family,2024-04,56.0,56.0,48.0,37.0,26.0,33.0,0.0,16.0,7.0,0.8571428571428571,0.6607142857142857,0.4642857142857143,0.5892857142857143,0.0,0.2857142857142857,0.125,4.04305126783455,39.0,14.0,3.6888794541139363,26.0,3.295836866004329,3.332204510175204,3.091042453358316,2024-04-01,2024,4,51,4.25,0.0,0.0,0.0,0.0,0.0,0.0
group:farc_bloc,FARC family,2024-05,79.0,79.0,77.0,64.0,51.0,62.0,4.0,9.0,4.0,0.9746835443037974,0.810126582278481,0.6455696202531646,0.7848101265822784,0.05063291139240506,0.11392405063291139,0.05063291139240506,4.382026634673881,26.0,11.0,3.295836866004329,23.0,3.1780538303479458,3.6888794541139363,3.332204510175204,2024-05-01,2024,5,52,4.333333333333333,0.0,0.0,0.0,0.0,0.0,0.0
group:farc_bloc,FARC family,2024-06,51.0,51.0,44.0,33.0,13.0,26.0,8.0,13.0,4.0,0.8627450980392157,0.6470588235294118,0.2549019607843137,0.5098039215686274,0.1568627450980392,0.2549019607843137,0.0784313725490196,3.9512437185814275,23.0,21.0,3.1780538303479458,14.0,2.70805020110221,3.295836866004329,3.6888794541139363,2024-06-01,2024,6,53,4.416666666666667,0.0,0.0,0.0,0.0,0.0,0.0
group:farc_bloc,FARC family,2024-07,44.0,44.0,39.0,29.0,9.0,22.0,6.0,13.0,3.0,0.8863636363636364,0.6590909090909091,0.20454545454545456,0.5,0.13636363636363635,0.29545454545454547,0.06818181818181818,3.8066624897703196,14.0,10.0,2.70805020110221,27.0,3.332204510175204,3.1780538303479458,3.295836866004329,2024-07-01,2024,7,54,4.5,0.0,0.0,0.0,0.0,0.0,0.0
group:farc_bloc,FARC family,2024-08,27.0,27.0,26.0,18.0,7.0,19.0,2.0,4.0,2.0,0.9629629629629629,0.6666666666666666,0.25925925925925924,0.7037037037037037,0.07407407407407407,0.14814814814814814,0.07407407407407407,3.332204510175204,27.0,19.0,3.332204510175204,20.0,3.044522437723423,2.70805020110221,3.1780538303479458,2024-08-01,2024,8,55,4.583333333333333,0.0,0.0,0.0,0.0,0.0,0.0
group:farc_bloc,FARC family,2024-09,17.0,17.0,15.0,10.0,7.0,9.0,1.0,7.0,0.0,0.8823529411764706,0.5882352941176471,0.4117647058823529,0.5294117647058824,0.058823529411764705,0.4117647058823529,0.0,2.8903717578961645,20.0,6.0,3.044522437723423,30.0,3.4339872044851463,3.332204510175204,2.70805020110221,2024-09-01,2024,9,56,4.666666666666667,0.0,0.0,0.0,0.0,0.0,0.0
group:farc_bloc,FARC family,2024-10,44.0,44.0,41.0,36.0,15.0,30.0,3.0,7.0,4.0,0.9318181818181818,0.8181818181818182,0.3409090909090909,0.6818181818181818,0.06818181818181818,0.1590909090909091,0.09090909090909091,3.8066624897703196,30.0,15.0,3.4339872044851463,38.0,3.6635616461296463,3.044522437723423,3.332204510175204,2024-10-01,2024,10,57,4.75,0.0,0.0,0.0,0.0,0.0,0.0
group:farc_bloc,FARC family,2024-11,12.0,12.0,9.0,6.0,6.0,4.0,1.0,6.0,1.0,0.75,0.5,0.5,0.3333333333333333,0.08333333333333333,0.5,0.08333333333333333,2.5649493574615367,38.0,23.0,3.6635616461296463,32.0,3.4965075614664802,3.4339872044851463,3.044522437723423,2024-11-01,2024,11,58,4.833333333333333,0.0,0.0,0.0,0.0,0.0,0.0
group:farc_bloc,FARC family,2024-12,22.0,22.0,16.0,13.0,11.0,11.0,2.0,8.0,1.0,0.7272727272727273,0.5909090909090909,0.5,0.5,0.09090909090909091,0.36363636363636365,0.045454545454545456,3.1354942159291497,32.0,14.0,3.4965075614664802,58.0,4.07753744390572,3.6635616461296463,3.4339872044851463,2024-12-01,2024,12,59,4.916666666666667,0.0,0.0,0.0,0.0,0.0,0.0
group:farc_bloc,FARC family,2025-01,120.0,120.0,114.0,80.0,69.0,77.0,4.0,35.0,4.0,0.95,0.6666666666666666,0.575,0.6416666666666667,0.03333333333333333,0.2916666666666667,0.03333333333333333,4.795790545596741,58.0,24.0,4.07753744390572,13.0,2.6390573296152584,3.4965075614664802,3.6635616461296463,2025-01-01,2025,1,60,5.0,0.0,0.0,0.0,0.0,0.0,0.0
group:farc_bloc,FARC family,2025-02,63.0,63.0,54.0,45.0,31.0,37.0,6.0,13.0,7.0,0.8571428571428571,0.7142857142857143,0.49206349206349204,0.5873015873015873,0.09523809523809523,0.20634920634920634,0.1111111111111111,4.1588830833596715,13.0,7.0,2.6390573296152584,35.0,3.58351893845611,4.07753744390572,3.4965075614664802,2025-02-01,2025,2,61,5.083333333333333,0.0,0.0,0.0,0.0,0.0,0.0
group:farc_bloc,FARC family,2025-03,55.0,55.0,48.0,41.0,32.0,34.0,8.0,7.0,6.0,0.8727272727272727,0.7454545454545455,0.5818181818181818,0.6181818181818182,0.14545454545454545,0.12727272727272726,0.10909090909090909,4.02535169073515,35.0,24.0,3.58351893845611,44.0,3.8066624897703196,2.6390573296152584,4.07753744390572,2025-03-01,2025,3,62,5.166666666666667,0.0,0.0,0.0,0.0,0.0,0.0
group:farc_bloc,FARC family,2025-04,62.0,62.0,54.0,43.0,33.0,40.0,3.0,12.0,7.0,0.8709677419354839,0.6935483870967742,0.532258064516129,0.6451612903225806,0.04838709677419355,0.1935483870967742,0.11290322580645161,4.143134726391533,44.0,18.0,3.8066624897703196,33.0,3.5263605246161616,3.58351893845611,2.6390573296152584,2025-04-01,2025,4,63,5.25,0.0,0.0,0.0,0.0,0.0,0.0
group:farc_bloc,FARC family,2025-05,54.0,54.0,47.0,44.0,35.0,40.0,0.0,10.0,4.0,0.8703703703703703,0.8148148148148148,0.6481481481481481,0.7407407407407407,0.0,0.18518518518518517,0.07407407407407407,4.007333185232471,33.0,17.0,3.5263605246161616,22.0,3.1354942159291497,3.8066624897703196,3.58351893845611,2025-05-01,2025,5,64,5.333333333333333,0.0,0.0,0.0,0.0,0.0,0.0
group:farc_bloc,FARC family,2025-06,23.0,23.0,16.0,9.0,7.0,7.0,4.0,10.0,2.0,0.6956521739130435,0.391304347826087,0.30434782608695654,0.30434782608695654,0.17391304347826086,0.43478260869565216,0.08695652173913043,3.1780538303479458,22.0,12.0,3.1354942159291497,20.0,3.044522437723423,3.5263605246161616,3.8066624897703196,2025-06-01,2025,6,65,5.416666666666667,0.0,0.0,0.0,0.0,0.0,0.0
group:farc_bloc,FARC family,2025-07,49.0,49.0,36.0,19.0,15.0,12.0,7.0,27.0,3.0,0.7346938775510204,0.3877551020408163,0.30612244897959184,0.24489795918367346,0.14285714285714285,0.5510204081632653,0.061224489795918366,3.912023005428146,20.0,15.0,3.044522437723423,36.0,3.6109179126442243,3.1354942159291497,3.5263605246161616,2025-07-01,2025,7,66,5.5,0.0,0.0,0.0,0.0,0.0,0.0
group:farc_bloc,FARC family,2025-08,82.0,82.0,73.0,56.0,42.0,50.0,5.0,21.0,6.0,0.8902439024390244,0.6829268292682927,0.5121951219512195,0.6097560975609756,0.06097560975609756,0.25609756097560976,0.07317073170731707,4.418840607796598,36.0,16.0,3.6109179126442243,16.0,2.833213344056216,3.044522437723423,3.1354942159291497,2025-08-01,2025,8,67,5.583333333333333,0.0,0.0,0.0,0.0,0.0,0.0
group:farc_bloc,FARC family,2025-09,47.0,47.0,42.0,25.0,19.0,24.0,2.0,17.0,4.0,0.8936170212765957,0.5319148936170213,0.40425531914893614,0.5106382978723404,0.0425531914893617,0.3617021276595745,0.0851063829787234,3.871201010907891,16.0,9.0,2.833213344056216,5.0,1.791759469228055,3.6109179126442243,3.044522437723423,2025-09-01,2025,9,68,5.666666666666667,0.0,0.0,0.0,0.0,0.0,0.0
group:farc_bloc,FARC family,2025-10,35.0,35.0,29.0,21.0,9.0,15.0,5.0,14.0,1.0,0.8285714285714286,0.6,0.2571428571428571,0.42857142857142855,0.14285714285714285,0.4,0.02857142857142857,3.58351893845611,5.0,5.0,1.791759469228055,36.0,3.6109179126442243,2.833213344056216,3.6109179126442243,2025-10-01,2025,10,69,5.75,0.0,0.0,0.0,0.0,0.0,0.0
group:farc_bloc,FARC family,2025-11,71.0,71.0,62.0,50.0,36.0,46.0,2.0,19.0,4.0,0.8732394366197183,0.704225352112676,0.5070422535211268,0.647887323943662,0.028169014084507043,0.2676056338028169,0.056338028169014086,4.276666119016055,36.0,7.0,3.6109179126442243,8.0,2.1972245773362196,1.791759469228055,2.833213344056216,2025-11-01,2025,11,70,5.833333333333333,0.0,0.0,0.0,0.0,0.0,0.0
group:farc_bloc,FARC family,2025-12,31.0,31.0,27.0,24.0,14.0,19.0,4.0,7.0,1.0,0.8709677419354839,0.7741935483870968,0.45161290322580644,0.6129032258064516,0.12903225806451613,0.22580645161290322,0.03225806451612903,3.4657359027997265,8.0,5.0,2.1972245773362196,,,3.6109179126442243,1.791759469228055,2025-12-01,2025,12,71,5.916666666666667,0.0,0.0,0.0,0.0,0.0,0.0
