actor_key,actor_name,period_start,period_end,period_index,n_articles,n_unique_articles,n_direct_conflict_relevance,n_physical_violence,n_fatalities_present,n_context_three_violent,n_context_three_pol,n_context_three_other,y_ucdp_actor_fatalities,n_ucdp_actor_events,log1p_y_ucdp_actor_fatalities,log1p_n_articles,share_direct_conflict_relevance_raw,share_physical_violence_raw,share_fatalities_present_raw,share_context_three_violent_raw,share_context_three_pol_raw,share_context_three_other_raw,log1p_y_ucdp_actor_fatalities_next,y_ucdp_actor_fatalities_next,log1p_y_ucdp_actor_fatalities_lag1,log1p_y_ucdp_actor_fatalities_lag2,outcome_period_start,outcome_period_end,time_years,taliban_outcome_transition_aug2021,taliban_outcome_post_takeover,hamas_outcome_post_oct2023,month,share_direct_conflict_relevance_calibrated,share_physical_violence_calibrated,share_fatalities_present_calibrated
209,Hamas,2020-01-27,2020-02-24,4,257.0,257.0,215.0,160.0,26.0,159.0,77.0,21.0,0.0,0.0,0.0,5.552959584921617,0.8365758754863813,0.622568093385214,0.10116731517509728,0.6186770428015564,0.29961089494163423,0.08171206225680934,0.0,0.0,1.3862943611198906,0.6931471805599453,2020-02-24,2020-03-23,0.3066392881587953,0.0,0.0,0.0,2020-01-27,0.941019402552459,0.6420252296774535,0.0
209,Hamas,2020-02-24,2020-03-23,5,54.0,54.0,29.0,17.0,9.0,18.0,28.0,8.0,0.0,0.0,0.0,4.007333185232471,0.5370370370370371,0.3148148148148148,0.16666666666666666,0.3333333333333333,0.5185185185185185,0.14814814814814814,0.0,0.0,0.0,1.3862943611198906,2020-03-23,2020-04-20,0.38329911019849416,0.0,0.0,0.0,2020-02-24,0.48123066633224654,0.20095191997418524,0.04097017371353654
209,Hamas,2020-03-23,2020-04-20,6,51.0,51.0,29.0,13.0,3.0,16.0,30.0,5.0,0.0,0.0,0.0,3.9512437185814275,0.5686274509803921,0.2549019607843137,0.058823529411764705,0.3137254901960784,0.5882352941176471,0.09803921568627451,0.0,0.0,0.0,0.0,2020-04-20,2020-05-18,0.459958932238193,0.0,0.0,0.0,2020-03-23,0.5297215951843491,0.11508456238255224,0.0
209,Hamas,2020-04-20,2020-05-18,7,41.0,41.0,27.0,12.0,2.0,14.0,21.0,6.0,0.0,0.0,0.0,3.7376696182833684,0.6585365853658537,0.2926829268292683,0.04878048780487805,0.34146341463414637,0.5121951219512195,0.14634146341463414,0.0,0.0,0.0,0.0,2020-05-18,2020-06-15,0.5366187542778919,0.0,0.0,0.0,2020-04-20,0.6677311016902495,0.16923240384388355,0.0
209,Hamas,2020-05-18,2020-06-15,8,29.0,29.0,15.0,5.0,1.0,9.0,17.0,3.0,0.0,0.0,0.0,3.4011973816621555,0.5172413793103449,0.1724137931034483,0.034482758620689655,0.3103448275862069,0.5862068965517241,0.10344827586206896,0.0,0.0,0.0,0.0,2020-06-15,2020-07-13,0.6132785763175906,0.0,0.0,0.0,2020-05-18,0.45084455514906213,0.0,0.0
209,Hamas,2020-06-15,2020-07-13,9,150.0,150.0,121.0,82.0,6.0,82.0,55.0,13.0,0.0,0.0,0.0,5.017279836814924,0.8066666666666666,0.5466666666666666,0.04,0.5466666666666666,0.36666666666666664,0.08666666666666667,0.0,0.0,0.0,0.0,2020-07-13,2020-08-10,0.6899383983572895,0.0,0.0,0.0,2020-06-15,0.8951091045899172,0.5332429816069699,0.0
209,Hamas,2020-07-13,2020-08-10,10,80.0,80.0,67.0,51.0,5.0,51.0,20.0,9.0,0.0,0.0,0.0,4.394449154672439,0.8375,0.6375,0.0625,0.6375,0.25,0.1125,0.0,0.0,0.0,0.0,2020-08-10,2020-09-07,0.7665982203969883,0.0,0.0,0.0,2020-07-13,0.9424379232505644,0.6634257018393029,0.0
209,Hamas,2020-08-10,2020-09-07,11,382.0,382.0,331.0,282.0,16.0,278.0,82.0,22.0,0.0,0.0,0.0,5.948034989180646,0.8664921465968587,0.7382198952879581,0.041884816753926704,0.7277486910994765,0.21465968586387435,0.05759162303664921,0.0,0.0,0.0,0.0,2020-09-07,2020-10-05,0.8432580424366872,0.0,0.0,0.0,2020-08-10,0.9869405410516116,0.8077778847762072,0.0
209,Hamas,2020-09-07,2020-10-05,12,104.0,104.0,76.0,50.0,6.0,54.0,45.0,5.0,0.0,0.0,0.0,4.653960350157523,0.7307692307692307,0.4807692307692308,0.057692307692307696,0.5192307692307693,0.4326923076923077,0.04807692307692308,0.0,0.0,0.0,0.0,2020-10-05,2020-11-02,0.919917864476386,0.0,0.0,0.0,2020-09-07,0.7786073971175551,0.4387984957926875,0.0
209,Hamas,2020-10-05,2020-11-02,13,49.0,49.0,36.0,26.0,4.0,26.0,16.0,7.0,0.0,0.0,0.0,3.912023005428146,0.7346938775510204,0.5306122448979592,0.08163265306122448,0.5306122448979592,0.32653061224489793,0.14285714285714285,0.0,0.0,0.0,0.0,2020-11-02,2020-11-30,0.9965776865160849,0.0,0.0,0.0,2020-10-05,0.7846316856313632,0.5102337159452358,0.0
209,Hamas,2020-11-02,2020-11-30,14,85.0,85.0,61.0,41.0,0.0,44.0,32.0,9.0,0.0,0.0,0.0,4.454347296253507,0.7176470588235294,0.4823529411764706,0.0,0.5176470588235295,0.3764705882352941,0.10588235294117647,0.0,0.0,0.0,0.0,2020-11-30,2020-12-28,1.0732375085557837,0.0,0.0,0.0,2020-11-02,0.7584650112866818,0.44106827629406076,0.0
209,Hamas,2020-11-30,2020-12-28,15,72.0,72.0,53.0,37.0,1.0,40.0,28.0,4.0,0.0,0.0,0.0,4.290459441148391,0.7361111111111112,0.5138888888888888,0.013888888888888888,0.5555555555555556,0.3888888888888889,0.05555555555555555,0.0,0.0,0.0,0.0,2020-12-28,2021-01-25,1.1498973305954825,0.0,0.0,0.0,2020-11-30,0.7868071231502384,0.4862657308809293,0.0
209,Hamas,2020-12-28,2021-01-25,16,106.0,106.0,86.0,56.0,5.0,57.0,39.0,10.0,0.0,0.0,0.0,4.672828834461906,0.8113207547169812,0.5283018867924528,0.04716981132075472,0.5377358490566038,0.36792452830188677,0.09433962264150944,0.0,0.0,0.0,0.0,2021-01-25,2021-02-22,1.2265571526351813,0.0,0.0,0.0,2020-12-28,0.9022530772179395,0.5069225008675957,0.0
209,Hamas,2021-01-25,2021-02-22,17,67.0,67.0,34.0,10.0,7.0,10.0,53.0,4.0,0.0,0.0,0.0,4.219507705176107,0.5074626865671642,0.14925373134328357,0.1044776119402985,0.14925373134328357,0.7910447761194029,0.05970149253731343,0.0,0.0,0.0,0.0,2021-02-22,2021-03-22,1.3032169746748803,0.0,0.0,0.0,2021-01-25,0.4358343721572724,0.0,0.0
209,Hamas,2021-02-22,2021-03-22,18,64.0,64.0,45.0,13.0,12.0,14.0,45.0,5.0,0.0,0.0,0.0,4.174387269895637,0.703125,0.203125,0.1875,0.21875,0.703125,0.078125,0.0,0.0,0.0,0.0,2021-03-22,2021-04-19,1.379876796714579,0.0,0.0,0.0,2021-02-22,0.7361738148984198,0.04087760164569217,0.06821533923303835
209,Hamas,2021-03-22,2021-04-19,19,97.0,97.0,78.0,61.0,14.0,63.0,28.0,6.0,0.0,0.0,0.0,4.584967478670572,0.8041237113402062,0.6288659793814433,0.14432989690721648,0.6494845360824743,0.28865979381443296,0.061855670103092786,5.308267697401205,201.0,0.0,0.0,2021-04-19,2021-05-17,1.4565366187542779,0.0,0.0,0.0,2021-03-22,0.8912056968653278,0.6510513867127075,0.011758862228709862
209,Hamas,2021-04-19,2021-05-17,20,1655.0,1655.0,1503.0,1236.0,961.0,1227.0,321.0,107.0,201.0,56.0,5.308267697401205,7.412160334945205,0.9081570996978852,0.7468277945619335,0.5806646525679758,0.7413897280966767,0.19395770392749245,0.06465256797583081,3.091042453358316,21.0,0.0,0.0,2021-05-17,2021-06-14,1.5331964407939767,0.0,0.0,0.0,2021-04-19,1.0,0.8201147626804864,0.5823834689433706
209,Hamas,2021-05-17,2021-06-14,21,1699.0,1699.0,1346.0,760.0,591.0,713.0,842.0,144.0,21.0,13.0,3.091042453358316,7.438383530044307,0.7922307239552678,0.44732195409064157,0.3478516774573278,0.41965862271924664,0.4955856386109476,0.08475573866980576,0.0,0.0,5.308267697401205,0.0,2021-06-14,2021-07-12,1.6098562628336757,0.0,0.0,0.0,2021-05-17,0.8729500954618107,0.3908617163903145,0.27791812292846213
209,Hamas,2021-06-14,2021-07-12,22,424.0,424.0,298.0,193.0,62.0,189.0,185.0,50.0,0.0,0.0,0.0,6.052089168924417,0.7028301886792453,0.455188679245283,0.14622641509433962,0.44575471698113206,0.4363207547169811,0.1179245283018868,0.0,0.0,3.091042453358316,5.308267697401205,2021-07-12,2021-08-09,1.6865160848733745,0.0,0.0,0.0,2021-06-14,0.7357212828485029,0.4021363403897788,0.014239067920817798
209,Hamas,2021-07-12,2021-08-09,23,145.0,145.0,92.0,44.0,18.0,45.0,90.0,10.0,0.0,0.0,0.0,4.983606621708336,0.6344827586206897,0.30344827586206896,0.12413793103448276,0.3103448275862069,0.6206896551724138,0.06896551724137931,1.791759469228055,5.0,0.0,3.091042453358316,2021-08-09,2021-09-06,1.7631759069130732,0.0,0.0,0.0,2021-07-12,0.6308087491243093,0.18466134793203592,0.0
209,Hamas,2021-08-09,2021-09-06,24,47.0,47.0,33.0,20.0,15.0,21.0,20.0,6.0,5.0,2.0,1.791759469228055,3.871201010907891,0.7021276595744681,0.425531914893617,0.3191489361702128,0.44680851063829785,0.425531914893617,0.1276595744680851,1.3862943611198906,3.0,0.0,0.0,2021-09-06,2021-10-04,1.839835728952772,0.0,0.0,0.0,2021-08-09,0.7346429086018923,0.3596321393998064,0.24038159794137956
209,Hamas,2021-09-06,2021-10-04,25,305.0,305.0,241.0,173.0,87.0,175.0,116.0,14.0,3.0,1.0,1.3862943611198906,5.723585101952381,0.7901639344262295,0.5672131147540984,0.28524590163934427,0.5737704918032787,0.380327868852459,0.04590163934426229,0.0,0.0,1.791759469228055,0.0,2021-10-04,2021-11-01,1.9164955509924708,0.0,0.0,0.0,2021-09-06,0.8697775968619323,0.5626902385222098,0.19604429614584845
209,Hamas,2021-10-04,2021-11-01,26,110.0,110.0,63.0,28.0,15.0,26.0,73.0,11.0,0.0,0.0,0.0,4.709530201312334,0.5727272727272728,0.2545454545454545,0.13636363636363635,0.23636363636363636,0.6636363636363637,0.1,1.0986122886681098,2.0,1.3862943611198906,1.791759469228055,2021-11-01,2021-11-29,1.9931553730321698,0.0,0.0,0.0,2021-10-04,0.5360147752924277,0.11457361612250284,0.0013408420488066472
209,Hamas,2021-11-01,2021-11-29,27,179.0,179.0,122.0,65.0,58.0,69.0,92.0,18.0,2.0,1.0,1.0986122886681098,5.19295685089021,0.6815642458100558,0.36312849162011174,0.3240223463687151,0.3854748603351955,0.5139664804469274,0.1005586592178771,0.0,0.0,0.0,1.3862943611198906,2021-11-29,2021-12-27,2.0698151950718686,0.0,0.0,0.0,2021-11-01,0.7030783005662257,0.2701952873606732,0.24675488758150546
209,Hamas,2021-11-29,2021-12-27,28,187.0,187.0,141.0,96.0,80.0,103.0,70.0,14.0,0.0,0.0,0.0,5.236441962829949,0.7540106951871658,0.5133689839572193,0.42780748663101603,0.5508021390374331,0.37433155080213903,0.0748663101604278,1.3862943611198906,3.0,1.0986122886681098,0.0,2021-12-27,2022-01-24,2.1464750171115674,0.0,0.0,0.0,2021-11-29,0.8142827826800739,0.4855206009183574,0.38248176717723825
209,Hamas,2021-12-27,2022-01-24,29,192.0,192.0,140.0,95.0,19.0,103.0,79.0,10.0,3.0,2.0,1.3862943611198906,5.262690188904886,0.7291666666666666,0.4947916666666667,0.09895833333333333,0.5364583333333334,0.4114583333333333,0.052083333333333336,0.0,0.0,0.0,1.0986122886681098,2022-01-24,2022-02-21,2.223134839151266,0.0,0.0,0.0,2021-12-27,0.7761474793077502,0.45889551064859635,0.0
209,Hamas,2022-01-24,2022-02-21,30,104.0,104.0,60.0,35.0,22.0,37.0,58.0,9.0,0.0,0.0,0.0,4.653960350157523,0.5769230769230769,0.33653846153846156,0.21153846153846154,0.3557692307692308,0.5576923076923077,0.08653846153846154,0.0,0.0,1.3862943611198906,0.0,2022-02-21,2022-03-21,2.299794661190965,0.0,0.0,0.0,2022-01-24,0.5424552873762806,0.2320863429890536,0.09965206867861735
209,Hamas,2022-02-21,2022-03-21,31,50.0,50.0,25.0,11.0,5.0,10.0,37.0,3.0,0.0,0.0,0.0,3.9318256327243257,0.5,0.22,0.1,0.2,0.74,0.06,0.0,0.0,0.0,1.3862943611198906,2022-03-21,2022-04-18,2.3764544832306638,0.0,0.0,0.0,2022-02-21,0.42437923250564336,0.06506292352371734,0.0
209,Hamas,2022-03-21,2022-04-18,32,112.0,112.0,78.0,49.0,32.0,49.0,51.0,12.0,0.0,0.0,0.0,4.727387818712341,0.6964285714285714,0.4375,0.2857142857142857,0.4375,0.45535714285714285,0.10714285714285714,0.6931471805599453,1.0,0.0,0.0,2022-04-18,2022-05-16,2.4531143052703626,0.0,0.0,0.0,2022-03-21,0.7258948726217349,0.37678484995159733,0.1966568338249754
209,Hamas,2022-04-18,2022-05-16,33,220.0,220.0,174.0,120.0,51.0,130.0,76.0,14.0,1.0,1.0,0.6931471805599453,5.3981627015177525,0.7909090909090909,0.5454545454545454,0.2318181818181818,0.5909090909090909,0.34545454545454546,0.06363636363636363,0.0,0.0,0.0,0.0,2022-05-16,2022-06-13,2.529774127310062,0.0,0.0,0.0,2022-04-18,0.8709214036527806,0.531505764322802,0.1261732367927058
209,Hamas,2022-05-16,2022-06-13,34,103.0,103.0,66.0,24.0,10.0,28.0,66.0,9.0,0.0,0.0,0.0,4.6443908991413725,0.6407766990291263,0.23300970873786409,0.0970873786407767,0.27184466019417475,0.6407766990291263,0.08737864077669903,0.0,0.0,0.6931471805599453,0.0,2022-06-13,2022-07-11,2.6064339493497606,0.0,0.0,0.0,2022-05-16,0.6404698766135573,0.08370849350087879,0.0
209,Hamas,2022-06-13,2022-07-11,35,110.0,110.0,80.0,45.0,15.0,50.0,53.0,7.0,0.0,0.0,0.0,4.709530201312334,0.7272727272727273,0.4090909090909091,0.13636363636363635,0.45454545454545453,0.4818181818181818,0.06363636363636363,0.0,0.0,0.0,0.6931471805599453,2022-07-11,2022-08-08,2.6830937713894594,0.0,0.0,0.0,2022-06-13,0.7732403037143444,0.33606881985391185,0.0013408420488066472
209,Hamas,2022-07-11,2022-08-08,36,165.0,165.0,133.0,98.0,56.0,104.0,45.0,16.0,0.0,0.0,0.0,5.111987788356544,0.806060606060606,0.593939393939394,0.3393939393939394,0.6303030303030303,0.2727272727272727,0.09696969696969697,0.0,0.0,0.0,0.0,2022-08-08,2022-09-05,2.759753593429158,0.0,0.0,0.0,2022-07-11,0.8941788084000273,0.6009944556895187,0.26685736420249695
209,Hamas,2022-08-08,2022-09-05,37,107.0,107.0,73.0,53.0,46.0,56.0,43.0,8.0,0.0,0.0,0.0,4.68213122712422,0.6822429906542056,0.4953271028037383,0.42990654205607476,0.5233644859813084,0.40186915887850466,0.07476635514018691,0.6931471805599453,1.0,0.0,0.0,2022-09-05,2022-10-03,2.836413415468857,0.0,0.0,0.0,2022-08-08,0.7041201662412185,0.45966290000090476,0.38522684457677425
209,Hamas,2022-09-05,2022-10-03,38,62.0,62.0,42.0,23.0,18.0,23.0,31.0,8.0,1.0,1.0,0.6931471805599453,4.143134726391533,0.6774193548387096,0.3709677419354839,0.2903225806451613,0.3709677419354839,0.5,0.12903225806451613,1.791759469228055,5.0,0.0,0.0,2022-10-03,2022-10-31,2.9130732375085557,0.0,0.0,0.0,2022-09-05,0.6967159397072744,0.2814305343034694,0.20268341421638597
209,Hamas,2022-10-03,2022-10-31,39,95.0,95.0,74.0,41.0,33.0,42.0,45.0,8.0,5.0,3.0,1.791759469228055,4.564348191467836,0.7789473684210526,0.43157894736842106,0.3473684210526316,0.4421052631578947,0.47368421052631576,0.08421052631578947,1.0986122886681098,2.0,0.6931471805599453,0.0,2022-10-31,2022-11-28,2.9897330595482545,0.0,0.0,0.0,2022-10-03,0.8525602946417964,0.36829877209965867,0.27728613569321536
209,Hamas,2022-10-31,2022-11-28,40,61.0,61.0,36.0,22.0,13.0,21.0,37.0,3.0,2.0,1.0,1.0986122886681098,4.127134385045092,0.5901639344262295,0.36065573770491804,0.21311475409836064,0.3442622950819672,0.6065573770491803,0.04918032786885246,0.6931471805599453,1.0,1.791759469228055,0.6931471805599453,2022-11-28,2022-12-26,3.0663928815879533,0.0,0.0,0.0,2022-10-31,0.5627798541982756,0.26665132591687435,0.10171349356029465
209,Hamas,2022-11-28,2022-12-26,41,93.0,93.0,55.0,41.0,20.0,42.0,45.0,6.0,1.0,1.0,0.6931471805599453,4.543294782270004,0.5913978494623656,0.44086021505376344,0.21505376344086022,0.45161290322580644,0.4838709677419355,0.06451612903225806,1.3862943611198906,3.0,1.0986122886681098,1.791759469228055,2022-12-26,2023-01-23,3.143052703627652,0.0,0.0,0.0,2022-11-28,0.5646738998519382,0.3816007244792805,0.10424926782334719
209,Hamas,2022-12-26,2023-01-23,42,116.0,116.0,88.0,23.0,17.0,27.0,82.0,7.0,3.0,1.0,1.3862943611198906,4.762173934797756,0.7586206896551724,0.19827586206896552,0.14655172413793102,0.23275862068965517,0.7068965517241379,0.0603448275862069,1.9459101490553132,6.0,0.6931471805599453,1.0986122886681098,2023-01-23,2023-02-20,3.2197125256673513,0.0,0.0,0.0,2022-12-26,0.8213590721569237,0.03392779650832863,0.014664496660224452
209,Hamas,2023-01-23,2023-02-20,43,255.0,255.0,212.0,148.0,118.0,149.0,92.0,14.0,6.0,2.0,1.9459101490553132,5.545177444479562,0.8313725490196079,0.5803921568627451,0.4627450980392157,0.5843137254901961,0.3607843137254902,0.054901960784313725,2.4849066497880004,11.0,1.3862943611198906,0.6931471805599453,2023-02-20,2023-03-20,3.29637234770705,0.0,0.0,0.0,2023-01-23,0.9330323551542514,0.581578497807642,0.42817205544951514
209,Hamas,2023-02-20,2023-03-20,44,196.0,196.0,154.0,123.0,98.0,125.0,59.0,12.0,11.0,4.0,2.4849066497880004,5.2832037287379885,0.7857142857142857,0.6275510204081632,0.5,0.6377551020408163,0.3010204081632653,0.061224489795918366,0.0,0.0,1.9459101490553132,1.3862943611198906,2023-03-20,2023-04-17,3.373032169746749,0.0,0.0,0.0,2023-02-20,0.8629474363108675,0.6491667819112156,0.4768928220255654
209,Hamas,2023-03-20,2023-04-17,45,486.0,486.0,438.0,343.0,137.0,345.0,119.0,22.0,0.0,0.0,0.0,6.18826412308259,0.9012345679012346,0.7057613168724279,0.28189300411522633,0.7098765432098766,0.2448559670781893,0.04526748971193416,1.9459101490553132,6.0,2.4849066497880004,1.9459101490553132,2023-04-17,2023-05-15,3.4496919917864477,0.0,0.0,0.0,2023-03-20,1.0,0.7612581119357498,0.19165948424115145
209,Hamas,2023-04-17,2023-05-15,46,362.0,362.0,294.0,195.0,145.0,195.0,136.0,31.0,6.0,3.0,1.9459101490553132,5.8944028342648505,0.8121546961325967,0.5386740331491713,0.4005524861878453,0.5386740331491713,0.3756906077348066,0.0856353591160221,0.0,0.0,0.0,2.4849066497880004,2023-05-15,2023-06-12,3.5263518138261465,0.0,0.0,0.0,2023-04-17,0.903533167878478,0.5217879052055645,0.3468385512584407
209,Hamas,2023-05-15,2023-06-12,47,191.0,191.0,136.0,50.0,38.0,55.0,104.0,32.0,0.0,0.0,0.0,5.2574953720277815,0.7120418848167539,0.2617801047120419,0.19895287958115182,0.2879581151832461,0.5445026178010471,0.16753926701570682,2.0794415416798357,7.0,1.9459101490553132,0.0,2023-06-12,2023-07-10,3.6030116358658453,0.0,0.0,0.0,2023-05-15,0.7498611324500963,0.12494234755680352,0.08319304802648174
209,Hamas,2023-06-12,2023-07-10,48,259.0,259.0,209.0,157.0,140.0,156.0,79.0,24.0,7.0,3.0,2.0794415416798357,5.560681631015528,0.806949806949807,0.6061776061776062,0.5405405405405406,0.6023166023166023,0.305019305019305,0.09266409266409266,1.6094379124341003,4.0,0.0,1.9459101490553132,2023-07-10,2023-08-07,3.679671457905544,0.0,0.0,0.0,2023-06-12,0.8955437217288233,0.6185343135972372,0.5299104414148662
209,Hamas,2023-07-10,2023-08-07,49,150.0,150.0,107.0,62.0,40.0,59.0,78.0,13.0,4.0,2.0,1.6094379124341003,5.017279836814924,0.7133333333333334,0.41333333333333333,0.26666666666666666,0.3933333333333333,0.52,0.08666666666666667,0.0,0.0,2.0794415416798357,0.0,2023-08-07,2023-09-04,3.756331279945243,0.0,0.0,0.0,2023-07-10,0.7518434913468774,0.34214908034849956,0.1717469682071452
209,Hamas,2023-08-07,2023-09-04,50,128.0,128.0,96.0,57.0,44.0,58.0,61.0,9.0,0.0,0.0,0.0,4.859812404361672,0.75,0.4453125,0.34375,0.453125,0.4765625,0.0703125,2.0794415416798357,7.0,1.6094379124341003,2.0794415416798357,2023-09-04,2023-10-02,3.8329911019849416,0.0,0.0,0.0,2023-08-07,0.8081264108352144,0.3879817582284608,0.27255408062930186
209,Hamas,2023-09-04,2023-10-02,51,244.0,244.0,201.0,148.0,99.0,151.0,82.0,11.0,7.0,3.0,2.0794415416798357,5.501258210544727,0.8237704918032787,0.6065573770491803,0.4057377049180328,0.6188524590163934,0.3360655737704918,0.045081967213114756,9.262363400043334,10533.0,0.0,1.6094379124341003,2023-10-02,2023-10-30,3.909650924024641,0.0,0.0,1.0,2023-09-04,0.9213632831291863,0.6190786028279879,0.35361961410126214
209,Hamas,2023-10-02,2023-10-30,52,16642.0,16642.0,14516.0,8858.0,7339.0,8736.0,6867.0,1039.0,10533.0,451.0,9.262363400043334,9.719744986586726,0.8722509313784401,0.5322677562792933,0.4409926691503425,0.5249369066218003,0.4126306934262709,0.062432399951928855,8.931684110731714,7567.0,2.0794415416798357,0.0,2023-10-30,2023-11-27,3.9863107460643397,0.0,0.0,1.0,2023-10-02,0.9957802106937681,0.5126064019085129,0.39972492622414507
209,Hamas,2023-10-30,2023-11-27,53,1159.0,1159.0,972.0,610.0,481.0,621.0,462.0,76.0,7567.0,398.0,8.931684110731714,7.05617528410041,0.8386540120793787,0.5263157894736842,0.41501294219154444,0.5358067299396031,0.3986194995685936,0.06557377049180328,9.034676602846295,8388.0,9.262363400043334,2.0794415416798357,2023-11-27,2023-12-25,4.0629705681040384,0.0,0.0,1.0,2023-10-30,0.9442093187674436,0.5040760177306771,0.3657494720892371
209,Hamas,2023-11-27,2023-12-25,54,4813.0,4813.0,4091.0,2473.0,1920.0,2488.0,2020.0,305.0,8388.0,327.0,9.034676602846295,8.479283618343016,0.8499896114689383,0.5138167463120715,0.3989195927695824,0.5169333056305838,0.4196966548929981,0.06337003947641803,8.056109659545061,3152.0,8.931684110731714,9.262363400043334,2023-12-25,2024-01-22,4.139630390143737,0.0,0.0,1.0,2023-11-27,0.9616093358891151,0.4861623358325478,0.3447031055885394
209,Hamas,2023-12-25,2024-01-22,55,4502.0,4502.0,3728.0,2226.0,1879.0,2281.0,1934.0,287.0,3152.0,210.0,8.056109659545061,8.412499120301572,0.8280764104842292,0.4944469124833407,0.41737005775211017,0.5066637050199911,0.42958685028876054,0.06374944469124834,7.741533589281828,2301.0,9.034676602846295,8.931684110731714,2024-01-22,2024-02-19,4.216290212183436,0.0,0.0,1.0,2023-12-25,0.9279728197049116,0.45840140748459435,0.36883203226185496
209,Hamas,2024-01-22,2024-02-19,56,3395.0,3395.0,2711.0,1363.0,1125.0,1368.0,1806.0,221.0,2301.0,229.0,7.741533589281828,8.130353547431238,0.7985272459499264,0.40147275405007365,0.33136966126656847,0.4029455081001473,0.5319587628865979,0.06509572901325479,7.754052639035757,2330.0,8.056109659545061,9.034676602846295,2024-02-19,2024-03-18,4.292950034223135,0.0,0.0,1.0,2024-01-22,0.8826151856567719,0.3251504476003234,0.2563634704862695
209,Hamas,2024-02-19,2024-03-18,57,2746.0,2746.0,2224.0,1025.0,852.0,1057.0,1486.0,203.0,2330.0,196.0,7.754052639035757,7.918264686095274,0.809905316824472,0.37327021121631465,0.3102694828841952,0.38492352512745814,0.5411507647487254,0.07392571012381646,7.264730177929867,1428.0,7.741533589281828,8.056109659545061,2024-03-18,2024-04-15,4.369609856262834,0.0,0.0,1.0,2024-02-19,0.9000803960285348,0.28473044308398243,0.22876933356536835
209,Hamas,2024-03-18,2024-04-15,58,2934.0,2934.0,2425.0,1233.0,1075.0,1219.0,1481.0,234.0,1428.0,180.0,7.264730177929867,7.984462732262196,0.8265167007498296,0.42024539877300615,0.3663940013633265,0.4154737559645535,0.5047716428084527,0.07975460122699386,6.903747257584598,995.0,7.754052639035757,7.741533589281828,2024-04-15,2024-05-13,4.446269678302532,0.0,0.0,1.0,2024-03-18,0.9255786828665556,0.35205548197815645,0.3021671797573493
209,Hamas,2024-04-15,2024-05-13,59,2917.0,2917.0,2358.0,1040.0,746.0,1043.0,1537.0,337.0,995.0,167.0,6.903747257584598,7.978653729082731,0.8083647583133357,0.3565306822077477,0.2557422008913267,0.3575591360987316,0.5269112101474117,0.1155296537538567,7.427738840532894,1681.0,7.264730177929867,7.754052639035757,2024-05-13,2024-06-10,4.522929500342231,0.0,0.0,1.0,2024-04-15,0.8977156561017342,0.2607392788079095,0.15746030205060427
209,Hamas,2024-05-13,2024-06-10,60,3177.0,3177.0,2680.0,1583.0,1299.0,1584.0,1365.0,228.0,1681.0,209.0,7.427738840532894,8.064007347096661,0.8435631098520617,0.4982688070506767,0.408876298394712,0.4985835694050991,0.42965061378659114,0.07176581680830972,7.1808311990445555,1313.0,6.903747257584598,7.264730177929867,2024-06-10,2024-07-08,4.59958932238193,0.0,0.0,1.0,2024-05-13,0.951744728441088,0.46387896305762527,0.35772416604224877
209,Hamas,2024-06-10,2024-07-08,61,1954.0,1954.0,1584.0,873.0,724.0,874.0,950.0,130.0,1313.0,230.0,7.1808311990445555,7.578145472419466,0.8106448311156602,0.4467758444216991,0.3705220061412487,0.44728761514841353,0.48618219037871035,0.06653019447287616,7.333676395657684,1530.0,7.427738840532894,6.903747257584598,2024-07-08,2024-08-05,4.676249144421629,0.0,0.0,1.0,2024-06-10,0.9012155421188464,0.3900790296866656,0.30756565208245895
209,Hamas,2024-07-08,2024-08-05,62,3389.0,3389.0,2978.0,1765.0,1653.0,1511.0,1727.0,151.0,1530.0,222.0,7.333676395657684,8.128585200374497,0.8787252876954854,0.5208025966361759,0.48775449985246383,0.4458542342874004,0.5095898495131307,0.04455591619946887,7.009408932708637,1106.0,7.1808311990445555,7.427738840532894,2024-08-05,2024-09-02,4.7529089664613275,0.0,0.0,1.0,2024-07-08,1.0,0.49617448627285426,0.46087854946290746
209,Hamas,2024-08-05,2024-09-02,63,3019.0,3019.0,2572.0,1276.0,1051.0,1248.0,1623.0,148.0,1106.0,250.0,7.009408932708637,8.013012110368916,0.851937727724412,0.42265650877774097,0.34812851937727723,0.41338191454123885,0.5375952302086784,0.049022855250082806,6.734591659972948,840.0,7.333676395657684,7.1808311990445555,2024-09-02,2024-09-30,4.829568788501026,0.0,0.0,1.0,2024-08-05,0.9645996723534992,0.35551109510691725,0.27828016791718657
209,Hamas,2024-09-02,2024-09-30,64,2288.0,2288.0,1917.0,1092.0,989.0,1076.0,1032.0,180.0,840.0,223.0,6.734591659972948,7.735870319952567,0.8378496503496503,0.4772727272727273,0.43225524475524474,0.47027972027972026,0.45104895104895104,0.07867132867132867,7.489970898834801,1789.0,7.009408932708637,7.333676395657684,2024-09-30,2024-10-28,4.906228610540725,0.0,0.0,1.0,2024-09-02,0.9429746325908853,0.433787292088357,0.3882984026789336
209,Hamas,2024-09-30,2024-10-28,65,4208.0,4208.0,3398.0,2265.0,1932.0,2228.0,1729.0,251.0,1789.0,237.0,7.489970898834801,8.344980368770571,0.8075095057034221,0.5382604562737643,0.4591254752851711,0.529467680608365,0.41088403041825095,0.059648288973384034,7.27655640271871,1445.0,6.734591659972948,7.009408932708637,2024-10-28,2024-11-25,4.982888432580425,0.0,0.0,1.0,2024-09-30,0.8964028529984808,0.5211951650661258,0.42343842883901434
209,Hamas,2024-10-28,2024-11-25,66,1318.0,1318.0,1084.0,532.0,454.0,561.0,676.0,81.0,1445.0,277.0,7.27655640271871,7.1846291527173145,0.8224582701062215,0.40364188163884673,0.34446130500758726,0.42564491654021247,0.5128983308042488,0.061456752655538696,7.101675971619444,1213.0,7.489970898834801,6.734591659972948,2024-11-25,2024-12-23,5.059548254620124,0.0,0.0,1.0,2024-10-28,0.9193490376348321,0.3282592504998186,0.273484302517297
209,Hamas,2024-11-25,2024-12-23,67,1133.0,1133.0,866.0,438.0,348.0,448.0,617.0,68.0,1213.0,247.0,7.101675971619444,7.033506484287697,0.764342453662842,0.38658428949691087,0.30714916151809357,0.3954104148278906,0.5445719329214475,0.06001765225066196,7.079184394609668,1186.0,7.27655640271871,7.489970898834801,2024-12-23,2025-01-20,5.136208076659822,0.0,0.0,1.0,2024-11-25,0.8301419153289674,0.3038122367862309,0.22468867730488146
209,Hamas,2024-12-23,2025-01-20,68,1616.0,1616.0,1344.0,665.0,563.0,636.0,911.0,69.0,1186.0,307.0,7.079184394609668,7.388327859577107,0.8316831683168316,0.411509900990099,0.34839108910891087,0.3935643564356436,0.5637376237623762,0.0426980198019802,4.23410650459726,68.0,7.101675971619444,7.27655640271871,2025-01-20,2025-02-17,5.212867898699521,0.0,0.0,1.0,2024-12-23,0.9335091522696287,0.3395357293473781,0.2786235481955275
209,Hamas,2025-01-20,2025-02-17,69,1579.0,1579.0,1287.0,443.0,342.0,475.0,1026.0,78.0,68.0,44.0,4.23410650459726,7.365180126021013,0.8150728309056364,0.2805573147561748,0.21659278024065864,0.30082330588980366,0.6497783407219759,0.04939835338822039,4.770684624465665,117.0,7.079184394609668,7.101675971619444,2025-02-17,2025-03-17,5.28952772073922,0.0,0.0,1.0,2025-01-20,0.9080124718190355,0.15185392497242672,0.1062619446608417
209,Hamas,2025-02-17,2025-03-17,70,1374.0,1374.0,1109.0,515.0,452.0,460.0,821.0,93.0,117.0,51.0,4.770684624465665,7.226209010100671,0.8071324599708879,0.3748180494905386,0.3289665211062591,0.33478893740902477,0.5975254730713246,0.06768558951965066,7.31986492980897,1509.0,4.23410650459726,7.079184394609668,2025-03-17,2025-04-14,5.366187542778919,0.0,0.0,1.0,2025-02-17,0.8958240920546361,0.2869488114915222,0.25322072081742836
209,Hamas,2025-03-17,2025-04-14,71,1789.0,1789.0,1554.0,1075.0,900.0,1046.0,621.0,122.0,1509.0,335.0,7.31986492980897,7.489970898834801,0.868641699273337,0.6008943543879263,0.5030743432084964,0.5846841811067636,0.3471212968138625,0.06819452207937395,7.098375638590786,1209.0,4.770684624465665,4.23410650459726,2025-04-14,2025-05-12,5.4428473648186175,0.0,0.0,1.0,2025-03-17,0.9902400801486889,0.6109623346285816,0.48091334952536896
209,Hamas,2025-04-14,2025-05-12,72,1045.0,1045.0,774.0,433.0,336.0,445.0,526.0,74.0,1209.0,319.0,7.098375638590786,6.952728644624869,0.7406698564593301,0.4143540669856459,0.3215311004784689,0.4258373205741627,0.5033492822966508,0.0708133971291866,7.620214770574455,2038.0,7.31986492980897,4.770684624465665,2025-05-12,2025-06-09,5.519507186858316,0.0,0.0,1.0,2025-04-14,0.7938047458066467,0.3436120001667462,0.24349691606328774
209,Hamas,2025-05-12,2025-06-09,73,1438.0,1438.0,1201.0,699.0,586.0,724.0,646.0,68.0,2038.0,394.0,7.620214770574455,7.271703706887368,0.8351877607788595,0.4860917941585535,0.40751043115438107,0.5034770514603616,0.44923504867872044,0.04728789986091794,7.608374474380783,2014.0,7.098375638590786,7.31986492980897,2025-06-09,2025-07-07,5.596167008898015,0.0,0.0,1.0,2025-05-12,0.9388886621436218,0.4464268163133964,0.35593792864830565
209,Hamas,2025-06-09,2025-07-07,74,482.0,482.0,391.0,221.0,174.0,223.0,212.0,47.0,2014.0,341.0,7.608374474380783,6.180016653652572,0.8112033195020747,0.45850622406639,0.36099585062240663,0.46265560165975106,0.43983402489626555,0.0975103734439834,7.611842399580417,2021.0,7.620214770574455,7.098375638590786,2025-07-07,2025-08-04,5.672826830937714,0.0,0.0,1.0,2025-06-09,0.9020728154885119,0.4068910597582676,0.29510765125644134
209,Hamas,2025-07-07,2025-08-04,75,1032.0,1032.0,836.0,402.0,346.0,404.0,574.0,54.0,2021.0,401.0,7.611842399580417,6.940222469119639,0.810077519379845,0.38953488372093026,0.33527131782945735,0.39147286821705424,0.5562015503875969,0.05232558139534884,7.299797366758161,1479.0,7.608374474380783,7.620214770574455,2025-08-04,2025-09-01,5.749486652977413,0.0,0.0,1.0,2025-07-07,0.900344725007437,0.30804104099597024,0.2614659318713651
209,Hamas,2025-08-04,2025-09-01,76,1272.0,1272.0,1069.0,461.0,391.0,477.0,706.0,89.0,1479.0,307.0,7.299797366758161,7.149131598557407,0.8404088050314465,0.36242138364779874,0.30738993710691825,0.375,0.5550314465408805,0.0699685534591195,7.562161631225652,1923.0,7.611842399580417,7.608374474380783,2025-09-01,2025-09-29,5.8261464750171115,0.0,0.0,1.0,2025-08-04,0.9469029061430783,0.2691818572028713,0.2250035559018695
209,Hamas,2025-09-01,2025-09-29,77,2170.0,2170.0,1876.0,970.0,692.0,948.0,1117.0,105.0,1923.0,366.0,7.562161631225652,7.682943169878292,0.864516129032258,0.4470046082949309,0.31889400921658984,0.4368663594470046,0.5147465437788018,0.04838709677419355,6.424869023905388,616.0,7.299797366758161,7.611842399580417,2025-09-29,2025-10-27,5.90280629705681,0.0,0.0,1.0,2025-09-01,0.9839073763926308,0.390406895044187,0.24004821264313125
209,Hamas,2025-09-29,2025-10-27,78,2545.0,2545.0,2185.0,898.0,741.0,834.0,1567.0,144.0,616.0,139.0,6.424869023905388,7.842278779117352,0.8585461689587426,0.35284872298624753,0.2911591355599214,0.3277013752455796,0.6157170923379175,0.05658153241650295,5.332718793265369,206.0,7.562161631225652,7.299797366758161,2025-10-27,2025-11-24,5.979466119096509,0.0,0.0,1.0,2025-09-29,0.9747435550608239,0.25546227916857644,0.20377743391808797
209,Hamas,2025-10-27,2025-11-24,79,1130.0,1130.0,931.0,532.0,460.0,508.0,543.0,79.0,206.0,60.0,5.332718793265369,7.030857476116121,0.8238938053097346,0.47079646017699117,0.40707964601769914,0.4495575221238938,0.48053097345132745,0.06991150442477877,4.276666119016055,71.0,6.424869023905388,7.562161631225652,2025-11-24,2025-12-22,6.056125941136208,0.0,0.0,1.0,2025-10-27,0.9215525679697957,0.4245054785014864,0.3553745616553981
209,Hamas,2025-11-24,2025-12-22,80,839.0,839.0,672.0,353.0,321.0,356.0,446.0,37.0,71.0,43.0,4.276666119016055,6.733401891837359,0.8009535160905841,0.42073897497020263,0.38259833134684146,0.42431466030989273,0.531585220500596,0.04410011918951132,,,5.332718793265369,6.424869023905388,,,6.132785763175907,0.0,0.0,0.0,2025-11-24,0.8863394829381426,0.35276287748633595,0.3233586830789569
303,Taliban,2020-01-27,2020-02-24,4,509.0,509.0,429.0,312.0,286.0,319.0,140.0,50.0,1468.0,372.0,7.292337176173877,6.234410725718371,0.8428290766208252,0.6129666011787819,0.5618860510805501,0.6267190569744597,0.275049115913556,0.09823182711198428,7.76046702921342,2345.0,7.300472814267799,7.473637108496206,2020-02-24,2020-03-23,0.3066392881587953,0.0,0.0,0.0,2020-01-27,0.9506179957159393,0.6282643301502291,0.5578254158673861
303,Taliban,2020-02-24,2020-03-23,5,615.0,615.0,512.0,330.0,266.0,306.0,255.0,54.0,2345.0,196.0,7.76046702921342,6.423246963533519,0.832520325203252,0.5365853658536586,0.432520325203252,0.4975609756097561,0.4146341463414634,0.08780487804878048,6.821107472256465,916.0,7.292337176173877,7.300472814267799,2020-03-23,2020-04-20,0.38329911019849416,0.0,0.0,0.0,2020-02-24,0.9347941786415607,0.5187944183410858,0.38864506639166685
303,Taliban,2020-03-23,2020-04-20,6,288.0,288.0,241.0,165.0,146.0,153.0,114.0,21.0,916.0,190.0,6.821107472256465,5.666426688112432,0.8368055555555556,0.5729166666666666,0.5069444444444444,0.53125,0.3958333333333333,0.07291666666666667,7.0707241072602764,1176.0,7.76046702921342,7.292337176173877,2020-04-20,2020-05-18,0.459958932238193,0.0,0.0,0.0,2020-03-23,0.9413719588663155,0.5708645934172313,0.4859745438653993
303,Taliban,2020-04-20,2020-05-18,7,406.0,406.0,361.0,293.0,288.0,280.0,105.0,21.0,1176.0,216.0,7.0707241072602764,6.008813185442595,0.8891625615763546,0.7216748768472906,0.7093596059113301,0.6896551724137931,0.25862068965517243,0.05172413793103448,6.677083461247136,793.0,6.821107472256465,7.76046702921342,2020-05-18,2020-06-15,0.5366187542778919,0.0,0.0,0.0,2020-04-20,1.0,0.7840654938745536,0.7506866036008545
303,Taliban,2020-05-18,2020-06-15,8,355.0,355.0,317.0,236.0,220.0,230.0,108.0,17.0,793.0,133.0,6.677083461247136,5.87493073085203,0.8929577464788733,0.6647887323943662,0.6197183098591549,0.647887323943662,0.30422535211267604,0.04788732394366197,7.32052696227274,1510.0,7.0707241072602764,6.821107472256465,2020-06-15,2020-07-13,0.6132785763175906,0.0,0.0,0.0,2020-05-18,1.0,0.7025360293415868,0.633456590081294
303,Taliban,2020-06-15,2020-07-13,9,483.0,483.0,328.0,181.0,176.0,191.0,243.0,49.0,1510.0,243.0,7.32052696227274,6.182084906716632,0.6790890269151139,0.3747412008281574,0.36438923395445133,0.39544513457556935,0.5031055900621118,0.10144927536231885,7.134093721192866,1253.0,6.677083461247136,7.0707241072602764,2020-07-13,2020-08-10,0.6899383983572895,0.0,0.0,0.0,2020-06-15,0.6992788674994975,0.28683867166126525,0.2995454092029698
303,Taliban,2020-07-13,2020-08-10,10,442.0,442.0,381.0,303.0,290.0,301.0,116.0,25.0,1253.0,213.0,7.134093721192866,6.093569770045136,0.8619909502262444,0.6855203619909502,0.6561085972850679,0.6809954751131222,0.26244343891402716,0.05656108597285068,7.353081920515432,1560.0,7.32052696227274,6.677083461247136,2020-08-10,2020-09-07,0.7665982203969883,0.0,0.0,0.0,2020-07-13,0.9800312554262893,0.7322486891845128,0.6810466414839137
303,Taliban,2020-08-10,2020-09-07,11,295.0,295.0,250.0,193.0,155.0,192.0,85.0,18.0,1560.0,277.0,7.353081920515432,5.69035945432406,0.847457627118644,0.6542372881355932,0.5254237288135594,0.6508474576271186,0.288135593220339,0.061016949152542375,7.324489979348532,1516.0,7.134093721192866,7.32052696227274,2020-09-07,2020-10-05,0.8432580424366872,0.0,0.0,0.0,2020-08-10,0.957722768489115,0.6874136544866852,0.5101411596086863
303,Taliban,2020-09-07,2020-10-05,12,387.0,387.0,331.0,253.0,233.0,249.0,111.0,27.0,1516.0,267.0,7.324489979348532,5.961005339623274,0.8552971576227391,0.6537467700258398,0.6020671834625323,0.6434108527131783,0.2868217054263566,0.06976744186046512,7.853216388156072,2573.0,7.353081920515432,7.134093721192866,2020-10-05,2020-11-02,0.919917864476386,0.0,0.0,0.0,2020-09-07,0.9697563593306152,0.6867106418424549,0.6103730127877758
303,Taliban,2020-10-05,2020-11-02,13,326.0,326.0,280.0,236.0,203.0,234.0,73.0,19.0,2573.0,274.0,7.853216388156072,5.7899601708972535,0.8588957055214724,0.7239263803680982,0.6226993865030674,0.7177914110429447,0.22392638036809817,0.05828220858895705,7.473069088032197,1759.0,7.324489979348532,7.353081920515432,2020-11-02,2020-11-30,0.9965776865160849,0.0,0.0,0.0,2020-10-05,0.9752800897395062,0.7872923583107158,0.6373551465576005
303,Taliban,2020-11-02,2020-11-30,14,210.0,210.0,175.0,130.0,114.0,126.0,74.0,10.0,1759.0,260.0,7.473069088032197,5.351858133476067,0.8333333333333334,0.6190476190476191,0.5428571428571428,0.6,0.3523809523809524,0.047619047619047616,7.552762084214147,1905.0,7.853216388156072,7.324489979348532,2020-11-30,2020-12-28,1.0732375085557837,0.0,0.0,0.0,2020-11-02,0.9360421369450715,0.6369796708615683,0.5329400196656833
303,Taliban,2020-11-30,2020-12-28,15,293.0,293.0,250.0,199.0,185.0,199.0,78.0,16.0,1905.0,256.0,7.552762084214147,5.683579767338681,0.8532423208191127,0.6791808873720137,0.6313993174061433,0.6791808873720137,0.26621160409556316,0.05460750853242321,7.721348612617949,2255.0,7.473069088032197,7.853216388156072,2020-12-28,2021-01-25,1.1498973305954825,0.0,0.0,0.0,2020-11-30,0.9666022080293377,0.7231629271580506,0.648732637315802
303,Taliban,2020-12-28,2021-01-25,16,266.0,266.0,225.0,162.0,152.0,162.0,85.0,19.0,2255.0,286.0,7.721348612617949,5.58724865840025,0.8458646616541353,0.6090225563909775,0.5714285714285714,0.6090225563909775,0.31954887218045114,0.07142857142857142,7.750614732770409,2322.0,7.552762084214147,7.473069088032197,2021-01-25,2021-02-22,1.2265571526351813,0.0,0.0,0.0,2020-12-28,0.9552775844803884,0.6226117083609314,0.5703048180924286
303,Taliban,2021-01-25,2021-02-22,17,328.0,328.0,269.0,166.0,158.0,168.0,143.0,17.0,2322.0,320.0,7.750614732770409,5.796057750765372,0.8201219512195121,0.5060975609756098,0.4817073170731707,0.5121951219512195,0.43597560975609756,0.051829268292682924,7.331714969726466,1527.0,7.721348612617949,7.552762084214147,2021-02-22,2021-03-22,1.3032169746748803,0.0,0.0,0.0,2021-01-25,0.9157628145130209,0.4750991665289354,0.4529702376669784
303,Taliban,2021-02-22,2021-03-22,18,228.0,228.0,181.0,104.0,87.0,106.0,109.0,13.0,1527.0,236.0,7.331714969726466,5.43372200355424,0.793859649122807,0.45614035087719296,0.3815789473684211,0.4649122807017544,0.4780701754385965,0.05701754385964912,7.6251071482389,2048.0,7.750614732770409,7.721348612617949,2021-03-22,2021-04-19,1.379876796714579,0.0,0.0,0.0,2021-02-22,0.8754504772088234,0.403500280226219,0.3220255653883973
303,Taliban,2021-03-22,2021-04-19,19,285.0,285.0,236.0,122.0,107.0,120.0,149.0,16.0,2048.0,377.0,7.6251071482389,5.655991810819852,0.8280701754385965,0.4280701754385965,0.37543859649122807,0.42105263157894735,0.5228070175438596,0.056140350877192984,8.133587417660966,3406.0,7.331714969726466,7.750614732770409,2021-04-19,2021-05-17,1.4565366187542779,0.0,0.0,0.0,2021-03-22,0.9279632489802384,0.36326998522443577,0.3139954113405441
303,Taliban,2021-04-19,2021-05-17,20,535.0,535.0,463.0,321.0,274.0,306.0,208.0,21.0,3406.0,569.0,8.133587417660966,6.284134161070802,0.8654205607476636,0.6,0.5121495327102804,0.5719626168224299,0.38878504672897196,0.03925233644859813,8.65084957622891,5714.0,7.6251071482389,7.331714969726466,2021-05-17,2021-06-14,1.5331964407939767,0.0,0.0,0.0,2021-04-19,0.9852956688677454,0.6096805421103582,0.49278159145002254
303,Taliban,2021-05-17,2021-06-14,21,431.0,431.0,357.0,268.0,242.0,264.0,145.0,22.0,5714.0,766.0,8.65084957622891,6.068425588244111,0.8283062645011601,0.6218097447795824,0.5614849187935035,0.6125290023201856,0.33642691415313225,0.05104408352668213,9.004299728561636,8137.0,8.133587417660966,7.6251071482389,2021-06-14,2021-07-12,1.6098562628336757,0.0,0.0,0.0,2021-05-17,0.9283256430266114,0.6409383612257229,0.5573008279207076
303,Taliban,2021-06-14,2021-07-12,22,1208.0,1208.0,1047.0,706.0,319.0,707.0,421.0,80.0,8137.0,835.0,9.004299728561636,7.097548850614793,0.8667218543046358,0.5844370860927153,0.2640728476821192,0.5852649006622517,0.3485099337748344,0.06622516556291391,9.01627006814768,8235.0,8.65084957622891,8.133587417660966,2021-07-12,2021-08-09,1.6865160848733745,0.0,0.0,0.0,2021-06-14,0.9872931397904116,0.5873757076091626,0.16835485488418733
303,Taliban,2021-07-12,2021-08-09,23,1266.0,1266.0,1084.0,681.0,506.0,677.0,511.0,78.0,8235.0,806.0,9.01627006814768,7.144407180321139,0.8562401263823065,0.5379146919431279,0.39968404423380727,0.5347551342812006,0.40363349131121645,0.061611374407582936,7.611842399580417,2021.0,9.004299728561636,8.65084957622891,2021-08-09,2021-09-06,1.7631759069130732,1.0,0.0,0.0,2021-07-12,0.971203805733563,0.5206996141546959,0.34570283070891217
303,Taliban,2021-08-09,2021-09-06,24,859.0,859.0,683.0,417.0,281.0,411.0,371.0,77.0,2021.0,148.0,7.611842399580417,6.756932389247553,0.7951105937136205,0.48544819557625146,0.32712456344586727,0.47846332945285214,0.4318975552968568,0.08963911525029103,5.0238805208462765,151.0,9.01627006814768,9.004299728561636,2021-09-06,2021-10-04,1.839835728952772,0.0,1.0,0.0,2021-08-09,0.8773706630367086,0.44550440808387254,0.25081186763323843
303,Taliban,2021-09-06,2021-10-04,25,1700.0,1700.0,1226.0,744.0,513.0,698.0,783.0,219.0,151.0,41.0,5.0238805208462765,7.438971592395862,0.7211764705882353,0.4376470588235294,0.30176470588235293,0.41058823529411764,0.46058823529411763,0.1288235294117647,3.970291913552122,52.0,7.611842399580417,9.01627006814768,2021-10-04,2021-11-01,1.9164955509924708,0.0,1.0,0.0,2021-09-06,0.763882618510158,0.37699561528386766,0.21764705882352942
303,Taliban,2021-10-04,2021-11-01,26,849.0,849.0,619.0,376.0,316.0,392.0,352.0,105.0,52.0,24.0,3.970291913552122,6.745236349484363,0.7290930506478209,0.44287396937573614,0.37220259128386335,0.4617196702002356,0.41460541813898705,0.12367491166077739,4.060443010546419,57.0,5.0238805208462765,7.611842399580417,2021-11-01,2021-11-29,1.9931553730321698,0.0,1.0,0.0,2021-10-04,0.7760344795497025,0.38448684575099457,0.30976346746070627
303,Taliban,2021-11-01,2021-11-29,27,567.0,567.0,380.0,234.0,204.0,254.0,243.0,70.0,57.0,26.0,4.060443010546419,6.342121418721152,0.6701940035273368,0.4126984126984127,0.35978835978835977,0.4479717813051146,0.42857142857142855,0.12345679012345678,3.1354942159291497,22.0,3.970291913552122,5.0238805208462765,2021-11-29,2021-12-27,2.0698151950718686,0.0,1.0,0.0,2021-11-01,0.6856251069945577,0.3412391093901258,0.2935285334498707
303,Taliban,2021-11-29,2021-12-27,28,377.0,377.0,243.0,137.0,80.0,137.0,184.0,56.0,22.0,15.0,3.1354942159291497,5.934894195619588,0.6445623342175066,0.363395225464191,0.21220159151193635,0.363395225464191,0.4880636604774536,0.14854111405835543,3.1354942159291497,22.0,4.060443010546419,3.970291913552122,2021-12-27,2022-01-24,2.1464750171115674,0.0,1.0,0.0,2021-11-29,0.6462807839004616,0.27057757144214406,0.10051928880125403
303,Taliban,2021-12-27,2022-01-24,29,403.0,403.0,262.0,156.0,98.0,167.0,175.0,61.0,22.0,8.0,3.1354942159291497,6.0014148779611505,0.6501240694789082,0.3870967741935484,0.24317617866004962,0.4143920595533499,0.43424317617866004,0.1513647642679901,3.4657359027997265,31.0,3.1354942159291497,4.060443010546419,2022-01-24,2022-02-21,2.223134839151266,0.0,1.0,0.0,2021-12-27,0.6548179847531774,0.30454673203634886,0.14102686098118583
303,Taliban,2022-01-24,2022-02-21,30,259.0,259.0,169.0,55.0,43.0,59.0,175.0,25.0,31.0,10.0,3.4657359027997265,5.560681631015528,0.6525096525096525,0.21235521235521235,0.16602316602316602,0.2277992277992278,0.6756756756756757,0.09652509652509653,2.70805020110221,14.0,3.1354942159291497,3.1354942159291497,2022-02-21,2022-03-21,2.299794661190965,0.0,1.0,0.0,2022-01-24,0.6584798277800535,0.05410638130870464,0.04012862419942067
303,Taliban,2022-02-21,2022-03-21,31,165.0,165.0,107.0,64.0,44.0,76.0,67.0,22.0,14.0,14.0,2.70805020110221,5.111987788356544,0.6484848484848484,0.3878787878787879,0.26666666666666666,0.46060606060606063,0.40606060606060607,0.13333333333333333,4.543294782270004,93.0,3.4657359027997265,3.1354942159291497,2022-03-21,2022-04-18,2.3764544832306638,0.0,1.0,0.0,2022-02-21,0.6523017990286613,0.30566751738097336,0.1717469682071452
303,Taliban,2022-03-21,2022-04-18,32,170.0,170.0,112.0,60.0,45.0,57.0,96.0,17.0,93.0,26.0,4.543294782270004,5.14166355650266,0.6588235294117647,0.35294117647058826,0.2647058823529412,0.3352941176470588,0.5647058823529412,0.1,5.087596335232384,161.0,2.70805020110221,3.4657359027997265,2022-04-18,2022-05-16,2.4531143052703626,0.0,1.0,0.0,2022-03-21,0.6681715575620767,0.25559478389613355,0.1691827173347215
303,Taliban,2022-04-18,2022-05-16,33,241.0,241.0,199.0,148.0,122.0,153.0,73.0,15.0,161.0,53.0,5.087596335232384,5.488937726156687,0.8257261410788381,0.6141078838174274,0.5062240663900415,0.6348547717842323,0.3029045643153527,0.06224066390041494,4.624972813284271,101.0,4.543294782270004,2.70805020110221,2022-05-16,2022-06-13,2.529774127310062,0.0,1.0,0.0,2022-04-18,0.9243651826943791,0.6299000212891591,0.4850324565376157
303,Taliban,2022-05-16,2022-06-13,34,171.0,171.0,109.0,68.0,47.0,79.0,75.0,17.0,101.0,46.0,4.624972813284271,5.147494476813453,0.6374269005847953,0.39766081871345027,0.27485380116959063,0.4619883040935672,0.43859649122807015,0.09941520467836257,4.867534450455582,129.0,5.087596335232384,4.543294782270004,2022-06-13,2022-07-11,2.6064339493497606,0.0,1.0,0.0,2022-05-16,0.6353279738096181,0.3196871656391705,0.1824538402709494
303,Taliban,2022-06-13,2022-07-11,35,196.0,196.0,135.0,98.0,76.0,114.0,56.0,26.0,129.0,42.0,4.867534450455582,5.2832037287379885,0.6887755102040817,0.5,0.3877551020408163,0.5816326530612245,0.2857142857142857,0.1326530612244898,4.394449154672439,80.0,4.624972813284271,5.087596335232384,2022-07-11,2022-08-08,2.6830937713894594,0.0,1.0,0.0,2022-06-13,0.7141475100198094,0.46636011616650536,0.330102542491923
303,Taliban,2022-07-11,2022-08-08,36,280.0,280.0,202.0,153.0,132.0,154.0,98.0,28.0,80.0,35.0,4.394449154672439,5.638354669333745,0.7214285714285714,0.5464285714285714,0.4714285714285714,0.55,0.35,0.1,3.7612001156935624,42.0,4.867534450455582,4.624972813284271,2022-08-08,2022-09-05,2.759753593429158,0.0,1.0,0.0,2022-07-11,0.764269590454692,0.5329017424975798,0.43952802359882004
303,Taliban,2022-08-08,2022-09-05,37,375.0,375.0,258.0,184.0,146.0,193.0,151.0,31.0,42.0,34.0,3.7612001156935624,5.929589143389895,0.688,0.49066666666666664,0.3893333333333333,0.5146666666666667,0.4026666666666667,0.08266666666666667,5.43372200355424,228.0,4.394449154672439,4.867534450455582,2022-09-05,2022-10-03,2.836413415468857,0.0,1.0,0.0,2022-08-08,0.7129571106094807,0.4529835430784124,0.33216650278597176
303,Taliban,2022-09-05,2022-10-03,38,255.0,255.0,190.0,147.0,120.0,153.0,70.0,32.0,228.0,51.0,5.43372200355424,5.545177444479562,0.7450980392156863,0.5764705882352941,0.47058823529411764,0.6,0.27450980392156865,0.12549019607843137,4.727387818712341,112.0,3.7612001156935624,4.394449154672439,2022-10-03,2022-10-31,2.9130732375085557,0.0,1.0,0.0,2022-09-05,0.8006019563581641,0.5759580889470987,0.43842905893920986
303,Taliban,2022-10-03,2022-10-31,39,188.0,188.0,147.0,105.0,93.0,108.0,62.0,18.0,112.0,39.0,4.727387818712341,5.241747015059643,0.7819148936170213,0.5585106382978723,0.4946808510638298,0.574468085106383,0.32978723404255317,0.09574468085106383,3.332204510175204,27.0,5.43372200355424,3.7612001156935624,2022-10-31,2022-11-28,2.9897330595482545,0.0,1.0,0.0,2022-10-03,0.8571154123240958,0.550217812197483,0.4699366095525011
303,Taliban,2022-10-31,2022-11-28,40,129.0,129.0,78.0,52.0,45.0,56.0,57.0,16.0,27.0,17.0,3.332204510175204,4.867534450455582,0.6046511627906976,0.40310077519379844,0.3488372093023256,0.43410852713178294,0.4418604651162791,0.12403100775193798,3.784189633918261,43.0,4.727387818712341,5.43372200355424,2022-11-28,2022-12-26,3.0663928815879533,0.0,1.0,0.0,2022-10-31,0.5850175862249987,0.32748373443796575,0.27920696988406396
303,Taliban,2022-11-28,2022-12-26,41,263.0,263.0,217.0,150.0,128.0,141.0,105.0,17.0,43.0,21.0,3.784189633918261,5.575949103146316,0.8250950570342205,0.5703422053231939,0.4866920152091255,0.5361216730038023,0.39923954372623577,0.06463878326996197,4.844187086458591,126.0,3.332204510175204,4.727387818712341,2022-12-26,2023-01-23,3.143052703627652,0.0,1.0,0.0,2022-11-28,0.9233964758087357,0.5671748644540064,0.4594890661043627
303,Taliban,2022-12-26,2023-01-23,42,497.0,497.0,243.0,114.0,99.0,131.0,262.0,104.0,126.0,20.0,4.844187086458591,6.210600077024653,0.48893360160965793,0.22937625754527163,0.19919517102615694,0.2635814889336016,0.5271629778672032,0.20925553319919518,2.6390573296152584,13.0,3.784189633918261,3.332204510175204,2023-01-23,2023-02-20,3.2197125256673513,0.0,1.0,0.0,2022-12-26,0.4073924358793847,0.07850101577519329,0.08350990901159168
303,Taliban,2023-01-23,2023-02-20,43,195.0,195.0,123.0,83.0,71.0,85.0,85.0,25.0,13.0,17.0,2.6390573296152584,5.278114659230517,0.6307692307692307,0.4256410256410256,0.3641025641025641,0.4358974358974359,0.4358974358974359,0.1282051282051282,3.6109179126442243,36.0,4.844187086458591,3.784189633918261,2023-02-20,2023-03-20,3.29637234770705,0.0,1.0,0.0,2023-01-23,0.6251085257857266,0.3597885173877429,0.29917051155989205
303,Taliban,2023-02-20,2023-03-20,44,209.0,209.0,155.0,109.0,101.0,109.0,83.0,17.0,36.0,20.0,3.6109179126442243,5.3471075307174685,0.7416267942583732,0.5215311004784688,0.48325358851674644,0.5215311004784688,0.39712918660287083,0.08133971291866028,4.07753744390572,58.0,2.6390573296152584,4.844187086458591,2023-03-20,2023-04-17,3.373032169746749,0.0,1.0,0.0,2023-02-20,0.7952736345275254,0.4972185810826458,0.4549924018950568
303,Taliban,2023-03-20,2023-04-17,45,252.0,252.0,161.0,81.0,68.0,78.0,134.0,40.0,58.0,16.0,4.07753744390572,5.53338948872752,0.6388888888888888,0.32142857142857145,0.2698412698412698,0.30952380952380953,0.5317460317460317,0.15873015873015872,2.833213344056216,16.0,3.6109179126442243,2.6390573296152584,2023-04-17,2023-05-15,3.4496919917864477,0.0,1.0,0.0,2023-03-20,0.637572109355405,0.210430784123911,0.17589861247678354
303,Taliban,2023-04-17,2023-05-15,46,297.0,297.0,208.0,150.0,123.0,140.0,115.0,42.0,16.0,12.0,2.833213344056216,5.697093486505405,0.7003367003367004,0.5050505050505051,0.41414141414141414,0.4713804713804714,0.3872053872053872,0.1414141414141414,3.7376696182833684,41.0,4.07753744390572,3.6109179126442243,2023-05-15,2023-06-12,3.5263518138261465,0.0,1.0,0.0,2023-04-17,0.7318938063859057,0.47359852151720505,0.36460971564216405
303,Taliban,2023-05-15,2023-06-12,47,338.0,338.0,254.0,193.0,170.0,204.0,104.0,30.0,41.0,13.0,3.7376696182833684,5.82600010738045,0.7514792899408284,0.5710059171597633,0.5029585798816568,0.6035502958579881,0.3076923076923077,0.08875739644970414,2.833213344056216,16.0,2.833213344056216,4.07753744390572,2023-06-12,2023-07-10,3.6030116358658453,0.0,1.0,0.0,2023-05-15,0.8103971041981113,0.5681260990852175,0.48076195795732896
303,Taliban,2023-06-12,2023-07-10,48,145.0,145.0,68.0,46.0,44.0,54.0,73.0,18.0,16.0,12.0,2.833213344056216,4.983606621708336,0.4689655172413793,0.31724137931034485,0.30344827586206896,0.3724137931034483,0.503448275862069,0.12413793103448276,2.4849066497880004,11.0,3.7376696182833684,2.833213344056216,2023-07-10,2023-08-07,3.679671457905544,0.0,1.0,0.0,2023-06-12,0.37674165174748964,0.2044296825449812,0.21984877767605873
303,Taliban,2023-07-10,2023-08-07,49,184.0,184.0,98.0,45.0,38.0,53.0,102.0,29.0,11.0,11.0,2.4849066497880004,5.220355825078324,0.532608695652174,0.24456521739130435,0.20652173913043478,0.28804347826086957,0.5543478260869565,0.15760869565217392,2.9444389791664403,18.0,2.833213344056216,3.7376696182833684,2023-08-07,2023-09-04,3.756331279945243,0.0,1.0,0.0,2023-07-10,0.47443321228776136,0.10026989772296815,0.0930913599247574
303,Taliban,2023-08-07,2023-09-04,50,228.0,228.0,116.0,64.0,58.0,78.0,123.0,27.0,18.0,16.0,2.9444389791664403,5.43372200355424,0.5087719298245614,0.2807017543859649,0.2543859649122807,0.34210526315789475,0.5394736842105263,0.11842105263157894,2.6390573296152584,13.0,2.4849066497880004,2.833213344056216,2023-09-04,2023-10-02,3.8329911019849416,0.0,1.0,0.0,2023-08-07,0.4378440457803652,0.15206093646507363,0.1556866601114389
303,Taliban,2023-09-04,2023-10-02,51,191.0,191.0,125.0,76.0,55.0,82.0,87.0,22.0,13.0,12.0,2.6390573296152584,5.2574953720277815,0.6544502617801047,0.39790575916230364,0.2879581151832461,0.4293193717277487,0.45549738219895286,0.11518324607329843,2.1972245773362196,8.0,2.9444389791664403,2.4849066497880004,2023-10-02,2023-10-30,3.909650924024641,0.0,1.0,0.0,2023-09-04,0.6614586411071585,0.32003821533377597,0.19959124207838477
303,Taliban,2023-10-02,2023-10-30,52,128.0,128.0,58.0,27.0,23.0,43.0,55.0,30.0,8.0,14.0,2.1972245773362196,4.859812404361672,0.453125,0.2109375,0.1796875,0.3359375,0.4296875,0.234375,2.0794415416798357,7.0,2.6390573296152584,2.9444389791664403,2023-10-30,2023-11-27,3.9863107460643397,0.0,1.0,0.0,2023-10-02,0.3524266365688487,0.052074509922555676,0.05799840216322518
303,Taliban,2023-10-30,2023-11-27,53,7.0,7.0,2.0,0.0,0.0,0.0,6.0,1.0,7.0,11.0,2.0794415416798357,2.0794415416798357,0.2857142857142857,0.0,0.0,0.0,0.8571428571428571,0.14285714285714285,2.0794415416798357,7.0,2.1972245773362196,2.6390573296152584,2023-11-27,2023-12-25,4.0629705681040384,0.0,1.0,0.0,2023-10-30,0.09545307965172521,0.0,0.0
303,Taliban,2023-11-27,2023-12-25,54,106.0,106.0,61.0,31.0,25.0,31.0,63.0,12.0,7.0,13.0,2.0794415416798357,4.672828834461906,0.5754716981132075,0.29245283018867924,0.2358490566037736,0.29245283018867924,0.5943396226415094,0.11320754716981132,2.4849066497880004,11.0,2.0794415416798357,2.1972245773362196,2023-12-25,2024-01-22,4.139630390143737,0.0,1.0,0.0,2023-11-27,0.5402274372843818,0.16890262835850883,0.13144468562735387
303,Taliban,2023-12-25,2024-01-22,55,86.0,86.0,53.0,32.0,26.0,34.0,43.0,9.0,11.0,17.0,2.4849066497880004,4.465908118654584,0.6162790697674418,0.37209302325581395,0.3023255813953488,0.3953488372093023,0.5,0.10465116279069768,0.6931471805599453,1.0,2.0794415416798357,2.0794415416798357,2024-01-22,2024-02-19,4.216290212183436,0.0,1.0,0.0,2023-12-25,0.6028662921938159,0.2830432922848331,0.21838055384052502
303,Taliban,2024-01-22,2024-02-19,56,82.0,82.0,31.0,7.0,7.0,11.0,56.0,15.0,1.0,15.0,0.6931471805599453,4.418840607796598,0.3780487804878049,0.08536585365853659,0.08536585365853659,0.13414634146341464,0.6829268292682927,0.18292682926829268,2.0794415416798357,7.0,2.4849066497880004,2.0794415416798357,2024-02-19,2024-03-18,4.292950034223135,0.0,1.0,0.0,2024-01-22,0.23718548697902328,0.0,0.0
303,Taliban,2024-02-19,2024-03-18,57,121.0,121.0,64.0,28.0,23.0,30.0,73.0,18.0,7.0,19.0,2.0794415416798357,4.804021044733257,0.5289256198347108,0.23140495867768596,0.19008264462809918,0.24793388429752067,0.6033057851239669,0.1487603305785124,3.784189633918261,43.0,0.6931471805599453,2.4849066497880004,2024-03-18,2024-04-15,4.369609856262834,0.0,1.0,0.0,2024-02-19,0.46877973247765986,0.08140855887929727,0.07159283909082784
303,Taliban,2024-03-18,2024-04-15,58,241.0,241.0,174.0,115.0,109.0,125.0,103.0,13.0,43.0,16.0,3.784189633918261,5.488937726156687,0.7219917012448133,0.47717842323651455,0.45228215767634855,0.5186721991701245,0.42738589211618255,0.05394190871369295,2.833213344056216,16.0,2.0794415416798357,0.6931471805599453,2024-04-15,2024-05-13,4.446269678302532,0.0,1.0,0.0,2024-03-18,0.7651339883667563,0.43365213514197465,0.41448895743317954
303,Taliban,2024-04-15,2024-05-13,59,137.0,137.0,80.0,57.0,45.0,54.0,59.0,24.0,16.0,16.0,2.833213344056216,4.927253685157205,0.583941605839416,0.41605839416058393,0.3284671532846715,0.39416058394160586,0.4306569343065693,0.17518248175182483,3.258096538021482,25.0,3.784189633918261,2.0794415416798357,2024-05-13,2024-06-10,4.522929500342231,0.0,1.0,0.0,2024-04-15,0.5532286500469591,0.34605464913334416,0.2525676635876235
303,Taliban,2024-05-13,2024-06-10,60,148.0,148.0,104.0,89.0,78.0,89.0,44.0,15.0,25.0,15.0,3.258096538021482,5.003946305945459,0.7027027027027027,0.6013513513513513,0.527027027027027,0.6013513513513513,0.2972972972972973,0.10135135135135136,2.4849066497880004,11.0,2.833213344056216,3.784189633918261,2024-06-10,2024-07-08,4.59958932238193,0.0,1.0,0.0,2024-05-13,0.7355255933134037,0.6116173046231129,0.5122379016184325
303,Taliban,2024-06-10,2024-07-08,61,92.0,92.0,56.0,21.0,18.0,23.0,55.0,14.0,11.0,13.0,2.4849066497880004,4.532599493153256,0.6086956521739131,0.22826086956521738,0.1956521739130435,0.25,0.5978260869565217,0.15217391304347827,2.0794415416798357,7.0,3.258096538021482,2.833213344056216,2024-07-08,2024-08-05,4.676249144421629,0.0,1.0,0.0,2024-06-10,0.5912258317793699,0.076902436971253,0.0788764909580608
303,Taliban,2024-07-08,2024-08-05,62,84.0,84.0,40.0,17.0,16.0,18.0,43.0,23.0,7.0,17.0,2.0794415416798357,4.442651256490317,0.47619047619047616,0.20238095238095238,0.19047619047619047,0.21428571428571427,0.5119047619047619,0.27380952380952384,2.8903717578961645,17.0,2.4849066497880004,3.258096538021482,2024-08-05,2024-09-02,4.7529089664613275,0.0,1.0,0.0,2024-07-08,0.3878318821885413,0.03981122942884804,0.0721075057358243
303,Taliban,2024-08-05,2024-09-02,63,125.0,125.0,76.0,39.0,32.0,46.0,70.0,9.0,17.0,18.0,2.8903717578961645,4.836281906951478,0.608,0.312,0.256,0.368,0.56,0.072,3.5553480614894135,34.0,2.0794415416798357,2.4849066497880004,2024-09-02,2024-09-30,4.829568788501026,0.0,1.0,0.0,2024-08-05,0.5901580135440181,0.19691771539206196,0.15779744346116029
303,Taliban,2024-09-02,2024-09-30,64,162.0,162.0,114.0,75.0,70.0,81.0,72.0,9.0,34.0,25.0,3.5553480614894135,5.093750200806762,0.7037037037037037,0.46296296296296297,0.43209876543209874,0.5,0.4444444444444444,0.05555555555555555,2.70805020110221,14.0,2.8903717578961645,2.0794415416798357,2024-09-30,2024-10-28,4.906228610540725,0.0,1.0,0.0,2024-09-02,0.7370621185519606,0.4132784769280413,0.388093764036078
303,Taliban,2024-09-30,2024-10-28,65,109.0,109.0,79.0,50.0,41.0,52.0,50.0,7.0,14.0,19.0,2.70805020110221,4.700480365792417,0.7247706422018348,0.45871559633027525,0.3761467889908257,0.47706422018348627,0.45871559633027525,0.06422018348623854,2.1972245773362196,8.0,3.5553480614894135,2.8903717578961645,2024-10-28,2024-11-25,4.982888432580425,0.0,1.0,0.0,2024-09-30,0.7693996313707623,0.4071911329786762,0.31492156279036204
303,Taliban,2024-10-28,2024-11-25,66,78.0,78.0,50.0,30.0,24.0,33.0,41.0,4.0,8.0,15.0,2.1972245773362196,4.3694478524670215,0.6410256410256411,0.38461538461538464,0.3076923076923077,0.4230769230769231,0.5256410256410257,0.05128205128205128,2.9444389791664403,18.0,2.70805020110221,3.5553480614894135,2024-11-25,2024-12-23,5.059548254620124,0.0,1.0,0.0,2024-10-28,0.6408519997684784,0.3009903939235982,0.2253989864609334
303,Taliban,2024-11-25,2024-12-23,67,148.0,148.0,103.0,81.0,76.0,89.0,42.0,17.0,18.0,18.0,2.9444389791664403,5.003946305945459,0.6959459459459459,0.5472972972972973,0.5135135135135135,0.6013513513513513,0.28378378378378377,0.11486486486486487,3.5263605246161616,33.0,2.1972245773362196,2.70805020110221,2024-12-23,2025-01-20,5.136208076659822,0.0,1.0,0.0,2024-11-25,0.725154047953145,0.5341468041129221,0.49456536182199895
303,Taliban,2024-12-23,2025-01-20,68,275.0,275.0,221.0,167.0,150.0,162.0,101.0,12.0,33.0,19.0,3.5263605246161616,5.62040086571715,0.8036363636363636,0.6072727272727273,0.5454545454545454,0.5890909090909091,0.36727272727272725,0.04363636363636364,3.6109179126442243,36.0,2.9444389791664403,2.1972245773362196,2025-01-20,2025-02-17,5.212867898699521,0.0,1.0,0.0,2024-12-23,0.8904576236404678,0.6201038458153657,0.5363368195226602
303,Taliban,2025-01-20,2025-02-17,69,139.0,139.0,114.0,67.0,61.0,71.0,57.0,11.0,36.0,19.0,3.6109179126442243,4.941642422609304,0.8201438848920863,0.48201438848920863,0.43884892086330934,0.5107913669064749,0.41007194244604317,0.07913669064748201,1.791759469228055,5.0,3.5263605246161616,2.9444389791664403,2025-02-17,2025-03-17,5.28952772073922,0.0,1.0,0.0,2025-01-20,0.9157964824528639,0.4405830611406325,0.39692140093235145
303,Taliban,2025-02-17,2025-03-17,70,154.0,154.0,119.0,74.0,64.0,77.0,67.0,10.0,5.0,19.0,1.791759469228055,5.043425116919247,0.7727272727272727,0.4805194805194805,0.4155844155844156,0.5,0.43506493506493504,0.06493506493506493,0.0,0.0,3.6109179126442243,3.5263605246161616,2025-03-17,2025-04-14,5.366187542778919,0.0,1.0,0.0,2025-02-17,0.8430125179560846,0.43844055267094956,0.36649682667381783
303,Taliban,2025-03-17,2025-04-14,71,87.0,87.0,62.0,21.0,19.0,31.0,55.0,1.0,0.0,12.0,0.0,4.477336814478207,0.7126436781609196,0.2413793103448276,0.21839080459770116,0.3563218390804598,0.632183908045977,0.011494252873563218,0.6931471805599453,1.0,1.791759469228055,3.6109179126442243,2025-04-14,2025-05-12,5.4428473648186175,0.0,1.0,0.0,2025-03-17,0.7507848784411406,0.09570384217378246,0.10861334327919621
303,Taliban,2025-04-14,2025-05-12,72,86.0,86.0,55.0,25.0,23.0,30.0,41.0,15.0,1.0,6.0,0.6931471805599453,4.465908118654584,0.6395348837209303,0.29069767441860467,0.26744186046511625,0.3488372093023256,0.47674418604651164,0.1744186046511628,3.1780538303479458,23.0,0.0,1.791759469228055,2025-05-12,2025-06-09,5.519507186858316,0.0,1.0,0.0,2025-04-14,0.6385637041314505,0.16638713163285984,0.17276074180787082
303,Taliban,2025-05-12,2025-06-09,73,69.0,69.0,42.0,23.0,22.0,28.0,35.0,6.0,23.0,11.0,3.1780538303479458,4.248495242049359,0.6086956521739131,0.3333333333333333,0.3188405797101449,0.4057971014492754,0.5072463768115942,0.08695652173913043,3.2188758248682006,24.0,0.6931471805599453,0.0,2025-06-09,2025-07-07,5.596167008898015,0.0,1.0,0.0,2025-05-12,0.5912258317793699,0.22749273959341723,0.2399783392472888
303,Taliban,2025-06-09,2025-07-07,74,51.0,51.0,36.0,19.0,16.0,21.0,27.0,3.0,24.0,11.0,3.2188758248682006,3.9512437185814275,0.7058823529411765,0.37254901960784315,0.3137254901960784,0.4117647058823529,0.5294117647058824,0.058823529411764705,1.791759469228055,5.0,3.1780538303479458,0.6931471805599453,2025-07-07,2025-08-04,5.672826830937714,0.0,1.0,0.0,2025-06-09,0.7404063205417608,0.2836968281988497,0.23328898914531396
303,Taliban,2025-07-07,2025-08-04,75,105.0,105.0,61.0,29.0,23.0,30.0,63.0,12.0,5.0,8.0,1.791759469228055,4.663439094112067,0.580952380952381,0.2761904761904762,0.21904761904761905,0.2857142857142857,0.6,0.11428571428571428,2.6390573296152584,13.0,3.2188758248682006,3.1780538303479458,2025-08-04,2025-09-01,5.749486652977413,0.0,1.0,0.0,2025-07-07,0.5486402235837903,0.14559535333978707,0.10947230416256966
303,Taliban,2025-08-04,2025-09-01,76,91.0,91.0,52.0,20.0,16.0,23.0,58.0,10.0,13.0,16.0,2.6390573296152584,4.5217885770490405,0.5714285714285714,0.21978021978021978,0.17582417582417584,0.25274725274725274,0.6373626373626373,0.10989010989010989,2.4849066497880004,11.0,1.791759469228055,3.2188758248682006,2025-09-01,2025-09-29,5.8261464750171115,0.0,1.0,0.0,2025-08-04,0.5340212834569493,0.064747933576588,0.052946070645185715
303,Taliban,2025-09-01,2025-09-29,77,166.0,166.0,119.0,63.0,61.0,71.0,70.0,25.0,11.0,6.0,2.4849066497880004,5.117993812416755,0.7168674698795181,0.3795180722891566,0.3674698795180723,0.42771084337349397,0.42168674698795183,0.15060240963855423,4.882801922586371,131.0,2.6390573296152584,1.791759469228055,2025-09-29,2025-10-27,5.90280629705681,0.0,1.0,0.0,2025-09-01,0.7572683510565966,0.2936849041859597,0.30357417872078285
303,Taliban,2025-09-29,2025-10-27,78,677.0,677.0,604.0,446.0,380.0,434.0,229.0,14.0,131.0,14.0,4.882801922586371,6.519147287940395,0.8921713441654358,0.6587887740029542,0.5612998522895125,0.6410635155096012,0.33825701624815363,0.0206794682422452,2.4849066497880004,11.0,2.4849066497880004,2.6390573296152584,2025-10-27,2025-11-24,5.979466119096509,0.0,1.0,0.0,2025-09-29,1.0,0.6939368634185612,0.5570588038791068
303,Taliban,2025-10-27,2025-11-24,79,248.0,248.0,198.0,86.0,75.0,82.0,154.0,12.0,11.0,3.0,2.4849066497880004,5.517452896464707,0.7983870967741935,0.3467741935483871,0.3024193548387097,0.33064516129032256,0.6209677419354839,0.04838709677419355,2.995732273553991,19.0,4.882801922586371,2.4849066497880004,2025-11-24,2025-12-22,6.056125941136208,0.0,1.0,0.0,2025-10-27,0.882400058253841,0.2467562377041502,0.21850318774383862
303,Taliban,2025-11-24,2025-12-22,80,242.0,242.0,209.0,142.0,119.0,142.0,90.0,10.0,19.0,8.0,2.995732273553991,5.493061443340548,0.8636363636363636,0.5867768595041323,0.49173553719008267,0.5867768595041323,0.371900826446281,0.04132231404958678,,,2.4849066497880004,4.882801922586371,,,6.132785763175907,0.0,0.0,0.0,2025-11-24,0.9825569464395649,0.5907290808285265,0.4660848224806391
group:farc_bloc,FARC family,2020-01-27,2020-02-24,4,38.0,38.0,32.0,14.0,14.0,12.0,23.0,3.0,11.0,5.0,2.4849066497880004,3.6635616461296463,0.8421052631578947,0.3684210526315789,0.3684210526315789,0.3157894736842105,0.6052631578947368,0.07894736842105263,0.0,0.0,2.0794415416798357,2.3978952727983707,2020-02-24,2020-03-23,0.3066392881587953,0.0,0.0,0.0,2020-01-27,0.9495069502197933,0.2777806083456463,0.3048180924287119
group:farc_bloc,FARC family,2020-02-24,2020-03-23,5,37.0,37.0,24.0,10.0,11.0,9.0,21.0,7.0,0.0,0.0,0.0,3.6375861597263857,0.6486486486486487,0.2702702702702703,0.2972972972972973,0.24324324324324326,0.5675675675675675,0.1891891891891892,2.3978952727983707,10.0,2.4849066497880004,2.0794415416798357,2020-03-23,2020-04-20,0.38329911019849416,0.0,0.0,0.0,2020-02-24,0.6525532304313343,0.13711048899819475,0.2118047250790614
group:farc_bloc,FARC family,2020-03-23,2020-04-20,6,28.0,28.0,21.0,18.0,18.0,18.0,4.0,6.0,10.0,3.0,2.3978952727983707,3.367295829986474,0.75,0.6428571428571429,0.6428571428571429,0.6428571428571429,0.14285714285714285,0.21428571428571427,1.791759469228055,5.0,0.0,2.4849066497880004,2020-04-20,2020-05-18,0.459958932238193,0.0,0.0,0.0,2020-03-23,0.8081264108352144,0.6711035818005809,0.6637168141592921
group:farc_bloc,FARC family,2020-04-20,2020-05-18,7,19.0,19.0,11.0,7.0,5.0,8.0,8.0,3.0,5.0,4.0,1.791759469228055,2.995732273553991,0.5789473684210527,0.3684210526315789,0.2631578947368421,0.42105263157894735,0.42105263157894735,0.15789473684210525,1.9459101490553132,6.0,2.3978952727983707,0.0,2020-05-18,2020-06-15,0.5366187542778919,0.0,0.0,0.0,2020-04-20,0.5455625519781395,0.2777806083456463,0.16715830875122908
group:farc_bloc,FARC family,2020-05-18,2020-06-15,8,27.0,27.0,21.0,13.0,12.0,12.0,11.0,4.0,6.0,4.0,1.9459101490553132,3.332204510175204,0.7777777777777778,0.48148148148148145,0.4444444444444444,0.4444444444444444,0.4074074074074074,0.14814814814814814,2.1972245773362196,8.0,1.791759469228055,2.3978952727983707,2020-06-15,2020-07-13,0.6132785763175906,0.0,0.0,0.0,2020-05-18,0.8507649862051668,0.4398192965472733,0.40423904730689386
group:farc_bloc,FARC family,2020-06-15,2020-07-13,9,33.0,33.0,26.0,14.0,12.0,13.0,17.0,3.0,8.0,2.0,2.1972245773362196,3.5263605246161616,0.7878787878787878,0.42424242424242425,0.36363636363636365,0.3939393939393939,0.5151515151515151,0.09090909090909091,2.0794415416798357,7.0,1.9459101490553132,1.791759469228055,2020-07-13,2020-08-10,0.6899383983572895,0.0,0.0,0.0,2020-06-15,0.8662699227033313,0.35778403590601077,0.29856082953428087
group:farc_bloc,FARC family,2020-07-13,2020-08-10,10,41.0,41.0,26.0,15.0,14.0,17.0,20.0,4.0,7.0,6.0,2.0794415416798357,3.7376696182833684,0.6341463414634146,0.36585365853658536,0.34146341463414637,0.4146341463414634,0.4878048780487805,0.0975609756097561,2.8903717578961645,17.0,2.1972245773362196,1.9459101490553132,2020-08-10,2020-09-07,0.7665982203969883,0.0,0.0,0.0,2020-07-13,0.6302923525849254,0.27410100819304417,0.26956375758447854
group:farc_bloc,FARC family,2020-08-10,2020-09-07,11,55.0,55.0,34.0,26.0,25.0,27.0,22.0,6.0,17.0,5.0,2.8903717578961645,4.02535169073515,0.6181818181818182,0.4727272727272727,0.45454545454545453,0.4909090909090909,0.4,0.10909090909090909,2.4849066497880004,11.0,2.0794415416798357,2.1972245773362196,2020-09-07,2020-10-05,0.8432580424366872,0.0,0.0,0.0,2020-08-10,0.6057869895341679,0.4272727272727273,0.41744882452847054
group:farc_bloc,FARC family,2020-09-07,2020-10-05,12,50.0,50.0,31.0,17.0,17.0,20.0,24.0,6.0,11.0,8.0,2.4849066497880004,3.9318256327243257,0.62,0.34,0.34,0.4,0.48,0.12,1.9459101490553132,6.0,2.8903717578961645,2.0794415416798357,2020-10-05,2020-11-02,0.919917864476386,0.0,0.0,0.0,2020-09-07,0.6085778781038375,0.23704743465634082,0.2676499508357916
group:farc_bloc,FARC family,2020-10-05,2020-11-02,13,44.0,44.0,25.0,9.0,10.0,7.0,32.0,5.0,6.0,4.0,1.9459101490553132,3.8066624897703196,0.5681818181818182,0.20454545454545456,0.22727272727272727,0.1590909090909091,0.7272727272727273,0.11363636363636363,1.0986122886681098,2.0,2.4849066497880004,2.8903717578961645,2020-11-02,2020-11-30,0.9965776865160849,0.0,0.0,0.0,2020-10-05,0.5290375538682537,0.042913403150576464,0.12022883704299633
group:farc_bloc,FARC family,2020-11-02,2020-11-30,14,37.0,37.0,27.0,17.0,16.0,14.0,23.0,0.0,2.0,3.0,1.0986122886681098,3.6375861597263857,0.7297297297297297,0.4594594594594595,0.43243243243243246,0.3783783783783784,0.6216216216216216,0.0,1.0986122886681098,2.0,1.9459101490553132,2.4849066497880004,2020-11-30,2020-12-28,1.0732375085557837,0.0,0.0,0.0,2020-11-02,0.7770117747544384,0.40825724078386233,0.3885301230433974
group:farc_bloc,FARC family,2020-11-30,2020-12-28,15,29.0,29.0,21.0,9.0,10.0,7.0,22.0,0.0,2.0,2.0,1.0986122886681098,3.4011973816621555,0.7241379310344828,0.3103448275862069,0.3448275862068966,0.2413793103448276,0.7586206896551724,0.0,1.9459101490553132,6.0,1.0986122886681098,1.9459101490553132,2020-12-28,2021-01-25,1.1498973305954825,0.0,0.0,0.0,2020-11-30,0.7684284268700864,0.19454551523850855,0.2739633133285865
group:farc_bloc,FARC family,2020-12-28,2021-01-25,16,37.0,37.0,30.0,26.0,26.0,26.0,6.0,5.0,6.0,3.0,1.9459101490553132,3.6375861597263857,0.8108108108108109,0.7027027027027027,0.7027027027027027,0.7027027027027027,0.16216216216216217,0.13513513513513514,2.0794415416798357,7.0,1.0986122886681098,1.0986122886681098,2021-01-25,2021-02-22,1.2265571526351813,0.0,0.0,0.0,2020-12-28,0.9014703190775426,0.7568744930797208,0.7419809189720694
group:farc_bloc,FARC family,2021-01-25,2021-02-22,17,43.0,43.0,34.0,16.0,16.0,14.0,28.0,1.0,7.0,4.0,2.0794415416798357,3.784189633918261,0.7906976744186046,0.37209302325581395,0.37209302325581395,0.32558139534883723,0.6511627906976745,0.023255813953488372,3.367295829986474,28.0,1.9459101490553132,1.0986122886681098,2021-02-22,2021-03-22,1.3032169746748803,0.0,0.0,0.0,2021-01-25,0.8705968817260749,0.2830432922848331,0.3096201779058334
group:farc_bloc,FARC family,2021-02-22,2021-03-22,18,52.0,52.0,35.0,24.0,18.0,26.0,22.0,4.0,28.0,7.0,3.367295829986474,3.970291913552122,0.6730769230769231,0.46153846153846156,0.34615384615384615,0.5,0.4230769230769231,0.07692307692307693,3.1780538303479458,23.0,2.0794415416798357,1.9459101490553132,2021-03-22,2021-04-19,1.379876796714579,0.0,0.0,0.0,2021-02-22,0.6900503559645773,0.41123687541886966,0.2756977535738598
group:farc_bloc,FARC family,2021-03-22,2021-04-19,19,81.0,81.0,69.0,51.0,29.0,56.0,20.0,5.0,23.0,6.0,3.1780538303479458,4.406719247264253,0.8518518518518519,0.6296296296296297,0.35802469135802467,0.691358024691358,0.24691358024691357,0.06172839506172839,1.791759469228055,5.0,3.367295829986474,2.0794415416798357,2021-04-19,2021-05-17,1.4565366187542779,0.0,0.0,0.0,2021-03-22,0.9644678538583731,0.6521458535011294,0.2912220644111827
group:farc_bloc,FARC family,2021-04-19,2021-05-17,20,36.0,36.0,31.0,20.0,15.0,15.0,15.0,6.0,5.0,4.0,1.791759469228055,3.6109179126442243,0.8611111111111112,0.5555555555555556,0.4166666666666667,0.4166666666666667,0.4166666666666667,0.16666666666666666,0.6931471805599453,1.0,3.1780538303479458,3.367295829986474,2021-05-17,2021-06-14,1.5331964407939767,0.0,0.0,0.0,2021-04-19,0.9786807123150238,0.5459825750242014,0.3679121599475582
group:farc_bloc,FARC family,2021-05-17,2021-06-14,21,46.0,46.0,37.0,32.0,27.0,32.0,11.0,3.0,1.0,1.0,0.6931471805599453,3.8501476017100584,0.8043478260869565,0.6956521739130435,0.5869565217391305,0.6956521739130435,0.2391304347826087,0.06521739130434782,3.5263605246161616,33.0,1.791759469228055,3.1780538303479458,2021-06-14,2021-07-12,1.6098562628336757,0.0,0.0,0.0,2021-05-17,0.8915497104720778,0.7467696451870869,0.5906117737591382
group:farc_bloc,FARC family,2021-06-14,2021-07-12,22,32.0,32.0,22.0,20.0,15.0,23.0,7.0,2.0,33.0,7.0,3.5263605246161616,3.4965075614664802,0.6875,0.625,0.46875,0.71875,0.21875,0.0625,1.3862943611198906,3.0,0.6931471805599453,1.791759469228055,2021-07-12,2021-08-09,1.6865160848733745,0.0,0.0,0.0,2021-06-14,0.7121896162528217,0.6455106485963215,0.43602507374631266
group:farc_bloc,FARC family,2021-07-12,2021-08-09,23,29.0,29.0,25.0,20.0,9.0,18.0,6.0,5.0,3.0,1.0,1.3862943611198906,3.4011973816621555,0.8620689655172413,0.6896551724137931,0.3103448275862069,0.6206896551724138,0.20689655172413793,0.1724137931034483,2.3978952727983707,10.0,3.5263605246161616,0.6931471805599453,2021-08-09,2021-09-06,1.7631759069130732,0.0,0.0,0.0,2021-07-12,0.9801510080174359,0.7381747170945021,0.22886786695148004
group:farc_bloc,FARC family,2021-08-09,2021-09-06,24,9.0,9.0,7.0,5.0,3.0,6.0,2.0,1.0,10.0,6.0,2.3978952727983707,2.302585092994046,0.7777777777777778,0.5555555555555556,0.3333333333333333,0.6666666666666666,0.2222222222222222,0.1111111111111111,3.4339872044851463,30.0,1.3862943611198906,3.5263605246161616,2021-09-06,2021-10-04,1.839835728952772,0.0,0.0,0.0,2021-08-09,0.8507649862051668,0.5459825750242014,0.25893149786955094
group:farc_bloc,FARC family,2021-09-06,2021-10-04,25,36.0,36.0,29.0,23.0,17.0,24.0,11.0,1.0,30.0,7.0,3.4339872044851463,3.6109179126442243,0.8055555555555556,0.6388888888888888,0.4722222222222222,0.6666666666666666,0.3055555555555556,0.027777777777777776,3.1780538303479458,23.0,2.3978952727983707,1.3862943611198906,2021-10-04,2021-11-01,1.9164955509924708,0.0,0.0,0.0,2021-09-06,0.8934035615751191,0.6654162633107453,0.4405659346662296
group:farc_bloc,FARC family,2021-10-04,2021-11-01,26,36.0,36.0,29.0,23.0,21.0,22.0,12.0,2.0,23.0,10.0,3.1780538303479458,3.6109179126442243,0.8055555555555556,0.6388888888888888,0.5833333333333334,0.6111111111111112,0.3333333333333333,0.05555555555555555,0.0,0.0,3.4339872044851463,2.3978952727983707,2021-11-01,2021-11-29,1.9931553730321698,0.0,0.0,0.0,2021-10-04,0.8934035615751191,0.6654162633107453,0.5858734841035727
group:farc_bloc,FARC family,2021-11-01,2021-11-29,27,19.0,19.0,15.0,10.0,10.0,9.0,10.0,0.0,0.0,4.0,0.0,2.995732273553991,0.7894736842105263,0.5263157894736842,0.5263157894736842,0.47368421052631576,0.5263157894736842,0.0,0.6931471805599453,1.0,3.1780538303479458,3.4339872044851463,2021-11-29,2021-12-27,2.0698151950718686,0.0,0.0,0.0,2021-11-01,0.8687180705714626,0.5040760177306771,0.511307767944936
group:farc_bloc,FARC family,2021-11-29,2021-12-27,28,46.0,46.0,38.0,29.0,23.0,30.0,14.0,2.0,1.0,1.0,0.6931471805599453,3.8501476017100584,0.8260869565217391,0.6304347826086957,0.5,0.6521739130434783,0.30434782608695654,0.043478260869565216,3.784189633918261,43.0,0.0,3.1780538303479458,2021-12-27,2022-01-24,2.1464750171115674,0.0,0.0,0.0,2021-11-29,0.9249190303268231,0.6532998021802265,0.4768928220255654
group:farc_bloc,FARC family,2021-12-27,2022-01-24,29,51.0,51.0,46.0,40.0,31.0,39.0,10.0,2.0,43.0,13.0,3.784189633918261,3.9512437185814275,0.9019607843137255,0.7843137254901961,0.6078431372549019,0.7647058823529411,0.19607843137254902,0.0392156862745098,3.4011973816621555,29.0,0.6931471805599453,0.0,2022-01-24,2022-02-21,2.223134839151266,0.0,0.0,0.0,2021-12-27,1.0,0.873839758555891,0.6179266200088688
group:farc_bloc,FARC family,2022-01-24,2022-02-21,30,52.0,52.0,47.0,29.0,26.0,30.0,19.0,3.0,29.0,16.0,3.4011973816621555,3.970291913552122,0.9038461538461539,0.5576923076923077,0.5,0.5769230769230769,0.36538461538461536,0.057692307692307696,3.58351893845611,35.0,3.784189633918261,0.6931471805599453,2022-02-21,2022-03-21,2.299794661190965,0.0,0.0,0.0,2022-01-24,1.0,0.549044977287959,0.4768928220255654
group:farc_bloc,FARC family,2022-02-21,2022-03-21,31,32.0,32.0,27.0,17.0,17.0,16.0,13.0,3.0,35.0,8.0,3.58351893845611,3.4965075614664802,0.84375,0.53125,0.53125,0.5,0.40625,0.09375,2.995732273553991,19.0,3.4011973816621555,3.784189633918261,2022-03-21,2022-04-18,2.3764544832306638,0.0,0.0,0.0,2022-02-21,0.9520316027088036,0.5111477492739593,0.517760570304818
group:farc_bloc,FARC family,2022-03-21,2022-04-18,32,37.0,37.0,28.0,24.0,23.0,24.0,9.0,4.0,19.0,5.0,2.995732273553991,3.6375861597263857,0.7567567567567568,0.6486486486486487,0.6216216216216216,0.6486486486486487,0.24324324324324326,0.10810810810810811,2.772588722239781,15.0,3.58351893845611,3.4011973816621555,2022-04-18,2022-05-16,2.4531143052703626,0.0,0.0,0.0,2022-03-21,0.8184979561954732,0.6794039925695299,0.6359456801934678
group:farc_bloc,FARC family,2022-04-18,2022-05-16,33,24.0,24.0,17.0,9.0,8.0,11.0,13.0,0.0,15.0,5.0,2.772588722239781,3.2188758248682006,0.7083333333333334,0.375,0.3333333333333333,0.4583333333333333,0.5416666666666666,0.0,2.1972245773362196,8.0,2.995732273553991,3.58351893845611,2022-05-16,2022-06-13,2.529774127310062,0.0,0.0,0.0,2022-04-18,0.744168547780286,0.28720958373668926,0.25893149786955094
group:farc_bloc,FARC family,2022-05-16,2022-06-13,34,23.0,23.0,19.0,17.0,15.0,18.0,4.0,1.0,8.0,6.0,2.1972245773362196,3.1780538303479458,0.8260869565217391,0.7391304347826086,0.6521739130434783,0.782608695652174,0.17391304347826086,0.043478260869565216,2.833213344056216,16.0,2.772588722239781,2.995732273553991,2022-06-13,2022-07-11,2.6064339493497606,0.0,0.0,0.0,2022-05-16,0.9249190303268231,0.8090828738583272,0.6759009875593177
group:farc_bloc,FARC family,2022-06-13,2022-07-11,35,41.0,41.0,29.0,18.0,15.0,17.0,23.0,1.0,16.0,10.0,2.833213344056216,3.7376696182833684,0.7073170731707317,0.43902439024390244,0.36585365853658536,0.4146341463414634,0.5609756097560976,0.024390243902439025,2.6390573296152584,13.0,2.1972245773362196,2.772588722239781,2022-07-11,2022-08-08,2.6830937713894594,0.0,0.0,0.0,2022-06-13,0.7426085999008973,0.37896961254220485,0.3014605367292611
group:farc_bloc,FARC family,2022-07-11,2022-08-08,36,42.0,42.0,35.0,26.0,22.0,25.0,15.0,2.0,13.0,6.0,2.6390573296152584,3.7612001156935624,0.8333333333333334,0.6190476190476191,0.5238095238095238,0.5952380952380952,0.35714285714285715,0.047619047619047616,2.70805020110221,14.0,2.833213344056216,2.1972245773362196,2022-08-08,2022-09-05,2.759753593429158,0.0,0.0,0.0,2022-07-11,0.9360421369450715,0.6369796708615683,0.5080301540478532
group:farc_bloc,FARC family,2022-08-08,2022-09-05,37,22.0,22.0,18.0,11.0,10.0,8.0,12.0,2.0,14.0,5.0,2.70805020110221,3.1354942159291497,0.8181818181818182,0.5,0.45454545454545453,0.36363636363636365,0.5454545454545454,0.09090909090909091,1.9459101490553132,6.0,2.6390573296152584,2.833213344056216,2022-09-05,2022-10-03,2.836413415468857,0.0,0.0,0.0,2022-08-08,0.9127847321978249,0.46636011616650536,0.41744882452847054
group:farc_bloc,FARC family,2022-09-05,2022-10-03,38,6.0,6.0,5.0,3.0,3.0,3.0,3.0,0.0,6.0,6.0,1.9459101490553132,1.9459101490553132,0.8333333333333334,0.5,0.5,0.5,0.5,0.0,2.833213344056216,16.0,2.70805020110221,2.6390573296152584,2022-10-03,2022-10-31,2.9130732375085557,0.0,0.0,0.0,2022-09-05,0.9360421369450715,0.46636011616650536,0.4768928220255654
group:farc_bloc,FARC family,2022-10-03,2022-10-31,39,7.0,7.0,6.0,4.0,3.0,4.0,2.0,1.0,16.0,7.0,2.833213344056216,2.0794415416798357,0.8571428571428571,0.5714285714285714,0.42857142857142855,0.5714285714285714,0.2857142857142857,0.14285714285714285,1.3862943611198906,3.0,1.9459101490553132,2.70805020110221,2022-10-31,2022-11-28,2.9897330595482545,0.0,0.0,0.0,2022-10-03,0.9725894872621734,0.568731848983543,0.38348082595870203
group:farc_bloc,FARC family,2022-10-31,2022-11-28,40,16.0,16.0,14.0,11.0,10.0,11.0,4.0,1.0,3.0,1.0,1.3862943611198906,2.833213344056216,0.875,0.6875,0.625,0.6875,0.25,0.0625,2.995732273553991,19.0,2.833213344056216,1.9459101490553132,2022-11-28,2022-12-26,3.0663928815879533,0.0,0.0,0.0,2022-10-31,1.0,0.7350859148112294,0.6403638151425762
group:farc_bloc,FARC family,2022-11-28,2022-12-26,41,38.0,38.0,28.0,24.0,22.0,25.0,8.0,5.0,19.0,5.0,2.995732273553991,3.6635616461296463,0.7368421052631579,0.631578947368421,0.5789473684210527,0.6578947368421053,0.21052631578947367,0.13157894736842105,3.091042453358316,21.0,1.3862943611198906,2.833213344056216,2022-12-26,2023-01-23,3.143052703627652,0.0,0.0,0.0,2022-11-28,0.7879291909231317,0.6549396239873643,0.5801376597836775
group:farc_bloc,FARC family,2022-12-26,2023-01-23,42,14.0,14.0,13.0,9.0,6.0,7.0,6.0,1.0,21.0,12.0,3.091042453358316,2.70805020110221,0.9285714285714286,0.6428571428571429,0.42857142857142855,0.5,0.42857142857142855,0.07142857142857142,2.0794415416798357,7.0,2.995732273553991,1.3862943611198906,2023-01-23,2023-02-20,3.2197125256673513,0.0,0.0,0.0,2022-12-26,1.0,0.6711035818005809,0.38348082595870203
group:farc_bloc,FARC family,2023-01-23,2023-02-20,43,10.0,10.0,6.0,6.0,4.0,4.0,5.0,1.0,7.0,9.0,2.0794415416798357,2.3978952727983707,0.6,0.6,0.4,0.4,0.5,0.1,1.6094379124341003,4.0,3.091042453358316,2.995732273553991,2023-02-20,2023-03-20,3.29637234770705,0.0,0.0,0.0,2023-01-23,0.5778781038374717,0.6096805421103582,0.34611602753195675
group:farc_bloc,FARC family,2023-02-20,2023-03-20,44,22.0,22.0,14.0,5.0,5.0,6.0,10.0,6.0,4.0,6.0,1.6094379124341003,3.1354942159291497,0.6363636363636364,0.22727272727272727,0.22727272727272727,0.2727272727272727,0.45454545454545453,0.2727272727272727,2.3978952727983707,10.0,2.0794415416798357,3.091042453358316,2023-03-20,2023-04-17,3.373032169746749,0.0,0.0,0.0,2023-02-20,0.6336958752308639,0.0754862272287248,0.12022883704299633
group:farc_bloc,FARC family,2023-03-20,2023-04-17,45,17.0,17.0,13.0,7.0,6.0,6.0,7.0,4.0,10.0,14.0,2.3978952727983707,2.8903717578961645,0.7647058823529411,0.4117647058823529,0.35294117647058826,0.35294117647058826,0.4117647058823529,0.23529411764705882,2.3978952727983707,10.0,1.6094379124341003,2.0794415416798357,2023-04-17,2023-05-15,3.4496919917864477,0.0,0.0,0.0,2023-03-20,0.8306997742663657,0.3399009168042822,0.284574006593788
group:farc_bloc,FARC family,2023-04-17,2023-05-15,46,18.0,18.0,12.0,9.0,7.0,8.0,9.0,1.0,10.0,9.0,2.3978952727983707,2.9444389791664403,0.6666666666666666,0.5,0.3888888888888889,0.4444444444444444,0.5,0.05555555555555555,3.332204510175204,27.0,2.3978952727983707,1.6094379124341003,2023-05-15,2023-06-12,3.5263518138261465,0.0,0.0,0.0,2023-04-17,0.6802106847253574,0.46636011616650536,0.33158527258822246
group:farc_bloc,FARC family,2023-05-15,2023-06-12,47,64.0,64.0,56.0,27.0,25.0,22.0,38.0,4.0,27.0,28.0,3.332204510175204,4.174387269895637,0.875,0.421875,0.390625,0.34375,0.59375,0.0625,2.4849066497880004,11.0,2.3978952727983707,2.3978952727983707,2023-06-12,2023-07-10,3.6030116358658453,0.0,0.0,0.0,2023-05-15,1.0,0.3543910333978703,0.3338557030481809
group:farc_bloc,FARC family,2023-06-12,2023-07-10,48,17.0,17.0,10.0,6.0,3.0,5.0,10.0,2.0,11.0,12.0,2.4849066497880004,2.8903717578961645,0.5882352941176471,0.35294117647058826,0.17647058823529413,0.29411764705882354,0.5882352941176471,0.11764705882352941,2.995732273553991,19.0,3.332204510175204,2.3978952727983707,2023-07-10,2023-08-07,3.679671457905544,0.0,0.0,0.0,2023-06-12,0.5598194130925508,0.25559478389613355,0.05379142807565506
group:farc_bloc,FARC family,2023-07-10,2023-08-07,49,66.0,66.0,55.0,38.0,34.0,39.0,25.0,2.0,19.0,8.0,2.995732273553991,4.204692619390966,0.8333333333333334,0.5757575757575758,0.5151515151515151,0.5909090909090909,0.3787878787878788,0.030303030303030304,3.258096538021482,25.0,2.4849066497880004,3.332204510175204,2023-08-07,2023-09-04,3.756331279945243,0.0,0.0,0.0,2023-07-10,0.9360421369450715,0.574936196427,0.4967074878579303
group:farc_bloc,FARC family,2023-08-07,2023-09-04,50,53.0,53.0,44.0,38.0,30.0,32.0,13.0,8.0,25.0,13.0,3.258096538021482,3.9889840465642745,0.8301886792452831,0.7169811320754716,0.5660377358490566,0.6037735849056604,0.24528301886792453,0.1509433962264151,3.6375861597263857,37.0,2.995732273553991,2.4849066497880004,2023-09-04,2023-10-02,3.8329911019849416,0.0,0.0,0.0,2023-08-07,0.9312151284126241,0.7773383988748653,0.5632548561251183
group:farc_bloc,FARC family,2023-09-04,2023-10-02,51,52.0,52.0,49.0,42.0,25.0,40.0,11.0,1.0,37.0,20.0,3.6375861597263857,3.970291913552122,0.9423076923076923,0.8076923076923077,0.4807692307692308,0.7692307692307693,0.21153846153846154,0.019230769230769232,2.833213344056216,16.0,3.258096538021482,2.995732273553991,2023-10-02,2023-10-30,3.909650924024641,0.0,0.0,0.0,2023-09-04,1.0,0.907346042147591,0.4517434384691022
group:farc_bloc,FARC family,2023-10-02,2023-10-30,52,36.0,36.0,28.0,20.0,15.0,18.0,15.0,3.0,16.0,10.0,2.833213344056216,3.6109179126442243,0.7777777777777778,0.5555555555555556,0.4166666666666667,0.5,0.4166666666666667,0.08333333333333333,2.6390573296152584,13.0,3.6375861597263857,3.258096538021482,2023-10-30,2023-11-27,3.9863107460643397,0.0,0.0,0.0,2023-10-02,0.8507649862051668,0.5459825750242014,0.3679121599475582
group:farc_bloc,FARC family,2023-10-30,2023-11-27,53,2.0,2.0,2.0,1.0,1.0,1.0,1.0,0.0,13.0,11.0,2.6390573296152584,1.0986122886681098,1.0,0.5,0.5,0.5,0.5,0.0,2.6390573296152584,13.0,2.833213344056216,3.6375861597263857,2023-11-27,2023-12-25,4.0629705681040384,0.0,0.0,0.0,2023-10-30,1.0,0.46636011616650536,0.4768928220255654
group:farc_bloc,FARC family,2023-11-27,2023-12-25,54,20.0,20.0,18.0,11.0,10.0,8.0,12.0,0.0,13.0,11.0,2.6390573296152584,3.044522437723423,0.9,0.55,0.5,0.4,0.6,0.0,2.0794415416798357,7.0,2.6390573296152584,2.833213344056216,2023-12-25,2024-01-22,4.139630390143737,0.0,0.0,0.0,2023-11-27,1.0,0.5380203291384318,0.4768928220255654
group:farc_bloc,FARC family,2023-12-25,2024-01-22,55,46.0,46.0,34.0,20.0,16.0,22.0,18.0,6.0,7.0,8.0,2.0794415416798357,3.8501476017100584,0.7391304347826086,0.43478260869565216,0.34782608695652173,0.4782608695652174,0.391304347826087,0.13043478260869565,2.833213344056216,16.0,2.6390573296152584,2.6390573296152584,2024-01-22,2024-02-19,4.216290212183436,0.0,0.0,0.0,2023-12-25,0.7914417509078417,0.3728902731596448,0.2778846564918131
group:farc_bloc,FARC family,2024-01-22,2024-02-19,56,25.0,25.0,16.0,14.0,10.0,15.0,9.0,1.0,16.0,10.0,2.833213344056216,3.258096538021482,0.64,0.56,0.4,0.6,0.36,0.04,3.2188758248682006,24.0,2.0794415416798357,2.6390573296152584,2024-02-19,2024-03-18,4.292950034223135,0.0,0.0,0.0,2024-01-22,0.6392776523702032,0.5523523717328171,0.34611602753195675
group:farc_bloc,FARC family,2024-02-19,2024-03-18,57,30.0,30.0,24.0,19.0,8.0,16.0,9.0,5.0,24.0,20.0,3.2188758248682006,3.4339872044851463,0.8,0.6333333333333333,0.26666666666666666,0.5333333333333333,0.3,0.16666666666666666,3.4657359027997265,31.0,2.833213344056216,2.0794415416798357,2024-03-18,2024-04-15,4.369609856262834,0.0,0.0,0.0,2024-02-19,0.8848758465011287,0.6574540174249758,0.1717469682071452
group:farc_bloc,FARC family,2024-03-18,2024-04-15,58,61.0,61.0,55.0,45.0,34.0,41.0,17.0,3.0,31.0,14.0,3.4657359027997265,4.127134385045092,0.9016393442622951,0.7377049180327869,0.5573770491803278,0.6721311475409836,0.2786885245901639,0.04918032786885246,3.4965075614664802,32.0,3.2188758248682006,2.833213344056216,2024-04-15,2024-05-13,4.446269678302532,0.0,0.0,0.0,2024-03-18,1.0,0.8070398171805819,0.5519286877186195
group:farc_bloc,FARC family,2024-04-15,2024-05-13,59,48.0,48.0,43.0,37.0,31.0,36.0,6.0,6.0,32.0,11.0,3.4965075614664802,3.8918202981106265,0.8958333333333334,0.7708333333333334,0.6458333333333334,0.75,0.125,0.125,3.2188758248682006,24.0,3.4657359027997265,3.2188758248682006,2024-05-13,2024-06-10,4.522929500342231,0.0,0.0,0.0,2024-04-15,1.0,0.8545196030977736,0.6676089806620781
group:farc_bloc,FARC family,2024-05-13,2024-06-10,60,68.0,68.0,62.0,49.0,37.0,52.0,11.0,5.0,24.0,16.0,3.2188758248682006,4.23410650459726,0.9117647058823529,0.7205882352941176,0.5441176470588235,0.7647058823529411,0.16176470588235295,0.07352941176470588,2.772588722239781,15.0,3.4965075614664802,3.4657359027997265,2024-06-10,2024-07-08,4.59958932238193,0.0,0.0,0.0,2024-05-13,1.0,0.7825081145720632,0.5345884666550985
group:farc_bloc,FARC family,2024-06-10,2024-07-08,61,45.0,45.0,39.0,28.0,11.0,28.0,13.0,4.0,15.0,13.0,2.772588722239781,3.828641396489095,0.8666666666666667,0.6222222222222222,0.24444444444444444,0.6222222222222222,0.28888888888888886,0.08888888888888889,2.833213344056216,16.0,3.2188758248682006,3.4965075614664802,2024-07-08,2024-08-05,4.676249144421629,0.0,0.0,0.0,2024-06-10,0.9872084273890144,0.6415295256534367,0.1426854583196766
group:farc_bloc,FARC family,2024-07-08,2024-08-05,62,43.0,43.0,40.0,31.0,8.0,30.0,10.0,3.0,16.0,12.0,2.833213344056216,3.784189633918261,0.9302325581395349,0.7209302325581395,0.18604651162790697,0.6976744186046512,0.23255813953488372,0.06976744186046512,3.2188758248682006,24.0,2.772588722239781,3.2188758248682006,2024-08-05,2024-09-02,4.7529089664613275,0.0,0.0,0.0,2024-07-08,1.0,0.7829982665075754,0.06631451373167777
group:farc_bloc,FARC family,2024-08-05,2024-09-02,63,23.0,23.0,23.0,15.0,7.0,18.0,4.0,1.0,24.0,16.0,3.2188758248682006,3.1780538303479458,1.0,0.6521739130434783,0.30434782608695654,0.782608695652174,0.17391304347826086,0.043478260869565216,3.044522437723423,20.0,2.833213344056216,2.772588722239781,2024-09-02,2024-09-30,4.829568788501026,0.0,0.0,0.0,2024-08-05,1.0,0.6844564165158467,0.22102518062502674
group:farc_bloc,FARC family,2024-09-02,2024-09-30,64,17.0,17.0,15.0,10.0,7.0,10.0,7.0,0.0,20.0,6.0,3.044522437723423,2.8903717578961645,0.8823529411764706,0.5882352941176471,0.4117647058823529,0.5882352941176471,0.4117647058823529,0.0,3.367295829986474,28.0,3.2188758248682006,2.833213344056216,2024-09-30,2024-10-28,4.906228610540725,0.0,0.0,0.0,2024-09-02,1.0,0.5928193155287285,0.3615015327664989
group:farc_bloc,FARC family,2024-09-30,2024-10-28,65,42.0,42.0,40.0,35.0,15.0,32.0,6.0,4.0,28.0,13.0,3.367295829986474,3.7612001156935624,0.9523809523809523,0.8333333333333334,0.35714285714285715,0.7619047619047619,0.14285714285714285,0.09523809523809523,3.6635616461296463,38.0,3.044522437723423,3.2188758248682006,2024-10-28,2024-11-25,4.982888432580425,0.0,0.0,0.0,2024-09-30,1.0,0.9440948693126817,0.29006882989183874
group:farc_bloc,FARC family,2024-10-28,2024-11-25,66,10.0,10.0,6.0,4.0,3.0,4.0,5.0,1.0,38.0,23.0,3.6635616461296463,2.3978952727983707,0.6,0.4,0.3,0.4,0.5,0.1,3.1780538303479458,23.0,3.367295829986474,3.044522437723423,2024-11-25,2024-12-23,5.059548254620124,0.0,0.0,0.0,2024-10-28,0.5778781038374717,0.3230396902226525,0.21533923303834807
group:farc_bloc,FARC family,2024-11-25,2024-12-23,67,20.0,20.0,14.0,11.0,10.0,10.0,9.0,1.0,23.0,10.0,3.1780538303479458,3.044522437723423,0.7,0.55,0.5,0.5,0.45,0.05,3.367295829986474,28.0,3.6635616461296463,3.367295829986474,2024-12-23,2025-01-20,5.136208076659822,0.0,0.0,0.0,2024-11-25,0.7313769751693001,0.5380203291384318,0.4768928220255654
group:farc_bloc,FARC family,2024-12-23,2025-01-20,68,50.0,50.0,49.0,41.0,35.0,40.0,9.0,1.0,28.0,16.0,3.367295829986474,3.9318256327243257,0.98,0.82,0.7,0.8,0.18,0.02,3.8918202981106265,48.0,3.1780538303479458,3.6635616461296463,2025-01-20,2025-02-17,5.212867898699521,0.0,0.0,0.0,2024-12-23,1.0,0.9249854791868345,0.7384464110127826
group:farc_bloc,FARC family,2025-01-20,2025-02-17,69,113.0,113.0,102.0,70.0,59.0,70.0,36.0,7.0,48.0,17.0,3.8918202981106265,4.736198448394496,0.9026548672566371,0.6194690265486725,0.5221238938053098,0.6194690265486725,0.3185840707964602,0.061946902654867256,3.4657359027997265,31.0,3.367295829986474,3.1780538303479458,2025-02-17,2025-03-17,5.28952772073922,0.0,0.0,0.0,2025-01-20,1.0,0.6375836338870374,0.5058257411613195
group:farc_bloc,FARC family,2025-02-17,2025-03-17,70,56.0,56.0,50.0,44.0,30.0,44.0,7.0,5.0,31.0,20.0,3.4657359027997265,4.04305126783455,0.8928571428571429,0.7857142857142857,0.5357142857142857,0.7857142857142857,0.125,0.08928571428571429,3.713572066704308,40.0,3.8918202981106265,3.367295829986474,2025-03-17,2025-04-14,5.366187542778919,0.0,0.0,0.0,2025-02-17,1.0,0.8758470474346565,0.523598820058997
group:farc_bloc,FARC family,2025-03-17,2025-04-14,71,42.0,42.0,33.0,26.0,17.0,27.0,7.0,8.0,40.0,16.0,3.713572066704308,3.7612001156935624,0.7857142857142857,0.6190476190476191,0.40476190476190477,0.6428571428571429,0.16666666666666666,0.19047619047619047,3.4339872044851463,30.0,3.4657359027997265,3.8918202981106265,2025-04-14,2025-05-12,5.4428473648186175,0.0,0.0,0.0,2025-03-17,0.8629474363108675,0.6369796708615683,0.3523434939364143
group:farc_bloc,FARC family,2025-04-14,2025-05-12,72,71.0,71.0,63.0,52.0,44.0,51.0,16.0,4.0,30.0,17.0,3.4339872044851463,4.276666119016055,0.8873239436619719,0.7323943661971831,0.6197183098591549,0.7183098591549296,0.22535211267605634,0.056338028169014086,3.091042453358316,21.0,3.713572066704308,3.4657359027997265,2025-05-12,2025-06-09,5.519507186858316,0.0,0.0,0.0,2025-04-14,1.0,0.7994287116698254,0.633456590081294
group:farc_bloc,FARC family,2025-05-12,2025-06-09,73,33.0,33.0,30.0,26.0,19.0,25.0,4.0,4.0,21.0,13.0,3.091042453358316,3.5263605246161616,0.9090909090909091,0.7878787878787878,0.5757575757575758,0.7575757575757576,0.12121212121212122,0.12121212121212122,3.091042453358316,21.0,3.4339872044851463,3.713572066704308,2025-06-09,2025-07-07,5.596167008898015,0.0,0.0,0.0,2025-05-12,1.0,0.8789492211563846,0.5759661511873901
group:farc_bloc,FARC family,2025-06-09,2025-07-07,74,24.0,24.0,17.0,12.0,11.0,12.0,11.0,1.0,21.0,10.0,3.091042453358316,3.2188758248682006,0.7083333333333334,0.5,0.4583333333333333,0.5,0.4583333333333333,0.041666666666666664,2.8903717578961645,17.0,3.091042453358316,3.4339872044851463,2025-07-07,2025-08-04,5.672826830937714,0.0,0.0,0.0,2025-06-09,0.744168547780286,0.46636011616650536,0.42240249098656174
group:farc_bloc,FARC family,2025-07-07,2025-08-04,75,49.0,49.0,34.0,16.0,12.0,17.0,28.0,4.0,17.0,14.0,2.8903717578961645,3.912023005428146,0.6938775510204082,0.32653061224489793,0.24489795918367346,0.3469387755102041,0.5714285714285714,0.08163265306122448,3.6109179126442243,36.0,3.091042453358316,3.091042453358316,2025-08-04,2025-09-01,5.749486652977413,0.0,0.0,0.0,2025-07-07,0.7219790850877597,0.21774305075369932,0.14327855035819637
group:farc_bloc,FARC family,2025-08-04,2025-09-01,76,76.0,76.0,70.0,55.0,41.0,53.0,18.0,5.0,36.0,16.0,3.6109179126442243,4.343805421853684,0.9210526315789473,0.7236842105263158,0.5394736842105263,0.6973684210526315,0.23684210526315788,0.06578947368421052,2.833213344056216,16.0,2.8903717578961645,3.091042453358316,2025-09-01,2025-09-29,5.8261464750171115,0.0,0.0,0.0,2025-08-04,1.0,0.7869452794619658,0.5285152409046214
group:farc_bloc,FARC family,2025-09-01,2025-09-29,77,46.0,46.0,41.0,24.0,18.0,25.0,17.0,4.0,16.0,9.0,2.833213344056216,3.8501476017100584,0.8913043478260869,0.5217391304347826,0.391304347826087,0.5434782608695652,0.3695652173913043,0.08695652173913043,1.6094379124341003,4.0,3.6109179126442243,2.8903717578961645,2025-09-29,2025-10-27,5.90280629705681,0.0,0.0,0.0,2025-09-01,1.0,0.4975167305021255,0.33474413235859946
group:farc_bloc,FARC family,2025-09-29,2025-10-27,78,30.0,30.0,25.0,18.0,6.0,17.0,12.0,1.0,4.0,4.0,1.6094379124341003,3.4339872044851463,0.8333333333333334,0.6,0.2,0.5666666666666667,0.4,0.03333333333333333,3.6375861597263857,37.0,2.833213344056216,3.6109179126442243,2025-10-27,2025-11-24,5.979466119096509,0.0,0.0,0.0,2025-09-29,0.9360421369450715,0.6096805421103582,0.08456243854473945
group:farc_bloc,FARC family,2025-10-27,2025-11-24,79,72.0,72.0,63.0,50.0,37.0,48.0,20.0,4.0,37.0,8.0,3.6375861597263857,4.290459441148391,0.875,0.6944444444444444,0.5138888888888888,0.6666666666666666,0.2777777777777778,0.05555555555555555,2.0794415416798357,7.0,1.6094379124341003,2.833213344056216,2025-11-24,2025-12-22,6.056125941136208,0.0,0.0,0.0,2025-10-27,1.0,0.7450387221684414,0.4950562657052332
group:farc_bloc,FARC family,2025-11-24,2025-12-22,80,22.0,22.0,20.0,19.0,12.0,19.0,3.0,0.0,7.0,4.0,2.0794415416798357,3.1354942159291497,0.9090909090909091,0.8636363636363636,0.5454545454545454,0.8636363636363636,0.13636363636363635,0.0,,,3.6375861597263857,1.6094379124341003,,,6.132785763175907,0.0,0.0,0.0,2025-11-24,1.0,0.9875253014168794,0.5363368195226602
