group,specification,history,minimum_articles,hac_lags,variable,n,n_hamas,n_taliban,n_farc,estimator,estimate,standard_error,p_value,ci_low,ci_high,uncertainty,joint_mle_success,fdr_p
Article threshold,Minimum 10 articles,three two-week fatality terms,10,6,direct_conflict_relevance,423,153,152,118,naive,0.8562800746874762,0.4750146214047149,0.07144486419878711,-0.07474858326576495,1.7873087326407173,conditional actor-specific HAC,,0.10716729629818067
Article threshold,Minimum 10 articles,three two-week fatality terms,10,6,direct_conflict_relevance,423,153,152,118,direct,0.5786984675351643,0.3300647788106809,0.07955266138859322,-0.06822849893377025,1.2256254340040988,conditional actor-specific HAC,,0.11932899208288983
Article threshold,Minimum 10 articles,three two-week fatality terms,10,6,direct_conflict_relevance,423,153,152,118,bca,0.7075388668197022,0.3300647788106809,0.032062033623234905,0.06061190035076769,1.3544658332886368,conditional actor-specific HAC,,0.04809305043485236
Article threshold,Minimum 10 articles,three two-week fatality terms,10,6,direct_conflict_relevance,423,153,152,118,bcm,0.7444390574783946,0.3300647788106809,0.024106151330422983,0.09751209100946001,1.3913660239473291,conditional actor-specific HAC,,0.03615922699563447
Article threshold,Minimum 10 articles,three two-week fatality terms,10,6,direct_conflict_relevance,423,153,152,118,joint_mle,0.6637821551604601,0.39517460297762136,0.09301206716611916,-0.11076006667567773,1.438324376996598,inverse integrated-likelihood information,True,0.13951810074917875
Article threshold,Minimum 10 articles,three two-week fatality terms,10,6,physical_violence,423,153,152,118,naive,0.9486904014080177,0.3412400470110831,0.005433777401221528,0.2798599092662948,1.6175208935497407,conditional actor-specific HAC,,0.016301332203664583
Article threshold,Minimum 10 articles,three two-week fatality terms,10,6,physical_violence,423,153,152,118,direct,0.675122273303875,0.24663499753111823,0.006193944070625037,0.19171767814288326,1.1585268684648666,conditional actor-specific HAC,,0.01858183221187511
Article threshold,Minimum 10 articles,three two-week fatality terms,10,6,physical_violence,423,153,152,118,bca,0.8006882613089998,0.24663499753111823,0.0011685384973889879,0.3172836661480081,1.2840928564699916,conditional actor-specific HAC,,0.0035056154921669636
Article threshold,Minimum 10 articles,three two-week fatality terms,10,6,physical_violence,423,153,152,118,bcm,0.8293783477759975,0.24663499753111823,0.0007716283796382509,0.3459737526150058,1.3127829429369893,conditional actor-specific HAC,,0.0023148851389147526
Article threshold,Minimum 10 articles,three two-week fatality terms,10,6,physical_violence,423,153,152,118,joint_mle,0.7936813923991658,0.2544312568774367,0.0018119914224250407,0.2949961289193899,1.2923666558789417,inverse integrated-likelihood information,True,0.005435974267275122
Article threshold,Minimum 10 articles,three two-week fatality terms,10,6,fatalities_present,423,153,152,118,naive,-0.08424317742990575,0.33395184682667534,0.8008389824369877,-0.7387887972101894,0.570302442350378,conditional actor-specific HAC,,0.8008389824369878
Article threshold,Minimum 10 articles,three two-week fatality terms,10,6,fatalities_present,423,153,152,118,direct,-0.056243365099706066,0.26320047357052456,0.8307886444313941,-0.5721162932979342,0.4596295630985221,conditional actor-specific HAC,,0.8307886444313941
Article threshold,Minimum 10 articles,three two-week fatality terms,10,6,fatalities_present,423,153,152,118,bca,-0.06955497445697707,0.26320047357052456,0.7915748457574275,-0.5854279026552053,0.4463179537412511,conditional actor-specific HAC,,0.7915748457574275
Article threshold,Minimum 10 articles,three two-week fatality terms,10,6,fatalities_present,423,153,152,118,bcm,-0.07368243070972558,0.26320047357052456,0.7795174453145071,-0.5895553589079537,0.4421904974885026,conditional actor-specific HAC,,0.779517445314507
Article threshold,Minimum 10 articles,three two-week fatality terms,10,6,fatalities_present,423,153,152,118,joint_mle,-0.058614221754086177,0.29132318807721047,0.8405422013885973,-0.6296076703854186,0.5123792268772464,inverse integrated-likelihood information,True,0.8405422013885971
Article threshold,Minimum 20 articles (baseline),three two-week fatality terms,20,6,direct_conflict_relevance,360,144,152,64,naive,0.9629453167453126,0.6273511532103189,0.12479898288852041,-0.26666294354691233,2.1925535770375375,conditional actor-specific HAC,,0.1871984743327806
Article threshold,Minimum 20 articles (baseline),three two-week fatality terms,20,6,direct_conflict_relevance,360,144,152,64,direct,0.6497589999364213,0.42391037557420386,0.1253314338262063,-0.18110533618901825,1.4806233360618608,conditional actor-specific HAC,,0.18799715073930945
Article threshold,Minimum 20 articles (baseline),three two-week fatality terms,20,6,direct_conflict_relevance,360,144,152,64,bca,0.7597200479667013,0.42391037557420386,0.07310551569502717,-0.07114428815873819,1.590584384092141,conditional actor-specific HAC,,0.10965827354254076
Article threshold,Minimum 20 articles (baseline),three two-week fatality terms,20,6,direct_conflict_relevance,360,144,152,64,bcm,0.7821199700879693,0.42391037557420386,0.065035710589392,-0.04874436603747023,1.6129843062134088,conditional actor-specific HAC,,0.097553565884088
Article threshold,Minimum 20 articles (baseline),three two-week fatality terms,20,6,direct_conflict_relevance,360,144,152,64,joint_mle,0.7051432997136168,0.424474434228408,0.09667027288079931,-0.12682659137406294,1.5371131908012965,inverse integrated-likelihood information,True,0.14500540932119896
Article threshold,Minimum 20 articles (baseline),three two-week fatality terms,20,6,physical_violence,360,144,152,64,naive,1.0296796042518763,0.42419075357909136,0.015207580505474761,0.19826572723685731,1.8610934812668953,conditional actor-specific HAC,,0.04562274151642429
Article threshold,Minimum 20 articles (baseline),three two-week fatality terms,20,6,physical_violence,360,144,152,64,direct,0.7304621791913988,0.30500530482361915,0.01662415924939037,0.13265178173710523,1.3282725766456922,conditional actor-specific HAC,,0.04987247774817111
Article threshold,Minimum 20 articles (baseline),three two-week fatality terms,20,6,physical_violence,360,144,152,64,bca,0.8284028730585125,0.30500530482361915,0.00660703790533923,0.23059247560421892,1.426213270512806,conditional actor-specific HAC,,0.01982111371601769
Article threshold,Minimum 20 articles (baseline),three two-week fatality terms,20,6,physical_violence,360,144,152,64,bcm,0.8435681753252866,0.30500530482361915,0.005679219561610696,0.24575777787099307,1.44137857277958,conditional actor-specific HAC,,0.01703765868483209
Article threshold,Minimum 20 articles (baseline),three two-week fatality terms,20,6,physical_violence,360,144,152,64,joint_mle,0.817335145239793,0.2761151843391091,0.003075153810297113,0.2761493839351392,1.3585209065444468,inverse integrated-likelihood information,True,0.009225461430891339
Article threshold,Minimum 20 articles (baseline),three two-week fatality terms,20,6,fatalities_present,360,144,152,64,naive,0.1994809275113886,0.3847446712712203,0.6041261114273193,-0.5546186281802032,0.9535804832029804,conditional actor-specific HAC,,0.6041261114273193
Article threshold,Minimum 20 articles (baseline),three two-week fatality terms,20,6,fatalities_present,360,144,152,64,direct,0.20444276246107776,0.293054902821115,0.4854110258731878,-0.36994484706830766,0.7788303719904631,conditional actor-specific HAC,,0.4854110258731878
Article threshold,Minimum 20 articles (baseline),three two-week fatality terms,20,6,fatalities_present,360,144,152,64,bca,0.2405306362597707,0.293054902821115,0.41177736039691504,-0.3338569732696147,0.8149182457891561,conditional actor-specific HAC,,0.41177736039691504
Article threshold,Minimum 20 articles (baseline),three two-week fatality terms,20,6,fatalities_present,360,144,152,64,bcm,0.24826628709627271,0.293054902821115,0.3969023406526411,-0.32612132243311265,0.8226538966256581,conditional actor-specific HAC,,0.3969023406526411
Article threshold,Minimum 20 articles (baseline),three two-week fatality terms,20,6,fatalities_present,360,144,152,64,joint_mle,0.16419835968557717,0.31796642237056677,0.6055739695504145,-0.4590158281607337,0.787412547531888,inverse integrated-likelihood information,True,0.6055739695504145
Article threshold,Minimum 40 articles,three two-week fatality terms,40,6,direct_conflict_relevance,277,124,144,9,naive,0.9338570539910757,0.7701586998894067,0.22530135765178216,-0.5756539977921614,2.443368105774313,conditional actor-specific HAC,,0.33795203647767325
Article threshold,Minimum 40 articles,three two-week fatality terms,40,6,direct_conflict_relevance,277,124,144,9,direct,0.6134119117408164,0.511182471216616,0.23014469956782704,-0.3885057318437509,1.615329555325384,conditional actor-specific HAC,,0.3452170493517406
Article threshold,Minimum 40 articles,three two-week fatality terms,40,6,direct_conflict_relevance,277,124,144,9,bca,0.6787909869487522,0.511182471216616,0.18421645554535432,-0.3231266566358152,1.6807086305333194,conditional actor-specific HAC,,0.2763246833180315
Article threshold,Minimum 40 articles,three two-week fatality terms,40,6,direct_conflict_relevance,277,124,144,9,bcm,0.6865905624305553,0.511182471216616,0.1792260514189099,-0.3153270811540121,1.6885082060151226,conditional actor-specific HAC,,0.26883907712836486
Article threshold,Minimum 40 articles,three two-week fatality terms,40,6,direct_conflict_relevance,277,124,144,9,joint_mle,0.6893729425132068,0.5066373382367687,0.17361380856792336,-0.3036362404308599,1.6823821254572735,inverse integrated-likelihood information,True,0.26042071285188506
Article threshold,Minimum 40 articles,three two-week fatality terms,40,6,physical_violence,277,124,144,9,naive,0.7344103044198014,0.5119576773024866,0.1514257209672763,-0.2690267430930724,1.7378473519326751,conditional actor-specific HAC,,0.33795203647767325
Article threshold,Minimum 40 articles,three two-week fatality terms,40,6,physical_violence,277,124,144,9,direct,0.517652152540701,0.3638381814617922,0.1548075406867198,-0.19547068312441174,1.2307749882058137,conditional actor-specific HAC,,0.3452170493517406
Article threshold,Minimum 40 articles,three two-week fatality terms,40,6,physical_violence,277,124,144,9,bca,0.5647037688033766,0.3638381814617922,0.12064452675328359,-0.14841906686173612,1.2778266044684892,conditional actor-specific HAC,,0.2763246833180315
Article threshold,Minimum 40 articles,three two-week fatality terms,40,6,physical_violence,277,124,144,9,bcm,0.5694080868444044,0.3638381814617922,0.11758205035291057,-0.14371474882070834,1.2825309225095172,conditional actor-specific HAC,,0.26883907712836486
Article threshold,Minimum 40 articles,three two-week fatality terms,40,6,physical_violence,277,124,144,9,joint_mle,0.5620469465226751,0.33186314467286593,0.09033929848484765,-0.08840481703614211,1.2124987100814923,inverse integrated-likelihood information,True,0.26042071285188506
Article threshold,Minimum 40 articles,three two-week fatality terms,40,6,fatalities_present,277,124,144,9,naive,0.2372751493762707,0.5737792989406364,0.6792180972812761,-0.8873322765473767,1.361882575299918,conditional actor-specific HAC,,0.6792180972812761
Article threshold,Minimum 40 articles,three two-week fatality terms,40,6,fatalities_present,277,124,144,9,direct,0.21912319835690208,0.4357449447790432,0.6150554518799092,-0.6349368934100226,1.0731832901238267,conditional actor-specific HAC,,0.6150554518799092
Article threshold,Minimum 40 articles,three two-week fatality terms,40,6,fatalities_present,277,124,144,9,bca,0.2440252770451558,0.4357449447790432,0.575466745988047,-0.6100348147217689,1.0980853688120804,conditional actor-specific HAC,,0.575466745988047
Article threshold,Minimum 40 articles,three two-week fatality terms,40,6,fatalities_present,277,124,144,9,bcm,0.2472180993502374,0.4357449447790432,0.5704792112772499,-0.6068419924166872,1.101278191117162,conditional actor-specific HAC,,0.5704792112772499
Article threshold,Minimum 40 articles,three two-week fatality terms,40,6,fatalities_present,277,124,144,9,joint_mle,0.19909912718022432,0.39497103440677456,0.614201374481174,-0.5750441002570539,0.9732423546175024,inverse integrated-likelihood information,True,0.614201374481174
Temporal aggregation,One week,approximately 12 weeks,10,13,direct_conflict_relevance,719,287,304,128,naive,0.5021619426871435,0.3654538241830142,0.1694175680426585,-0.21412755271156425,1.2184514380858513,conditional actor-specific HAC,,0.25412635206398776
Temporal aggregation,One week,approximately 12 weeks,10,13,direct_conflict_relevance,719,287,304,128,direct,0.3416763804644149,0.2508201594294337,0.17312325477307922,-0.14993113201727515,0.8332838929461049,conditional actor-specific HAC,,0.2596848821596188
Temporal aggregation,One week,approximately 12 weeks,10,13,direct_conflict_relevance,719,287,304,128,bca,0.4177160677140196,0.2508201594294337,0.09583284095622421,-0.07389144476767046,0.9093235801957096,conditional actor-specific HAC,,0.1437492614343363
Temporal aggregation,One week,approximately 12 weeks,10,13,direct_conflict_relevance,719,287,304,128,bcm,0.43948276706207234,0.2508201594294337,0.07974238173107015,-0.0521247454196177,0.9310902795437623,conditional actor-specific HAC,,0.11961357259660522
Temporal aggregation,One week,approximately 12 weeks,10,13,direct_conflict_relevance,719,287,304,128,joint_mle,0.5421862125314604,0.29730388409032166,0.06820093982240298,-0.04052940028557006,1.1249018253484908,inverse integrated-likelihood information,True,0.10230140973360446
Temporal aggregation,One week,approximately 12 weeks,10,13,physical_violence,719,287,304,128,naive,0.5190267204097394,0.24395546567605672,0.0333746600932969,0.040874007684668257,0.9971794331348105,conditional actor-specific HAC,,0.1001239802798907
Temporal aggregation,One week,approximately 12 weeks,10,13,physical_violence,719,287,304,128,direct,0.38694224722115766,0.1823810421129343,0.033870131228348005,0.02947540467980647,0.7444090897625089,conditional actor-specific HAC,,0.10161039368504401
Temporal aggregation,One week,approximately 12 weeks,10,13,physical_violence,719,287,304,128,bca,0.4614030205171004,0.1823810421129343,0.01140999925919982,0.10393617797574922,0.8188698630584517,conditional actor-specific HAC,,0.03422999777759946
Temporal aggregation,One week,approximately 12 weeks,10,13,physical_violence,719,287,304,128,bcm,0.47914617402371973,0.1823810421129343,0.00860980699453965,0.12167933148236854,0.8366130165650709,conditional actor-specific HAC,,0.02582942098361895
Temporal aggregation,One week,approximately 12 weeks,10,13,physical_violence,719,287,304,128,joint_mle,0.48830582927366967,0.17922821964596655,0.006440051374084841,0.1370185187675752,0.8395931397797641,inverse integrated-likelihood information,True,0.01932015412225452
Temporal aggregation,One week,approximately 12 weeks,10,13,fatalities_present,719,287,304,128,naive,-0.008242026135449124,0.251623771509711,0.9738696800909182,-0.5014246182944827,0.48494056602358443,conditional actor-specific HAC,,0.9738696800909182
Temporal aggregation,One week,approximately 12 weeks,10,13,fatalities_present,719,287,304,128,direct,0.029643304266308568,0.21547130775928347,0.8905769049226646,-0.392680458941887,0.45196706747450416,conditional actor-specific HAC,,0.8905769049226646
Temporal aggregation,One week,approximately 12 weeks,10,13,fatalities_present,719,287,304,128,bca,0.03702402434065369,0.21547130775928347,0.863572677392686,-0.3852997388675419,0.4593477875488493,conditional actor-specific HAC,,0.863572677392686
Temporal aggregation,One week,approximately 12 weeks,10,13,fatalities_present,719,287,304,128,bcm,0.03947095630264515,0.21547130775928347,0.8546534286594779,-0.38285280690555046,0.4617947195108407,conditional actor-specific HAC,,0.8546534286594779
Temporal aggregation,One week,approximately 12 weeks,10,13,fatalities_present,719,287,304,128,joint_mle,0.029755574825333975,0.2088834163480724,0.8867240709896818,-0.3796559212168879,0.43916707086755585,inverse integrated-likelihood information,True,0.8867240709896818
Temporal aggregation,Two weeks,approximately 12 weeks,20,6,direct_conflict_relevance,360,144,152,64,naive,1.2898909435517125,0.6443537429257039,0.04530230189695964,0.026957607417332774,2.5528242796860923,conditional actor-specific HAC,,0.06795345284543947
Temporal aggregation,Two weeks,approximately 12 weeks,20,6,direct_conflict_relevance,360,144,152,64,direct,0.858424983345683,0.43818459269580584,0.0501070766181883,-0.0004168183380964807,1.7172667850294623,conditional actor-specific HAC,,0.07516061492728245
Temporal aggregation,Two weeks,approximately 12 weeks,20,6,direct_conflict_relevance,360,144,152,64,bca,1.0024553112248284,0.43818459269580584,0.022152282343896178,0.143613509541049,1.8612971129086078,conditional actor-specific HAC,,0.03322842351584426
Temporal aggregation,Two weeks,approximately 12 weeks,20,6,direct_conflict_relevance,360,144,152,64,bcm,1.0314935118751773,0.43818459269580584,0.018571815127112788,0.1726517101913979,1.890335313558957,conditional actor-specific HAC,,0.027857722690669183
Temporal aggregation,Two weeks,approximately 12 weeks,20,6,direct_conflict_relevance,360,144,152,64,joint_mle,0.9613202384654299,0.4398494814010019,0.028847344606656514,0.09921525491946626,1.8234252220113936,inverse integrated-likelihood information,True,0.04327101690998477
Temporal aggregation,Two weeks,approximately 12 weeks,20,6,physical_violence,360,144,152,64,naive,1.3121894657713666,0.42263760855729576,0.0019043176325570508,0.483819752999067,2.140559178543666,conditional actor-specific HAC,,0.005712952897671152
Temporal aggregation,Two weeks,approximately 12 weeks,20,6,physical_violence,360,144,152,64,direct,0.9350066808923363,0.3012246432538058,0.0019091178818672987,0.3446063801148769,1.5254069816697957,conditional actor-specific HAC,,0.005727353645601896
Temporal aggregation,Two weeks,approximately 12 weeks,20,6,physical_violence,360,144,152,64,bca,1.0560554512957376,0.3012246432538058,0.0004551117087559334,0.4656551505182782,1.646455752073197,conditional actor-specific HAC,,0.0013653351262678
Temporal aggregation,Two weeks,approximately 12 weeks,20,6,physical_violence,360,144,152,64,bcm,1.0740573708389405,0.3012246432538058,0.00036297515370404377,0.48365707006148106,1.6644576716164,conditional actor-specific HAC,,0.0010889254611121313
Temporal aggregation,Two weeks,approximately 12 weeks,20,6,physical_violence,360,144,152,64,joint_mle,1.0499336977816178,0.28121397235057466,0.00018878030157795978,0.4987543119744915,1.6011130835887442,inverse integrated-likelihood information,True,0.0005663409047338793
Temporal aggregation,Two weeks,approximately 12 weeks,20,6,fatalities_present,360,144,152,64,naive,0.3861851225005501,0.3770145854681001,0.30568222277431234,-0.3527634650169262,1.1251337100180263,conditional actor-specific HAC,,0.30568222277431234
Temporal aggregation,Two weeks,approximately 12 weeks,20,6,fatalities_present,360,144,152,64,direct,0.3908985333775264,0.28911182153199916,0.1763539048146246,-0.175760636825192,0.9575577035802447,conditional actor-specific HAC,,0.17635390481462462
Temporal aggregation,Two weeks,approximately 12 weeks,20,6,fatalities_present,360,144,152,64,bca,0.45756537215049975,0.28911182153199916,0.11349925076698482,-0.10909379805221864,1.0242245423532181,conditional actor-specific HAC,,0.11349925076698482
Temporal aggregation,Two weeks,approximately 12 weeks,20,6,fatalities_present,360,144,152,64,bcm,0.47127306163903754,0.28911182153199916,0.10308629788144559,-0.09538610856368085,1.0379322318417559,conditional actor-specific HAC,,0.10308629788144559
Temporal aggregation,Two weeks,approximately 12 weeks,20,6,fatalities_present,360,144,152,64,joint_mle,0.33469990806882366,0.3203277978463112,0.29608449706264395,-0.2931425757099463,0.9625423918475936,inverse integrated-likelihood information,True,0.29608449706264395
Temporal aggregation,Four weeks,approximately 12 weeks,40,3,direct_conflict_relevance,183,75,75,33,naive,1.5899382771022297,1.222730101938756,0.19349191261930848,-0.8066127226977322,3.9864892769021916,conditional actor-specific HAC,,0.1934919126193085
Temporal aggregation,Four weeks,approximately 12 weeks,40,3,direct_conflict_relevance,183,75,75,33,direct,1.0021414094422667,0.8262194970669536,0.2251589009258609,-0.6172488048089624,2.621531623693496,conditional actor-specific HAC,,0.2251589009258609
Temporal aggregation,Four weeks,approximately 12 weeks,40,3,direct_conflict_relevance,183,75,75,33,bca,1.1279287249937693,0.8262194970669536,0.17220013687471566,-0.4914614892574598,2.747318939244998,conditional actor-specific HAC,,0.17220013687471566
Temporal aggregation,Four weeks,approximately 12 weeks,40,3,direct_conflict_relevance,183,75,75,33,bcm,1.145983583028843,0.8262194970669536,0.16543543692081839,-0.47340663122238613,2.765373797280072,conditional actor-specific HAC,,0.16543543692081839
Temporal aggregation,Four weeks,approximately 12 weeks,40,3,direct_conflict_relevance,183,75,75,33,joint_mle,1.0514780526452832,0.6808444322507987,0.1224978924198874,-0.2829770345662823,2.3859331398568484,inverse integrated-likelihood information,True,0.1224978924198874
Temporal aggregation,Four weeks,approximately 12 weeks,40,3,physical_violence,183,75,75,33,naive,1.5011286928693826,0.8176910789450038,0.06638517697856126,-0.1015458218628249,3.1038032076015902,conditional actor-specific HAC,,0.10200132568586505
Temporal aggregation,Four weeks,approximately 12 weeks,40,3,physical_violence,183,75,75,33,direct,1.0550649943169486,0.5745404851223078,0.06630396081438367,-0.07103435652277468,2.181164345156672,conditional actor-specific HAC,,0.198911882443151
Temporal aggregation,Four weeks,approximately 12 weeks,40,3,physical_violence,183,75,75,33,bca,1.1585924953793187,0.5745404851223078,0.043741971758117795,0.03249314453959551,2.284691846219042,conditional actor-specific HAC,,0.1312259152743534
Temporal aggregation,Four weeks,approximately 12 weeks,40,3,physical_violence,183,75,75,33,bcm,1.1698563116263907,0.5745404851223078,0.04173429885349953,0.043756960786667465,2.295955662466114,conditional actor-specific HAC,,0.1252028965604986
Temporal aggregation,Four weeks,approximately 12 weeks,40,3,physical_violence,183,75,75,33,joint_mle,1.1363173648625855,0.4573648145765292,0.012973790347705549,0.23988232829258826,2.0327524014325826,inverse integrated-likelihood information,True,0.038921371043116645
Temporal aggregation,Four weeks,approximately 12 weeks,40,3,fatalities_present,183,75,75,33,naive,1.382788621434408,0.7576919948682244,0.0680008837905767,-0.10228768850731162,2.8678649313761277,conditional actor-specific HAC,,0.10200132568586505
Temporal aggregation,Four weeks,approximately 12 weeks,40,3,fatalities_present,183,75,75,33,direct,0.883538877237624,0.6246433680463834,0.15722415060289197,-0.34076212413328744,2.1078398786085355,conditional actor-specific HAC,,0.2251589009258609
Temporal aggregation,Four weeks,approximately 12 weeks,40,3,fatalities_present,183,75,75,33,bca,1.014650139549836,0.6246433680463834,0.10429748321834724,-0.2096508618210755,2.238951140920747,conditional actor-specific HAC,,0.15644622482752085
Temporal aggregation,Four weeks,approximately 12 weeks,40,3,fatalities_present,183,75,75,33,bcm,1.0374964077676843,0.6246433680463834,0.09672509504543085,-0.1868045936032272,2.2617974091385955,conditional actor-specific HAC,,0.14508764256814627
Temporal aggregation,Four weeks,approximately 12 weeks,40,3,fatalities_present,183,75,75,33,joint_mle,1.031568676378639,0.5322468858401725,0.05260621392513603,-0.011635219868099345,2.074772572625377,inverse integrated-likelihood information,True,0.07890932088770404
Temporal aggregation,Calendar month,approximately 12 weeks,40,3,direct_conflict_relevance,171,70,69,32,naive,1.690415667424304,1.470547339163658,0.2503438413005489,-1.1918571173364656,4.572688452185074,conditional actor-specific HAC,,0.3755157619508233
Temporal aggregation,Calendar month,approximately 12 weeks,40,3,direct_conflict_relevance,171,70,69,32,direct,1.1023665587089837,0.9959859615705766,0.2683763718425911,-0.8497659259693464,3.054499043387314,conditional actor-specific HAC,,0.40256455776388667
Temporal aggregation,Calendar month,approximately 12 weeks,40,3,direct_conflict_relevance,171,70,69,32,bca,1.234808344839618,0.9959859615705766,0.21505496883725672,-0.717324139838712,3.1869408295179484,conditional actor-specific HAC,,0.3225824532558851
Temporal aggregation,Calendar month,approximately 12 weeks,40,3,direct_conflict_relevance,171,70,69,32,bcm,1.2528930738922064,0.9959859615705766,0.20841255073487502,-0.6992394107861237,3.2050255585705365,conditional actor-specific HAC,,0.3126188261023125
Temporal aggregation,Calendar month,approximately 12 weeks,40,3,direct_conflict_relevance,171,70,69,32,joint_mle,0.9688367251332329,0.7279430308996951,0.18321407599286763,-0.45793161543016947,2.3956050656966354,inverse integrated-likelihood information,True,0.2748211139893014
Temporal aggregation,Calendar month,approximately 12 weeks,40,3,physical_violence,171,70,69,32,naive,1.857274235836471,0.9753850666896432,0.056891350742177986,-0.054480494875229546,3.7690289665481718,conditional actor-specific HAC,,0.17067405222653395
Temporal aggregation,Calendar month,approximately 12 weeks,40,3,physical_violence,171,70,69,32,direct,1.29473768958971,0.6841510359500022,0.058427924287465474,-0.04619834087229413,2.635673720051714,conditional actor-specific HAC,,0.17528377286239644
Temporal aggregation,Calendar month,approximately 12 weeks,40,3,physical_violence,171,70,69,32,bca,1.4370511847052545,0.6841510359500022,0.035685916693718206,0.09611515424325034,2.7779872151672587,conditional actor-specific HAC,,0.10705775008115462
Temporal aggregation,Calendar month,approximately 12 weeks,40,3,physical_violence,171,70,69,32,bcm,1.4546255561815873,0.6841510359500022,0.03348860241871486,0.11368952571958313,2.7955615866435917,conditional actor-specific HAC,,0.10046580725614458
Temporal aggregation,Calendar month,approximately 12 weeks,40,3,physical_violence,171,70,69,32,joint_mle,1.492968312034785,0.5716925844299194,0.00901491570974784,0.372450846552143,2.613485777517427,inverse integrated-likelihood information,True,0.02704474712924352
Temporal aggregation,Calendar month,approximately 12 weeks,40,3,fatalities_present,171,70,69,32,naive,0.7178552156114304,0.9919455292707707,0.46925969180856875,-1.2263580217592802,2.6620684529821412,conditional actor-specific HAC,,0.46925969180856875
Temporal aggregation,Calendar month,approximately 12 weeks,40,3,fatalities_present,171,70,69,32,direct,0.5140408436442585,0.7615075023701208,0.49965634275528525,-0.9785138610011781,2.0065955482896953,conditional actor-specific HAC,,0.4996563427552852
Temporal aggregation,Calendar month,approximately 12 weeks,40,3,fatalities_present,171,70,69,32,bca,0.594722612885802,0.7615075023701208,0.43481388423661615,-0.8978320917596346,2.0872773175312385,conditional actor-specific HAC,,0.4348138842366162
Temporal aggregation,Calendar month,approximately 12 weeks,40,3,fatalities_present,171,70,69,32,bcm,0.6097437541805067,0.7615075023701208,0.42330177089787974,-0.8828109504649299,2.1022984588259432,conditional actor-specific HAC,,0.42330177089787974
Temporal aggregation,Calendar month,approximately 12 weeks,40,3,fatalities_present,171,70,69,32,joint_mle,0.5422899705046507,0.6489392947926135,0.40334849390099653,-0.7296310472888716,1.814210988298173,inverse integrated-likelihood information,True,0.40334849390099653
Inference,Twelve-lag HAC bandwidth,three two-week fatality terms,20,12,direct_conflict_relevance,360,144,152,64,naive,0.9629453167453126,0.6248111586440986,0.12327342946609249,-0.26168455419712067,2.187575187687746,conditional actor-specific HAC,,0.18491014419913873
Inference,Twelve-lag HAC bandwidth,three two-week fatality terms,20,12,direct_conflict_relevance,360,144,152,64,direct,0.6497589999364213,0.41889416850551936,0.120870711363836,-0.1712735703343966,1.4707915702072392,conditional actor-specific HAC,,0.181306067045754
Inference,Twelve-lag HAC bandwidth,three two-week fatality terms,20,12,direct_conflict_relevance,360,144,152,64,bca,0.7597200479667013,0.41889416850551936,0.06973433447345125,-0.061312522304116546,1.5807526182375193,conditional actor-specific HAC,,0.10460150171017688
Inference,Twelve-lag HAC bandwidth,three two-week fatality terms,20,12,direct_conflict_relevance,360,144,152,64,bcm,0.7821199700879693,0.41889416850551936,0.06188673514591695,-0.03891260018284859,1.6031525403587872,conditional actor-specific HAC,,0.09283010271887543
Inference,Twelve-lag HAC bandwidth,three two-week fatality terms,20,12,physical_violence,360,144,152,64,naive,1.0296796042518763,0.401955697812019,0.010416893890911801,0.24184643654031912,1.8175127719634334,conditional actor-specific HAC,,0.031250681672735404
Inference,Twelve-lag HAC bandwidth,three two-week fatality terms,20,12,physical_violence,360,144,152,64,direct,0.7304621791913988,0.28839403137785535,0.011313559981626163,0.1652098776908023,1.2957144806919954,conditional actor-specific HAC,,0.03394067994487849
Inference,Twelve-lag HAC bandwidth,three two-week fatality terms,20,12,physical_violence,360,144,152,64,bca,0.8284028730585125,0.28839403137785535,0.004072782222424724,0.263150571557916,1.3936551745591088,conditional actor-specific HAC,,0.012218346667274171
Inference,Twelve-lag HAC bandwidth,three two-week fatality terms,20,12,physical_violence,360,144,152,64,bcm,0.8435681753252866,0.28839403137785535,0.0034439622383409577,0.27831587382469014,1.4088204768258832,conditional actor-specific HAC,,0.010331886715022873
Inference,Twelve-lag HAC bandwidth,three two-week fatality terms,20,12,fatalities_present,360,144,152,64,naive,0.1994809275113886,0.3793969477876416,0.5990381410853705,-0.544137090152389,0.9430989451751661,conditional actor-specific HAC,,0.5990381410853705
Inference,Twelve-lag HAC bandwidth,three two-week fatality terms,20,12,fatalities_present,360,144,152,64,direct,0.20444276246107776,0.2882454460318446,0.47815927703026656,-0.36051831176133764,0.7694038366834931,conditional actor-specific HAC,,0.47815927703026656
Inference,Twelve-lag HAC bandwidth,three two-week fatality terms,20,12,fatalities_present,360,144,152,64,bca,0.2405306362597707,0.2882454460318446,0.404019197441023,-0.3244304379626447,0.805491710482186,conditional actor-specific HAC,,0.404019197441023
Inference,Twelve-lag HAC bandwidth,three two-week fatality terms,20,12,fatalities_present,360,144,152,64,bcm,0.24826628709627271,0.2882454460318446,0.38907191031839555,-0.31669478712614263,0.8132273613186881,conditional actor-specific HAC,,0.38907191031839555
