month,period_start,regime,y_ucdp_actor_fatalities_next,next_month_outcome_available,n_articles,share_conflict_relevance_direct_all,share_conflict_relevance_direct_clear,share_conflict_relevance_direct_unresolved,share_event_context_cbt_all,share_event_context_cbt_clear,share_event_context_cbt_unresolved,share_event_modality_realized_all,share_event_modality_realized_clear,share_event_modality_realized_unresolved,share_matched_actor_role_perpetrator_all,share_matched_actor_role_perpetrator_clear,share_matched_actor_role_perpetrator_unresolved,share_event_time_relation_current_or_recent_all,share_event_time_relation_current_or_recent_clear,share_event_time_relation_current_or_recent_unresolved,share_physical_violence_occurred_all,share_physical_violence_occurred_clear,share_physical_violence_occurred_unresolved,share_fatalities_present_all,share_fatalities_present_clear,share_fatalities_present_unresolved,share_injuries_present_all,share_injuries_present_clear,share_injuries_present_unresolved,share_any_matched_actor_mentioned_all,share_any_matched_actor_mentioned_clear,share_any_matched_actor_mentioned_unresolved,share_any_physical_violence_mentioned_all,share_any_physical_violence_mentioned_clear,share_any_physical_violence_mentioned_unresolved,share_any_fatalities_mentioned_all,share_any_fatalities_mentioned_clear,share_any_fatalities_mentioned_unresolved,share_any_injuries_mentioned_all,share_any_injuries_mentioned_clear,share_any_injuries_mentioned_unresolved,share_any_weapon_mentioned_all,share_any_weapon_mentioned_clear,share_any_weapon_mentioned_unresolved,log1p_n_articles,log1p_actor_linked_fatalities_next
2020-01,2020-01-01,Pre-takeover,2733.0,True,428,0.8037383177570093,0.8132387706855791,0.011682242990654205,0.6565420560747663,0.7242268041237113,0.09345794392523364,0.9065420560747663,0.9974293059125964,0.0911214953271028,0.5677570093457944,0.6246786632390745,0.0911214953271028,0.7827102803738317,0.8481012658227848,0.07710280373831775,0.6822429906542056,0.762402088772846,0.10514018691588785,0.6308411214953271,0.72,0.12383177570093458,0.3014018691588785,0.36235955056179775,0.16822429906542055,0.9065420560747663,0.9150943396226415,0.009345794392523364,0.9205607476635514,0.9314420803782506,0.011682242990654205,0.7757009345794392,0.8197530864197531,0.053738317757009345,0.3574766355140187,0.4346590909090909,0.17757009345794392,0.5070093457943925,0.5994475138121547,0.1542056074766355,6.061456918928017,7.913521017283895
2020-02,2020-02-01,Pre-takeover,1090.0,True,403,0.8138957816377171,0.8324873096446701,0.022332506203473945,0.39950372208436724,0.43513513513513513,0.08188585607940446,0.9106699751861043,0.9972826086956522,0.08684863523573201,0.4813895781637717,0.5243243243243243,0.08188585607940446,0.6426799007444168,0.6943699731903485,0.07444168734491315,0.4392059553349876,0.49441340782122906,0.11166253101736973,0.40694789081885857,0.45179063360881544,0.09925558312655088,0.141439205955335,0.16569767441860464,0.14640198511166252,0.9305210918114144,0.9351620947630923,0.004962779156327543,0.9007444168734491,0.9120603015075377,0.01240694789081886,0.6823821339950372,0.7033248081841432,0.02977667493796526,0.24813895781637718,0.2949852507374631,0.1588089330024814,0.5161290322580645,0.5606469002695418,0.0794044665012407,6.0014148779611505,6.994849985833071
2020-03,2020-03-01,Pre-takeover,1030.0,True,649,0.8412942989214176,0.8544600938967136,0.015408320493066256,0.5300462249614792,0.5781512605042017,0.08320493066255778,0.9167950693374423,1.0,0.08320493066255778,0.5485362095531587,0.5993265993265994,0.0847457627118644,0.827426810477658,0.8964941569282137,0.07704160246533127,0.5901386748844376,0.6535836177474402,0.0970724191063174,0.47919876733436056,0.5380622837370242,0.10939907550077041,0.275808936825886,0.32545454545454544,0.15254237288135594,0.926040061633282,0.9346811819595645,0.009244992295839754,0.8690292758089369,0.8826291079812206,0.015408320493066256,0.6394453004622496,0.6618819776714514,0.03389830508474576,0.3389830508474576,0.3942652329749104,0.14021571648690292,0.46687211093990755,0.5033222591362126,0.0724191063174114,6.476972362889683,6.93828448401696
2020-04,2020-04-01,Pre-takeover,1093.0,True,310,0.8774193548387097,0.8774193548387097,0.0,0.5483870967741935,0.576271186440678,0.04838709677419355,0.9516129032258065,1.0,0.04838709677419355,0.635483870967742,0.6700680272108843,0.05161290322580645,0.8935483870967742,0.9326599326599326,0.041935483870967745,0.6451612903225806,0.6896551724137931,0.06451612903225806,0.6064516129032258,0.6416382252559727,0.054838709677419356,0.3967741935483871,0.4392857142857143,0.0967741935483871,0.9516129032258065,0.9546925566343042,0.0032258064516129032,0.8903225806451613,0.8932038834951457,0.0032258064516129032,0.7354838709677419,0.7402597402597403,0.0064516129032258064,0.43870967741935485,0.48398576512455516,0.0935483870967742,0.3967741935483871,0.4155405405405405,0.04516129032258064,5.739792912179234,6.9975959829819265
2020-05,2020-05-01,Pre-takeover,1472.0,True,497,0.8953722334004024,0.9081632653061225,0.014084507042253521,0.6317907444668008,0.6610526315789473,0.04426559356136821,0.9557344064386318,1.0,0.04426559356136821,0.6016096579476862,0.6334745762711864,0.05030181086519115,0.8792756539235412,0.9180672268907563,0.04225352112676056,0.6961770623742455,0.7330508474576272,0.05030181086519115,0.676056338028169,0.717948717948718,0.05835010060362173,0.5010060362173038,0.5608108108108109,0.10663983903420524,0.9617706237424547,0.9656565656565657,0.004024144869215292,0.9396378269617707,0.9491869918699187,0.01006036217303823,0.8350100603621731,0.8574380165289256,0.026156941649899398,0.5875251509054326,0.6547085201793722,0.10261569416498995,0.5533199195171026,0.6043956043956044,0.08450704225352113,6.210600077024653,7.29505641646263
2020-06,2020-06-01,Pre-takeover,1546.0,True,419,0.7183770883054893,0.7270531400966184,0.011933174224343675,0.431980906921241,0.48010610079575594,0.10023866348448687,0.8997613365155132,1.0,0.10023866348448687,0.47255369928400953,0.5169712793733682,0.08591885441527446,0.7088305489260143,0.7654639175257731,0.07398568019093078,0.4821002386634845,0.5358090185676393,0.10023866348448687,0.45584725536992843,0.5013123359580053,0.09069212410501193,0.3031026252983294,0.35674157303370785,0.15035799522673032,0.9284009546539379,0.9350961538461539,0.007159904534606206,0.8090692124105012,0.8168674698795181,0.00954653937947494,0.6157517899761337,0.6262135922330098,0.016706443914081145,0.39618138424821003,0.453551912568306,0.12649164677804295,0.40572792362768495,0.44502617801047123,0.0883054892601432,6.040254711277414,7.344072850573066
2020-07,2020-07-01,Pre-takeover,1347.0,True,543,0.8084714548802947,0.8144712430426716,0.007366482504604052,0.47513812154696133,0.50390625,0.0570902394106814,0.9337016574585635,0.9980314960629921,0.06445672191528545,0.429097605893186,0.46047430830039526,0.06813996316758748,0.7697974217311234,0.81640625,0.0570902394106814,0.565377532228361,0.6055226824457594,0.06629834254143646,0.5395948434622467,0.5801980198019802,0.06998158379373849,0.43278084714548803,0.487551867219917,0.11233885819521179,0.9373848987108656,0.9425925925925925,0.0055248618784530384,0.8305709023941068,0.8414179104477612,0.01289134438305709,0.6740331491712708,0.690566037735849,0.02394106813996317,0.48987108655616945,0.5439672801635992,0.09944751381215469,0.5561694290976059,0.6003976143141153,0.07366482504604052,6.298949246855942,7.206377291472252
2020-08,2020-08-01,Pre-takeover,1763.0,True,334,0.8592814371257484,0.8592814371257484,0.0,0.5808383233532934,0.610062893081761,0.04790419161676647,0.9461077844311377,0.9968454258675079,0.05089820359281437,0.5449101796407185,0.5759493670886076,0.05389221556886228,0.7784431137724551,0.8099688473520249,0.038922155688622756,0.6616766467065869,0.6927899686520376,0.04491017964071856,0.5389221556886228,0.5678233438485805,0.05089820359281437,0.49101796407185627,0.5503355704697986,0.10778443113772455,0.9491017964071856,0.9548192771084337,0.005988023952095809,0.8952095808383234,0.9006024096385542,0.005988023952095809,0.7035928143712575,0.7164634146341463,0.017964071856287425,0.5838323353293413,0.6543624161073825,0.10778443113772455,0.5479041916167665,0.5941558441558441,0.07784431137724551,5.814130531825066,7.475339236566737
2020-09,2020-09-01,Pre-takeover,2671.0,True,397,0.853904282115869,0.8647959183673469,0.012594458438287154,0.6146095717884131,0.6472148541114059,0.05037783375314862,0.9420654911838791,0.9973333333333333,0.055415617128463476,0.5188916876574308,0.5508021390374331,0.05793450881612091,0.818639798488665,0.8597883597883598,0.04785894206549118,0.6523929471032746,0.6925133689839572,0.05793450881612091,0.6045340050377834,0.6469002695417789,0.0654911838790932,0.45591939546599497,0.5142045454545454,0.11335012594458438,0.9496221662468514,0.9568527918781726,0.007556675062972292,0.8866498740554156,0.9002557544757033,0.015113350125944584,0.7632241813602015,0.7890625,0.0327455919395466,0.5188916876574308,0.5643835616438356,0.08060453400503778,0.45843828715365237,0.5098039215686274,0.10075566750629723,5.986452005284438,7.890582534656536
2020-10,2020-10-01,Pre-takeover,1866.0,True,349,0.8481375358166189,0.8604651162790697,0.014326647564469915,0.6532951289398281,0.6909090909090909,0.054441260744985676,0.9369627507163324,1.0,0.06303724928366762,0.5128939828080229,0.5474006116207951,0.06303724928366762,0.830945558739255,0.8708708708708709,0.045845272206303724,0.7077363896848138,0.7439759036144579,0.04871060171919771,0.6103151862464183,0.6513761467889908,0.06303724928366762,0.41260744985673353,0.48,0.14040114613180515,0.9426934097421203,0.9508670520231214,0.008595988538681949,0.9283667621776505,0.9310344827586207,0.0028653295128939827,0.7363896848137536,0.749271137026239,0.017191977077363897,0.4813753581661891,0.5581395348837209,0.13753581661891118,0.5931232091690545,0.6330275229357798,0.06303724928366762,5.857933154483459,7.532088143541722
2020-11,2020-11-01,Pre-takeover,2033.0,True,235,0.8212765957446808,0.8247863247863247,0.00425531914893617,0.5659574468085107,0.588495575221239,0.03829787234042553,0.9574468085106383,1.0,0.0425531914893617,0.44680851063829785,0.4751131221719457,0.059574468085106386,0.7787234042553192,0.8026315789473685,0.029787234042553193,0.6170212765957447,0.6331877729257642,0.02553191489361702,0.5446808510638298,0.5765765765765766,0.05531914893617021,0.4340425531914894,0.46788990825688076,0.07234042553191489,0.9404255319148936,0.9404255319148936,0.0,0.9319148936170213,0.9358974358974359,0.00425531914893617,0.7574468085106383,0.7705627705627706,0.01702127659574468,0.5063829787234042,0.5560747663551402,0.08936170212765958,0.6042553191489362,0.6339285714285714,0.04680851063829787,5.4638318050256105,7.617759576608505
2020-12,2020-12-01,Pre-takeover,2676.0,True,295,0.8711864406779661,0.889273356401384,0.020338983050847456,0.6135593220338983,0.6328671328671329,0.030508474576271188,0.9661016949152542,1.0,0.03389830508474576,0.488135593220339,0.5236363636363637,0.06779661016949153,0.8203389830508474,0.8491228070175438,0.03389830508474576,0.688135593220339,0.725,0.05084745762711865,0.6440677966101694,0.6761565836298933,0.04745762711864407,0.49491525423728816,0.5447761194029851,0.09152542372881356,0.9457627118644067,0.9522184300341296,0.006779661016949152,0.9389830508474576,0.9584775086505191,0.020338983050847456,0.8440677966101695,0.8645833333333334,0.023728813559322035,0.5830508474576271,0.6370370370370371,0.0847457627118644,0.6610169491525424,0.7014388489208633,0.0576271186440678,5.69035945432406,7.892452043520352
2021-01,2021-01-01,Pre-takeover,2018.0,True,331,0.824773413897281,0.8272727272727273,0.0030211480362537764,0.5015105740181269,0.5286624203821656,0.0513595166163142,0.9486404833836858,1.0,0.0513595166163142,0.5619335347432024,0.5886075949367089,0.045317220543806644,0.8217522658610272,0.8580441640378549,0.04229607250755287,0.5589123867069486,0.5910543130990416,0.054380664652567974,0.5226586102719033,0.5492063492063493,0.04833836858006042,0.35347432024169184,0.38613861386138615,0.08459214501510574,0.9546827794561934,0.9546827794561934,0.0,0.8580060422960725,0.8685015290519877,0.012084592145015106,0.6948640483383686,0.7076923076923077,0.01812688821752266,0.4350453172205438,0.4768211920529801,0.08761329305135952,0.5558912386706949,0.5859872611464968,0.0513595166163142,5.805134968916488,7.610357618312838
2021-02,2021-02-01,Pre-takeover,1751.0,True,291,0.8213058419243986,0.8241379310344827,0.003436426116838488,0.49140893470790376,0.5107142857142857,0.037800687285223365,0.9587628865979382,1.0,0.041237113402061855,0.5601374570446735,0.5800711743772242,0.03436426116838488,0.738831615120275,0.7651245551601423,0.03436426116838488,0.5189003436426117,0.5392857142857143,0.037800687285223365,0.4879725085910653,0.5071428571428571,0.037800687285223365,0.32646048109965636,0.3584905660377358,0.08934707903780069,0.9484536082474226,0.9484536082474226,0.0,0.8487972508591065,0.8546712802768166,0.006872852233676976,0.6701030927835051,0.6818181818181818,0.01718213058419244,0.4054982817869416,0.44866920152091255,0.09621993127147767,0.5154639175257731,0.5617977528089888,0.08247422680412371,5.676753802268282,7.468513271496337
2021-03,2021-03-01,Pre-takeover,2812.0,True,269,0.8104089219330854,0.8134328358208955,0.0037174721189591076,0.37174721189591076,0.3875968992248062,0.040892193308550186,0.9516728624535316,0.9961089494163424,0.04460966542750929,0.483271375464684,0.5038759689922481,0.040892193308550186,0.6951672862453532,0.7164750957854407,0.02973977695167286,0.45353159851301117,0.46923076923076923,0.03345724907063197,0.379182156133829,0.4015748031496063,0.055762081784386616,0.2527881040892193,0.27530364372469635,0.08178438661710037,0.9591078066914498,0.9626865671641791,0.0037174721189591076,0.8661710037174721,0.8726591760299626,0.007434944237918215,0.5204460966542751,0.5426356589147286,0.040892193308550186,0.35315985130111527,0.3958333333333333,0.10780669144981413,0.4795539033457249,0.5466101694915254,0.12267657992565056,5.598421958998375,7.9420068084898565
2021-04,2021-04-01,Pre-takeover,4882.0,True,360,0.8111111111111111,0.8156424581005587,0.005555555555555556,0.40555555555555556,0.42441860465116277,0.044444444444444446,0.9555555555555556,1.0,0.044444444444444446,0.45555555555555555,0.478134110787172,0.04722222222222222,0.6194444444444445,0.6389684813753582,0.030555555555555555,0.44722222222222224,0.46938775510204084,0.04722222222222222,0.41388888888888886,0.430635838150289,0.03888888888888889,0.29444444444444445,0.3183183183183183,0.075,0.9416666666666667,0.946927374301676,0.005555555555555556,0.8,0.8044692737430168,0.005555555555555556,0.625,0.6338028169014085,0.013888888888888888,0.3861111111111111,0.42507645259938837,0.09166666666666666,0.4527777777777778,0.49393939393939396,0.08333333333333333,5.8888779583328805,8.49351506406166
2021-05,2021-05-01,Pre-takeover,7603.0,True,567,0.8835978835978836,0.8882978723404256,0.005291005291005291,0.5661375661375662,0.5879120879120879,0.037037037037037035,0.9629629629629629,1.0,0.037037037037037035,0.582010582010582,0.609981515711645,0.04585537918871252,0.8483245149911817,0.8777372262773723,0.03350970017636684,0.6631393298059964,0.6911764705882353,0.04056437389770723,0.5608465608465608,0.594392523364486,0.0564373897707231,0.35802469135802467,0.40681362725450904,0.11992945326278659,0.9541446208112875,0.9558303886925795,0.001763668430335097,0.9065255731922398,0.9145907473309609,0.008818342151675485,0.7195767195767195,0.7298747763864043,0.014109347442680775,0.42328042328042326,0.4897959183673469,0.13580246913580246,0.527336860670194,0.5783365570599613,0.08818342151675485,6.342121418721152,8.93642970360832
2021-06,2021-06-01,Pre-takeover,8431.0,True,675,0.8503703703703703,0.8618618618618619,0.013333333333333334,0.5155555555555555,0.5497630331753555,0.06222222222222222,0.9333333333333333,0.9968354430379747,0.0637037037037037,0.5955555555555555,0.6340694006309149,0.06074074074074074,0.8192592592592592,0.865414710485133,0.05333333333333334,0.5792592592592593,0.6206349206349207,0.06666666666666667,0.3925925925925926,0.43300653594771243,0.09333333333333334,0.2696296296296296,0.3079526226734349,0.12444444444444444,0.9466666666666667,0.9537313432835821,0.007407407407407408,0.8903703703703704,0.9037593984962407,0.014814814814814815,0.5214814814814814,0.5457364341085271,0.044444444444444446,0.3466666666666667,0.4006849315068493,0.1348148148148148,0.4222222222222222,0.47818791946308725,0.11703703703703704,6.516193076042964,9.039789270781144
2021-07,2021-07-01,Pre-takeover,4899.0,True,2000,0.8585,0.863682092555332,0.006,0.495,0.5205047318611987,0.049,0.95,0.9989484752891693,0.049,0.611,0.6424815983175605,0.049,0.8435,0.8837087480356207,0.0455,0.553,0.5895522388059702,0.062,0.3315,0.35626007522837183,0.0695,0.1695,0.20035460992907803,0.154,0.9545,0.9588146659969864,0.0045,0.876,0.8897917724733367,0.0155,0.463,0.477319587628866,0.03,0.2275,0.2744270205066345,0.171,0.408,0.4556113902847571,0.1045,7.601402334583733,8.496990484098719
2021-08,2021-08-01,Transition month,508.0,True,199,0.8190954773869347,0.8274111675126904,0.010050251256281407,0.507537688442211,0.531578947368421,0.04522613065326633,0.9447236180904522,0.9947089947089947,0.05025125628140704,0.5728643216080402,0.5968586387434555,0.04020100502512563,0.8190954773869347,0.844559585492228,0.03015075376884422,0.5527638190954773,0.5913978494623656,0.06532663316582915,0.34673366834170855,0.3812154696132597,0.09045226130653267,0.24120603015075376,0.2926829268292683,0.17587939698492464,0.9698492462311558,0.9796954314720813,0.010050251256281407,0.8442211055276382,0.8704663212435233,0.03015075376884422,0.5326633165829145,0.5638297872340425,0.05527638190954774,0.2964824120603015,0.3597560975609756,0.17587939698492464,0.47738693467336685,0.5248618784530387,0.09045226130653267,5.298317366548036,6.2324480165505225
2021-09,2021-09-01,Post-takeover,89.0,True,2262,0.7396109637488948,0.7458760588497548,0.008399646330680813,0.3001768346595933,0.3248803827751196,0.07603890362511052,0.9244031830238727,0.9980906921241051,0.07382847038019452,0.5167992926613616,0.5527186761229315,0.0649867374005305,0.735632183908046,0.7845355964167845,0.0623342175066313,0.4425287356321839,0.48404255319148937,0.08576480990274093,0.30548187444739167,0.33674463937621835,0.09283819628647215,0.15207780725022105,0.1855447680690399,0.18037135278514588,0.9283819628647215,0.9304386353566682,0.0022104332449160036,0.7519893899204244,0.7658712291760468,0.018125552608311227,0.47170645446507514,0.48788294467306814,0.033156498673740056,0.19805481874447392,0.24203133441383037,0.1816976127320955,0.42219274977895666,0.45454545454545453,0.07117595048629531,7.724446645633537,4.499809670330265
2021-10,2021-10-01,Post-takeover,61.0,True,981,0.7359836901121305,0.7405128205128205,0.0061162079510703364,0.3180428134556575,0.35095613048368957,0.09378185524974515,0.9041794087665648,1.0,0.09582059123343527,0.46992864424057085,0.5162374020156775,0.08970438328236494,0.7206931702344547,0.7873051224944321,0.08460754332313965,0.4597349643221203,0.5101809954751131,0.09887869520897044,0.37716615698267075,0.42528735632183906,0.11314984709480122,0.2854230377166157,0.3349282296650718,0.14780835881753313,0.9153924566768603,0.9191402251791198,0.004077471967380225,0.7420998980632009,0.7544041450777202,0.0163098878695209,0.5749235474006116,0.586888657648283,0.020387359836901122,0.3343527013251784,0.37831603229527105,0.1162079510703364,0.47196738022426094,0.512735326688815,0.07951070336391437,6.889591308354466,4.127134385045092
2021-11,2021-11-01,Post-takeover,18.0,True,591,0.6717428087986463,0.6786324786324787,0.01015228426395939,0.3197969543147208,0.35526315789473684,0.09983079526226735,0.8950930626057529,0.9981132075471698,0.10321489001692047,0.3824027072758037,0.41697416974169743,0.0829103214890017,0.6582064297800339,0.7047101449275363,0.06598984771573604,0.41624365482233505,0.45640074211502785,0.08798646362098139,0.3587140439932318,0.4007561436672968,0.10490693739424704,0.23688663282571912,0.28629856850715746,0.17258883248730963,0.9238578680203046,0.9301533219761499,0.00676818950930626,0.7292724196277496,0.7329931972789115,0.005076142131979695,0.5279187817258884,0.538860103626943,0.02030456852791878,0.31810490693739424,0.3745019920318725,0.1505922165820643,0.42978003384094754,0.4643510054844607,0.07445008460236886,6.3835066348840055,2.9444389791664403
2021-12,2021-12-01,Post-takeover,35.0,True,469,0.650319829424307,0.6573275862068966,0.010660980810234541,0.22174840085287847,0.25,0.11300639658848614,0.8891257995735607,1.0,0.11087420042643924,0.44562899786780386,0.48717948717948717,0.08528784648187633,0.5735607675906184,0.619815668202765,0.07462686567164178,0.3624733475479744,0.4009433962264151,0.09594882729211088,0.19402985074626866,0.21927710843373494,0.11513859275053305,0.10874200426439233,0.13246753246753246,0.1791044776119403,0.9125799573560768,0.9164882226980728,0.0042643923240938165,0.6844349680170576,0.6903225806451613,0.008528784648187633,0.3795309168443497,0.39555555555555555,0.04051172707889126,0.16204690831556504,0.19240506329113924,0.15778251599147122,0.3304904051172708,0.3538812785388128,0.06609808102345416,6.152732694704104,3.58351893845611
2022-01,2022-01-01,Post-takeover,21.0,True,376,0.6356382978723404,0.6390374331550802,0.005319148936170213,0.2127659574468085,0.23255813953488372,0.0851063829787234,0.9042553191489362,0.9912536443148688,0.08776595744680851,0.4654255319148936,0.501432664756447,0.07180851063829788,0.6090425531914894,0.6505681818181818,0.06382978723404255,0.3324468085106383,0.37650602409638556,0.11702127659574468,0.2393617021276596,0.2647058823529412,0.09574468085106383,0.10372340425531915,0.12420382165605096,0.16489361702127658,0.9228723404255319,0.9228723404255319,0.0,0.6888297872340425,0.7018970189701897,0.018617021276595744,0.4574468085106383,0.46994535519125685,0.026595744680851064,0.1675531914893617,0.19384615384615383,0.1356382978723404,0.3537234042553192,0.37464788732394366,0.05585106382978723,5.932245187448011,3.091042453358316
2022-02,2022-02-01,Post-takeover,46.0,True,213,0.676056338028169,0.676056338028169,0.0,0.23943661971830985,0.26288659793814434,0.0892018779342723,0.9107981220657277,1.0,0.0892018779342723,0.431924882629108,0.46938775510204084,0.07981220657276995,0.5821596244131455,0.62,0.06103286384976526,0.29577464788732394,0.3247422680412371,0.0892018779342723,0.20657276995305165,0.22916666666666666,0.09859154929577464,0.13145539906103287,0.15555555555555556,0.15492957746478872,0.9014084507042254,0.909952606635071,0.009389671361502348,0.676056338028169,0.6792452830188679,0.004694835680751174,0.4694835680751174,0.4784688995215311,0.018779342723004695,0.20657276995305165,0.2430939226519337,0.15023474178403756,0.39906103286384975,0.4166666666666667,0.04225352112676056,5.365976015021851,3.8501476017100584
2022-03,2022-03-01,Post-takeover,98.0,True,194,0.634020618556701,0.640625,0.010309278350515464,0.23195876288659795,0.25,0.07216494845360824,0.9175257731958762,0.994413407821229,0.07731958762886598,0.4742268041237113,0.5082872928176796,0.06701030927835051,0.5927835051546392,0.6318681318681318,0.061855670103092786,0.29896907216494845,0.3240223463687151,0.07731958762886598,0.2422680412371134,0.2655367231638418,0.08762886597938144,0.15979381443298968,0.18452380952380953,0.13402061855670103,0.9072164948453608,0.9072164948453608,0.0,0.6804123711340206,0.6804123711340206,0.0,0.4381443298969072,0.4473684210526316,0.020618556701030927,0.23711340206185566,0.2875,0.17525773195876287,0.3865979381443299,0.4076086956521739,0.05154639175257732,5.272999558563747,4.59511985013459
2022-04,2022-04-01,Post-takeover,176.0,True,237,0.7974683544303798,0.8042553191489362,0.008438818565400843,0.5147679324894515,0.5446428571428571,0.05485232067510549,0.9451476793248945,0.9955555555555555,0.05063291139240506,0.3628691983122363,0.39631336405529954,0.08438818565400844,0.7890295358649789,0.8201754385964912,0.0379746835443038,0.6371308016877637,0.6711111111111111,0.05063291139240506,0.540084388185654,0.5765765765765766,0.06329113924050633,0.45147679324894513,0.5071090047393365,0.10970464135021098,0.9156118143459916,0.9273504273504274,0.012658227848101266,0.8649789029535865,0.8874458874458875,0.02531645569620253,0.7257383966244726,0.7381974248927039,0.016877637130801686,0.4810126582278481,0.5428571428571428,0.11392405063291139,0.5949367088607594,0.6380090497737556,0.06751054852320675,5.472270673671475,5.176149732573829
2022-05,2022-05-01,Post-takeover,147.0,True,204,0.6666666666666666,0.6666666666666666,0.0,0.4068627450980392,0.43455497382198954,0.06372549019607843,0.9362745098039216,1.0,0.06372549019607843,0.4166666666666667,0.44502617801047123,0.06372549019607843,0.6372549019607843,0.6770833333333334,0.058823529411764705,0.3872549019607843,0.42245989304812837,0.08333333333333333,0.25980392156862747,0.28342245989304815,0.08333333333333333,0.17647058823529413,0.1978021978021978,0.10784313725490197,0.946078431372549,0.946078431372549,0.0,0.7598039215686274,0.7711442786069652,0.014705882352941176,0.47058823529411764,0.4873096446700508,0.03431372549019608,0.2696078431372549,0.30386740331491713,0.11274509803921569,0.4166666666666667,0.4381443298969072,0.049019607843137254,5.3230099791384085,4.997212273764115
2022-06,2022-06-01,Post-takeover,85.0,True,224,0.6919642857142857,0.695067264573991,0.004464285714285714,0.4375,0.4803921568627451,0.08928571428571429,0.9107142857142857,1.0,0.08928571428571429,0.34375,0.375609756097561,0.08482142857142858,0.75,0.7850467289719626,0.044642857142857144,0.4955357142857143,0.5414634146341464,0.08482142857142858,0.35714285714285715,0.418848167539267,0.14732142857142858,0.29017857142857145,0.34946236559139787,0.16964285714285715,0.9330357142857143,0.9372197309417041,0.004464285714285714,0.8348214285714286,0.8385650224215246,0.004464285714285714,0.5848214285714286,0.6267942583732058,0.06696428571428571,0.45535714285714285,0.5284974093264249,0.13839285714285715,0.39732142857142855,0.4218009478672986,0.05803571428571429,5.41610040220442,4.454347296253507
2022-07,2022-07-01,Post-takeover,55.0,True,157,0.6178343949044586,0.6298701298701299,0.01910828025477707,0.29936305732484075,0.33098591549295775,0.09554140127388536,0.8980891719745223,0.9929577464788732,0.09554140127388536,0.3885350318471338,0.4357142857142857,0.10828025477707007,0.5923566878980892,0.6503496503496503,0.08917197452229299,0.43312101910828027,0.4788732394366197,0.09554140127388536,0.3375796178343949,0.38405797101449274,0.12101910828025478,0.21019108280254778,0.2619047619047619,0.19745222929936307,0.910828025477707,0.9225806451612903,0.012738853503184714,0.7452229299363057,0.7452229299363057,0.0,0.554140127388535,0.58,0.044585987261146494,0.3057324840764331,0.366412213740458,0.16560509554140126,0.40764331210191085,0.43243243243243246,0.05732484076433121,5.062595033026967,4.02535169073515
2022-08,2022-08-01,Post-takeover,233.0,True,504,0.7202380952380952,0.726,0.007936507936507936,0.4146825396825397,0.4409282700421941,0.05952380952380952,0.9384920634920635,1.0,0.061507936507936505,0.40476190476190477,0.43037974683544306,0.05952380952380952,0.6765873015873016,0.7089397089397089,0.04563492063492063,0.5218253968253969,0.5595744680851064,0.06746031746031746,0.43253968253968256,0.461864406779661,0.06349206349206349,0.20238095238095238,0.25,0.19047619047619047,0.9523809523809523,0.9561752988047809,0.003968253968253968,0.8392857142857143,0.8493975903614458,0.011904761904761904,0.6488095238095238,0.6659877800407332,0.025793650793650792,0.24404761904761904,0.3170103092783505,0.23015873015873015,0.6329365079365079,0.6673640167364017,0.051587301587301584,6.22455842927536,5.455321115357702
2022-09,2022-09-01,Post-takeover,117.0,True,279,0.7455197132616488,0.7536231884057971,0.010752688172043012,0.45878136200716846,0.5059288537549407,0.0931899641577061,0.9068100358422939,1.0,0.0931899641577061,0.48028673835125446,0.5153846153846153,0.06810035842293907,0.7455197132616488,0.7849056603773585,0.05017921146953405,0.5806451612903226,0.6328125,0.08243727598566308,0.48028673835125446,0.5214007782101168,0.07885304659498207,0.34767025089605735,0.4127659574468085,0.15770609318996415,0.9390681003584229,0.9390681003584229,0.0,0.8279569892473119,0.84,0.014336917562724014,0.6379928315412187,0.6544117647058824,0.025089605734767026,0.4050179211469534,0.4788135593220339,0.15412186379928317,0.5842293906810035,0.6317829457364341,0.07526881720430108,5.634789603169249,4.770684624465665
2022-10,2022-10-01,Post-takeover,28.0,True,201,0.7860696517412935,0.7860696517412935,0.0,0.43781094527363185,0.4607329842931937,0.04975124378109453,0.9502487562189055,1.0,0.04975124378109453,0.4527363184079602,0.48148148148148145,0.05970149253731343,0.736318407960199,0.774869109947644,0.04975124378109453,0.5621890547263682,0.5978835978835979,0.05970149253731343,0.4975124378109453,0.5347593582887701,0.06965174129353234,0.3283582089552239,0.37714285714285717,0.12935323383084577,0.9502487562189055,0.9502487562189055,0.0,0.8159203980099502,0.8241206030150754,0.009950248756218905,0.6567164179104478,0.6700507614213198,0.01990049751243781,0.42786069651741293,0.5212121212121212,0.1791044776119403,0.4975124378109453,0.5376344086021505,0.07462686567164178,5.308267697401205,3.367295829986474
2022-11,2022-11-01,Post-takeover,111.0,True,155,0.6645161290322581,0.6645161290322581,0.0,0.33548387096774196,0.36363636363636365,0.07741935483870968,0.9225806451612903,1.0,0.07741935483870968,0.4645161290322581,0.4897959183673469,0.05161290322580645,0.6580645161290323,0.6891891891891891,0.04516129032258064,0.43870967741935485,0.4657534246575342,0.05806451612903226,0.3870967741935484,0.4195804195804196,0.07741935483870968,0.2129032258064516,0.23741007194244604,0.1032258064516129,0.9548387096774194,0.9673202614379085,0.012903225806451613,0.8129032258064516,0.8181818181818182,0.0064516129032258064,0.6129032258064516,0.6418918918918919,0.04516129032258064,0.3225806451612903,0.373134328358209,0.13548387096774195,0.4258064516129032,0.44594594594594594,0.04516129032258064,5.049856007249537,4.718498871295094
2022-12,2022-12-01,Post-takeover,59.0,True,280,0.8,0.8057553956834532,0.007142857142857143,0.425,0.4490566037735849,0.05357142857142857,0.9464285714285714,1.0,0.05357142857142857,0.5285714285714286,0.5692307692307692,0.07142857142857142,0.7785714285714286,0.8074074074074075,0.03571428571428571,0.5357142857142857,0.5703422053231939,0.060714285714285714,0.45357142857142857,0.49034749034749037,0.075,0.3535714285714286,0.4107883817427386,0.1392857142857143,0.95,0.9602888086642599,0.010714285714285714,0.8285714285714286,0.8405797101449275,0.014285714285714285,0.6285714285714286,0.654275092936803,0.039285714285714285,0.43214285714285716,0.5020746887966805,0.1392857142857143,0.4857142857142857,0.53125,0.08571428571428572,5.638354669333745,4.0943445622221
2023-01,2023-01-01,Post-takeover,14.0,True,518,0.47876447876447875,0.4815533980582524,0.005791505791505791,0.222007722007722,0.27380952380952384,0.1891891891891892,0.806949806949807,0.9928741092636579,0.18725868725868725,0.28185328185328185,0.3371824480369515,0.1640926640926641,0.4092664092664093,0.48735632183908045,0.16023166023166024,0.24324324324324326,0.29577464788732394,0.1776061776061776,0.21621621621621623,0.2635294117647059,0.17953667953667954,0.15444015444015444,0.19656019656019655,0.21428571428571427,0.9247104247104247,0.9319066147859922,0.007722007722007722,0.803088803088803,0.8109161793372319,0.009652509652509652,0.5907335907335908,0.6132264529058116,0.03667953667953668,0.2471042471042471,0.29357798165137616,0.1583011583011583,0.3745173745173745,0.40501043841336115,0.07528957528957529,6.251903883165888,2.70805020110221
2023-02,2023-02-01,Post-takeover,44.0,True,197,0.6954314720812182,0.7025641025641025,0.01015228426395939,0.40609137055837563,0.4371584699453552,0.07106598984771574,0.9289340101522843,1.0,0.07106598984771574,0.4873096446700508,0.5274725274725275,0.07614213197969544,0.7208121827411168,0.7634408602150538,0.05583756345177665,0.4517766497461929,0.49171270718232046,0.08121827411167512,0.37055837563451777,0.40782122905027934,0.09137055837563451,0.20304568527918782,0.23952095808383234,0.15228426395939088,0.9441624365482234,0.9489795918367347,0.005076142131979695,0.7309644670050761,0.7384615384615385,0.01015228426395939,0.6243654822335025,0.6473684210526316,0.03553299492385787,0.25380710659898476,0.2994011976047904,0.15228426395939088,0.467005076142132,0.5111111111111111,0.08629441624365482,5.288267030694535,3.8066624897703196
2023-03,2023-03-01,Post-takeover,52.0,True,247,0.680161943319838,0.6857142857142857,0.008097165991902834,0.4331983805668016,0.47767857142857145,0.0931174089068826,0.9068825910931174,1.0,0.0931174089068826,0.41295546558704455,0.45535714285714285,0.0931174089068826,0.7004048582995951,0.762114537444934,0.08097165991902834,0.4777327935222672,0.5244444444444445,0.08906882591093117,0.4251012145748988,0.4646017699115044,0.08502024291497975,0.32388663967611336,0.365296803652968,0.11336032388663968,0.9352226720647774,0.9390243902439024,0.004048582995951417,0.757085020242915,0.7727272727272727,0.020242914979757085,0.6072874493927125,0.625,0.02834008097165992,0.4089068825910931,0.4488888888888889,0.08906882591093117,0.5222672064777328,0.5560344827586207,0.06072874493927125,5.5134287461649825,3.970291913552122
2023-04,2023-04-01,Post-takeover,16.0,True,358,0.7430167597765364,0.751412429378531,0.0111731843575419,0.388268156424581,0.42378048780487804,0.08379888268156424,0.9134078212290503,0.9969512195121951,0.08379888268156424,0.5251396648044693,0.5696969696969697,0.0782122905027933,0.5391061452513967,0.5761194029850746,0.06424581005586592,0.46089385474860334,0.5015197568389058,0.08100558659217877,0.388268156424581,0.42378048780487804,0.08379888268156424,0.11173184357541899,0.12779552715654952,0.12569832402234637,0.9357541899441341,0.9463276836158192,0.0111731843575419,0.8016759776536313,0.8107344632768362,0.0111731843575419,0.6229050279329609,0.6463768115942029,0.036312849162011177,0.15083798882681565,0.18,0.16201117318435754,0.46368715083798884,0.49404761904761907,0.061452513966480445,5.883322388488279,2.833213344056216
2023-05,2023-05-01,Post-takeover,45.0,True,289,0.6816608996539792,0.6936619718309859,0.01730103806228374,0.4463667820069204,0.4942528735632184,0.09688581314878893,0.889273356401384,0.9884615384615385,0.10034602076124567,0.3460207612456747,0.3787878787878788,0.08650519031141868,0.6678200692041523,0.7148148148148148,0.0657439446366782,0.5017301038062284,0.5534351145038168,0.09342560553633218,0.42214532871972316,0.47843137254901963,0.11764705882352941,0.30103806228373703,0.34523809523809523,0.12802768166089964,0.9377162629757786,0.9442508710801394,0.006920415224913495,0.754325259515571,0.7841726618705036,0.03806228373702422,0.6020761245674741,0.6373626373626373,0.05536332179930796,0.3633217993079585,0.4117647058823529,0.11764705882352941,0.4429065743944637,0.5,0.11418685121107267,5.66988092298052,3.828641396489095
2023-06,2023-06-01,Post-takeover,15.0,True,222,0.5900900900900901,0.5927601809954751,0.0045045045045045045,0.3153153153153153,0.3448275862068966,0.08558558558558559,0.9144144144144144,1.0,0.08558558558558559,0.30180180180180183,0.32682926829268294,0.07657657657657657,0.5630630630630631,0.5952380952380952,0.05405405405405406,0.42342342342342343,0.4563106796116505,0.07207207207207207,0.3963963963963964,0.4292682926829268,0.07657657657657657,0.23423423423423423,0.27225130890052357,0.13963963963963963,0.9234234234234234,0.9234234234234234,0.0,0.7882882882882883,0.7990867579908676,0.013513513513513514,0.6711711711711712,0.6930232558139535,0.03153153153153153,0.34234234234234234,0.40641711229946526,0.15765765765765766,0.4774774774774775,0.5170731707317073,0.07657657657657657,5.407171771460119,2.772588722239781
2023-07,2023-07-01,Post-takeover,21.0,True,204,0.5147058823529411,0.5172413793103449,0.004901960784313725,0.23039215686274508,0.2655367231638418,0.1323529411764706,0.8676470588235294,1.0,0.1323529411764706,0.27450980392156865,0.3146067415730337,0.12745098039215685,0.5147058823529411,0.5769230769230769,0.10784313725490197,0.28921568627450983,0.3277777777777778,0.11764705882352941,0.2549019607843137,0.28888888888888886,0.11764705882352941,0.14705882352941177,0.18072289156626506,0.18627450980392157,0.9166666666666666,0.9257425742574258,0.00980392156862745,0.7009803921568627,0.7009803921568627,0.0,0.5490196078431373,0.5685279187817259,0.03431372549019608,0.2647058823529412,0.3253012048192771,0.18627450980392157,0.39705882352941174,0.4263157894736842,0.06862745098039216,5.3230099791384085,3.091042453358316
2023-08,2023-08-01,Post-takeover,13.0,True,243,0.522633744855967,0.5247933884297521,0.00411522633744856,0.21810699588477367,0.2398190045248869,0.09053497942386832,0.9053497942386831,1.0,0.09465020576131687,0.3786008230452675,0.4144144144144144,0.08641975308641975,0.3950617283950617,0.4266666666666667,0.07407407407407407,0.2716049382716049,0.30985915492957744,0.12345679012345678,0.24691358024691357,0.27522935779816515,0.102880658436214,0.12757201646090535,0.14903846153846154,0.1440329218106996,0.9506172839506173,0.9545454545454546,0.00411522633744856,0.7613168724279835,0.7676348547717843,0.00823045267489712,0.5679012345679012,0.5774058577405857,0.01646090534979424,0.205761316872428,0.24390243902439024,0.15637860082304528,0.39094650205761317,0.41304347826086957,0.053497942386831275,5.497168225293202,2.6390573296152584
2023-09,2023-09-01,Post-takeover,11.0,True,204,0.6519607843137255,0.6584158415841584,0.00980392156862745,0.3088235294117647,0.33689839572192515,0.08333333333333333,0.9166666666666666,1.0,0.08333333333333333,0.36764705882352944,0.3968253968253968,0.07352941176470588,0.6568627450980392,0.7015706806282722,0.06372549019607843,0.3872549019607843,0.42021276595744683,0.0784313725490196,0.28431372549019607,0.31521739130434784,0.09803921568627451,0.16666666666666666,0.19540229885057472,0.14705882352941177,0.9607843137254902,0.9655172413793104,0.004901960784313725,0.6911764705882353,0.698019801980198,0.00980392156862745,0.47058823529411764,0.4824120603015075,0.024509803921568627,0.24019607843137256,0.2648648648648649,0.09313725490196079,0.3627450980392157,0.4065934065934066,0.10784313725490197,5.3230099791384085,2.4849066497880004
2023-10,2023-10-01,Post-takeover,8.0,True,143,0.46153846153846156,0.4647887323943662,0.006993006993006993,0.15384615384615385,0.1864406779661017,0.17482517482517482,0.8181818181818182,0.9915254237288136,0.17482517482517482,0.22377622377622378,0.24242424242424243,0.07692307692307693,0.5104895104895105,0.5488721804511278,0.06993006993006994,0.21678321678321677,0.248,0.1258741258741259,0.1888111888111888,0.21951219512195122,0.13986013986013987,0.16083916083916083,0.19658119658119658,0.18181818181818182,0.9230769230769231,0.9230769230769231,0.0,0.7342657342657343,0.75,0.02097902097902098,0.5734265734265734,0.5985401459854015,0.04195804195804196,0.40559440559440557,0.4566929133858268,0.11188811188811189,0.34265734265734266,0.3858267716535433,0.11188811188811189,4.969813299576001,2.1972245773362196
2023-11,2023-11-01,Post-takeover,3.0,True,1,0.0,0.0,0.0,0.0,,1.0,0.0,,1.0,0.0,,1.0,0.0,,1.0,0.0,,1.0,0.0,,1.0,0.0,,1.0,1.0,1.0,0.0,0.0,0.0,0.0,0.0,0.0,0.0,0.0,0.0,0.0,0.0,0.0,0.0,0.6931471805599453,1.3862943611198906
2023-12,2023-12-01,Post-takeover,11.0,True,114,0.5614035087719298,0.5614035087719298,0.0,0.21929824561403508,0.24271844660194175,0.09649122807017543,0.8947368421052632,1.0,0.10526315789473684,0.3684210526315789,0.4,0.07894736842105263,0.5350877192982456,0.5700934579439252,0.06140350877192982,0.2982456140350877,0.3333333333333333,0.10526315789473684,0.23684210526315788,0.2647058823529412,0.10526315789473684,0.14912280701754385,0.18478260869565216,0.19298245614035087,0.9210526315789473,0.9375,0.017543859649122806,0.7894736842105263,0.8035714285714286,0.017543859649122806,0.4649122807017544,0.4953271028037383,0.06140350877192982,0.21929824561403508,0.2604166666666667,0.15789473684210525,0.40350877192982454,0.42592592592592593,0.05263157894736842,4.74493212836325,2.4849066497880004
2024-01,2024-01-01,Post-takeover,1.0,True,104,0.5961538461538461,0.6019417475728155,0.009615384615384616,0.25961538461538464,0.2872340425531915,0.09615384615384616,0.9038461538461539,1.0,0.09615384615384616,0.3269230769230769,0.35789473684210527,0.08653846153846154,0.6634615384615384,0.7040816326530612,0.057692307692307696,0.2980769230769231,0.32978723404255317,0.09615384615384616,0.25,0.27956989247311825,0.10576923076923077,0.19230769230769232,0.22727272727272727,0.15384615384615385,0.9519230769230769,0.9519230769230769,0.0,0.7788461538461539,0.7941176470588235,0.019230769230769232,0.5865384615384616,0.5980392156862745,0.019230769230769232,0.25,0.28888888888888886,0.1346153846153846,0.46153846153846156,0.4897959183673469,0.057692307692307696,4.653960350157523,0.6931471805599453
2024-02,2024-02-01,Post-takeover,46.0,True,120,0.48333333333333334,0.48739495798319327,0.008333333333333333,0.14166666666666666,0.1619047619047619,0.125,0.875,1.0,0.125,0.25833333333333336,0.2897196261682243,0.10833333333333334,0.48333333333333334,0.5272727272727272,0.08333333333333333,0.20833333333333334,0.24509803921568626,0.15,0.18333333333333332,0.21359223300970873,0.14166666666666666,0.1,0.12,0.16666666666666666,0.9166666666666666,0.9322033898305084,0.016666666666666666,0.7583333333333333,0.7647058823529411,0.008333333333333333,0.49166666666666664,0.5175438596491229,0.05,0.16666666666666666,0.21505376344086022,0.225,0.375,0.39823008849557523,0.058333333333333334,4.795790545596741,3.8501476017100584
2024-03,2024-03-01,Post-takeover,7.0,True,244,0.6844262295081968,0.6872427983539094,0.004098360655737705,0.47950819672131145,0.5131578947368421,0.06557377049180328,0.930327868852459,1.0,0.06967213114754098,0.27049180327868855,0.28448275862068967,0.04918032786885246,0.7172131147540983,0.7478632478632479,0.040983606557377046,0.45901639344262296,0.49557522123893805,0.07377049180327869,0.4385245901639344,0.4798206278026906,0.0860655737704918,0.1680327868852459,0.18981481481481483,0.11475409836065574,0.9631147540983607,0.9710743801652892,0.00819672131147541,0.8483606557377049,0.8553719008264463,0.00819672131147541,0.7090163934426229,0.7330508474576272,0.03278688524590164,0.22540983606557377,0.2722772277227723,0.1721311475409836,0.5778688524590164,0.6130434782608696,0.05737704918032787,5.501258210544727,2.0794415416798357
2024-04,2024-04-01,Post-takeover,37.0,True,132,0.5681818181818182,0.5725190839694656,0.007575757575757576,0.19696969696969696,0.2222222222222222,0.11363636363636363,0.8863636363636364,1.0,0.11363636363636363,0.2727272727272727,0.2926829268292683,0.06818181818181818,0.5454545454545454,0.5806451612903226,0.06060606060606061,0.26515151515151514,0.3017241379310345,0.12121212121212122,0.18181818181818182,0.20689655172413793,0.12121212121212122,0.12121212121212122,0.14678899082568808,0.17424242424242425,0.9318181818181818,0.9318181818181818,0.0,0.7651515151515151,0.7709923664122137,0.007575757575757576,0.5227272727272727,0.5390625,0.030303030303030304,0.26515151515151514,0.3125,0.15151515151515152,0.4166666666666667,0.4435483870967742,0.06060606060606061,4.890349128221754,3.6375861597263857
2024-05,2024-05-01,Post-takeover,7.0,True,179,0.7150837988826816,0.7191011235955056,0.00558659217877095,0.5083798882681564,0.5652173913043478,0.1005586592178771,0.8994413407821229,1.0,0.1005586592178771,0.3687150837988827,0.38823529411764707,0.05027932960893855,0.7318435754189944,0.7572254335260116,0.0335195530726257,0.6368715083798883,0.6826347305389222,0.0670391061452514,0.5698324022346368,0.6257668711656442,0.0893854748603352,0.43575418994413406,0.48148148148148145,0.09497206703910614,0.9664804469273743,0.9719101123595506,0.00558659217877095,0.8994413407821229,0.9044943820224719,0.00558659217877095,0.7486033519553073,0.7528089887640449,0.00558659217877095,0.5083798882681564,0.5548780487804879,0.08379888268156424,0.4748603351955307,0.5182926829268293,0.08379888268156424,5.19295685089021,2.0794415416798357
2024-06,2024-06-01,Post-takeover,11.0,True,93,0.5376344086021505,0.5434782608695652,0.010752688172043012,0.15053763440860216,0.16470588235294117,0.08602150537634409,0.9139784946236559,1.0,0.08602150537634409,0.2903225806451613,0.3068181818181818,0.053763440860215055,0.5268817204301075,0.5568181818181818,0.053763440860215055,0.25806451612903225,0.27586206896551724,0.06451612903225806,0.1827956989247312,0.19767441860465115,0.07526881720430108,0.08602150537634409,0.0963855421686747,0.10752688172043011,0.946236559139785,0.9565217391304348,0.010752688172043012,0.6881720430107527,0.6956521739130435,0.010752688172043012,0.4838709677419355,0.4891304347826087,0.010752688172043012,0.22580645161290322,0.26582278481012656,0.15053763440860216,0.27956989247311825,0.3023255813953488,0.07526881720430108,4.543294782270004,2.4849066497880004
2024-07,2024-07-01,Post-takeover,17.0,True,96,0.5104166666666666,0.5104166666666666,0.0,0.11458333333333333,0.1375,0.16666666666666666,0.84375,1.0,0.15625,0.22916666666666666,0.275,0.16666666666666666,0.53125,0.6219512195121951,0.14583333333333334,0.20833333333333334,0.25,0.16666666666666666,0.19791666666666666,0.2345679012345679,0.15625,0.10416666666666667,0.1282051282051282,0.1875,0.9166666666666666,0.9166666666666666,0.0,0.6770833333333334,0.6914893617021277,0.020833333333333332,0.5208333333333334,0.5263157894736842,0.010416666666666666,0.19791666666666666,0.2289156626506024,0.13541666666666666,0.4270833333333333,0.45555555555555555,0.0625,4.574710978503383,2.8903717578961645
2024-08,2024-08-01,Post-takeover,35.0,True,137,0.6131386861313869,0.6131386861313869,0.0,0.22627737226277372,0.24031007751937986,0.058394160583941604,0.9416058394160584,1.0,0.058394160583941604,0.35766423357664234,0.3888888888888889,0.08029197080291971,0.5255474452554745,0.549618320610687,0.043795620437956206,0.291970802919708,0.31496062992125984,0.072992700729927,0.25547445255474455,0.2713178294573643,0.058394160583941604,0.2116788321167883,0.24369747899159663,0.13138686131386862,0.9708029197080292,0.9708029197080292,0.0,0.7737226277372263,0.7851851851851852,0.014598540145985401,0.48905109489051096,0.5,0.021897810218978103,0.26277372262773724,0.3025210084033613,0.13138686131386862,0.40875912408759124,0.4307692307692308,0.051094890510948905,4.927253685157205,3.58351893845611
2024-09,2024-09-01,Post-takeover,14.0,True,170,0.7058823529411765,0.7058823529411765,0.0,0.4588235294117647,0.47560975609756095,0.03529411764705882,0.9529411764705882,1.0,0.047058823529411764,0.3235294117647059,0.34591194968553457,0.06470588235294118,0.6176470588235294,0.6363636363636364,0.029411764705882353,0.4647058823529412,0.4906832298136646,0.052941176470588235,0.4235294117647059,0.4444444444444444,0.047058823529411764,0.31176470588235294,0.3333333333333333,0.06470588235294118,0.9529411764705882,0.9529411764705882,0.0,0.8352941176470589,0.8402366863905325,0.0058823529411764705,0.711764705882353,0.7202380952380952,0.011764705882352941,0.38235294117647056,0.4421768707482993,0.13529411764705881,0.611764705882353,0.6341463414634146,0.03529411764705882,5.14166355650266,2.70805020110221
2024-10,2024-10-01,Post-takeover,8.0,True,115,0.7217391304347827,0.7217391304347827,0.0,0.4,0.4144144144144144,0.034782608695652174,0.9652173913043478,1.0,0.034782608695652174,0.5043478260869565,0.5225225225225225,0.034782608695652174,0.6869565217391305,0.7053571428571429,0.02608695652173913,0.45217391304347826,0.46846846846846846,0.034782608695652174,0.3826086956521739,0.4074074074074074,0.06086956521739131,0.22608695652173913,0.26,0.13043478260869565,0.9565217391304348,0.9649122807017544,0.008695652173913044,0.7739130434782608,0.7739130434782608,0.0,0.5739130434782609,0.5945945945945946,0.034782608695652174,0.3217391304347826,0.3854166666666667,0.16521739130434782,0.48695652173913045,0.5233644859813084,0.06956521739130435,4.7535901911063645,2.1972245773362196
2024-11,2024-11-01,Post-takeover,44.0,True,82,0.5853658536585366,0.5853658536585366,0.0,0.24390243902439024,0.26666666666666666,0.08536585365853659,0.9146341463414634,1.0,0.08536585365853659,0.3048780487804878,0.3424657534246575,0.10975609756097561,0.5121951219512195,0.5526315789473685,0.07317073170731707,0.34146341463414637,0.37333333333333335,0.08536585365853659,0.25609756097560976,0.27631578947368424,0.07317073170731707,0.10975609756097561,0.13846153846153847,0.2073170731707317,0.9390243902439024,0.9506172839506173,0.012195121951219513,0.6829268292682927,0.7088607594936709,0.036585365853658534,0.47560975609756095,0.48148148148148145,0.012195121951219513,0.17073170731707318,0.21875,0.21951219512195122,0.45121951219512196,0.4567901234567901,0.012195121951219513,4.418840607796598,3.8066624897703196
2024-12,2024-12-01,Post-takeover,14.0,True,296,0.8445945945945946,0.8445945945945946,0.0,0.6824324324324325,0.7062937062937062,0.033783783783783786,0.9594594594594594,0.9964912280701754,0.037162162162162164,0.43243243243243246,0.45390070921985815,0.0472972972972973,0.8614864864864865,0.8854166666666666,0.02702702702702703,0.7128378378378378,0.74822695035461,0.0472972972972973,0.6722972972972973,0.7132616487455197,0.057432432432432436,0.35135135135135137,0.41106719367588934,0.14527027027027026,0.9662162162162162,0.9662162162162162,0.0,0.918918918918919,0.9220338983050848,0.0033783783783783786,0.7972972972972973,0.8109965635738832,0.016891891891891893,0.3918918918918919,0.48333333333333334,0.1891891891891892,0.6891891891891891,0.7364620938628159,0.06418918918918919,5.6937321388027,2.70805020110221
2025-01,2025-01-01,Post-takeover,33.0,True,160,0.66875,0.6729559748427673,0.00625,0.3,0.3137254901960784,0.04375,0.93125,0.9802631578947368,0.05,0.38125,0.40131578947368424,0.05,0.6625,0.6883116883116883,0.0375,0.35625,0.375,0.05,0.28125,0.3125,0.1,0.14375,0.16312056737588654,0.11875,0.95625,0.9683544303797469,0.0125,0.7875,0.7924528301886793,0.00625,0.525,0.5526315789473685,0.05,0.275,0.3283582089552239,0.1625,0.45,0.4897959183673469,0.08125,5.081404364984463,3.5263605246161616
2025-02,2025-02-01,Post-takeover,1.0,True,133,0.8045112781954887,0.8045112781954887,0.0,0.45112781954887216,0.46875,0.03759398496240601,0.9624060150375939,1.0,0.03759398496240601,0.48872180451127817,0.5078125,0.03759398496240601,0.7969924812030075,0.8217054263565892,0.03007518796992481,0.46616541353383456,0.496,0.06015037593984962,0.42105263157894735,0.4375,0.03759398496240601,0.3684210526315789,0.4016393442622951,0.08270676691729323,0.9548872180451128,0.9694656488549618,0.015037593984962405,0.7744360902255639,0.7862595419847328,0.015037593984962405,0.6240601503759399,0.6240601503759399,0.0,0.42105263157894735,0.4745762711864407,0.11278195488721804,0.45112781954887216,0.48,0.06015037593984962,4.897839799950911,0.6931471805599453
2025-03,2025-03-01,Post-takeover,0.0,True,167,0.7784431137724551,0.7784431137724551,0.0,0.38922155688622756,0.39634146341463417,0.017964071856287425,0.9760479041916168,0.9939024390243902,0.017964071856287425,0.437125748502994,0.453416149068323,0.03592814371257485,0.7365269461077845,0.7454545454545455,0.011976047904191617,0.41317365269461076,0.42073170731707316,0.017964071856287425,0.3712574850299401,0.3803680981595092,0.023952095808383235,0.2634730538922156,0.2857142857142857,0.07784431137724551,0.9520958083832335,0.9695121951219512,0.017964071856287425,0.8502994011976048,0.8658536585365854,0.017964071856287425,0.6227544910179641,0.6341463414634146,0.017964071856287425,0.3652694610778443,0.4420289855072464,0.17365269461077845,0.5269461077844312,0.55,0.041916167664670656,5.123963979403259,0.0
2025-04,2025-04-01,Post-takeover,18.0,True,85,0.6470588235294118,0.6470588235294118,0.0,0.21176470588235294,0.22784810126582278,0.07058823529411765,0.9176470588235294,1.0,0.08235294117647059,0.38823529411764707,0.4074074074074074,0.047058823529411764,0.6588235294117647,0.7,0.058823529411764705,0.24705882352941178,0.25925925925925924,0.047058823529411764,0.21176470588235294,0.23076923076923078,0.08235294117647059,0.08235294117647059,0.09090909090909091,0.09411764705882353,0.9647058823529412,0.9761904761904762,0.011764705882352941,0.6823529411764706,0.6823529411764706,0.0,0.43529411764705883,0.4567901234567901,0.047058823529411764,0.15294117647058825,0.17333333333333334,0.11764705882352941,0.3058823529411765,0.325,0.058823529411764705,4.454347296253507,2.9444389791664403
2025-05,2025-05-01,Post-takeover,23.0,True,89,0.5955056179775281,0.5955056179775281,0.0,0.30337078651685395,0.35064935064935066,0.1348314606741573,0.8651685393258427,1.0,0.1348314606741573,0.2808988764044944,0.32051282051282054,0.12359550561797752,0.550561797752809,0.5903614457831325,0.06741573033707865,0.3595505617977528,0.3902439024390244,0.07865168539325842,0.33707865168539325,0.37037037037037035,0.0898876404494382,0.16853932584269662,0.19480519480519481,0.1348314606741573,0.8764044943820225,0.8863636363636364,0.011235955056179775,0.8202247191011236,0.8390804597701149,0.02247191011235955,0.6404494382022472,0.6785714285714286,0.056179775280898875,0.2696629213483146,0.32,0.15730337078651685,0.48314606741573035,0.5512820512820513,0.12359550561797752,4.499809670330265,3.1780538303479458
2025-06,2025-06-01,Post-takeover,12.0,True,33,0.5757575757575758,0.5757575757575758,0.0,0.30303030303030304,0.3225806451612903,0.06060606060606061,0.9393939393939394,1.0,0.06060606060606061,0.3333333333333333,0.3548387096774194,0.06060606060606061,0.696969696969697,0.7419354838709677,0.06060606060606061,0.30303030303030304,0.3448275862068966,0.12121212121212122,0.21212121212121213,0.2413793103448276,0.12121212121212122,0.030303030303030304,0.03571428571428571,0.15151515151515152,0.9696969696969697,0.9696969696969697,0.0,0.9090909090909091,0.9090909090909091,0.0,0.6060606060606061,0.6451612903225806,0.06060606060606061,0.06060606060606061,0.08333333333333333,0.2727272727272727,0.42424242424242425,0.4666666666666667,0.09090909090909091,3.5263605246161616,2.5649493574615367
2025-07,2025-07-01,Post-takeover,13.0,True,120,0.6666666666666666,0.6779661016949152,0.016666666666666666,0.24166666666666667,0.25892857142857145,0.06666666666666667,0.925,1.0,0.075,0.48333333333333334,0.5178571428571429,0.06666666666666667,0.6583333333333333,0.6929824561403509,0.05,0.31666666666666665,0.34234234234234234,0.075,0.26666666666666666,0.2882882882882883,0.075,0.09166666666666666,0.10679611650485436,0.14166666666666666,0.9416666666666667,0.9495798319327731,0.008333333333333333,0.7083333333333334,0.7203389830508474,0.016666666666666666,0.525,0.5338983050847458,0.016666666666666666,0.16666666666666666,0.21978021978021978,0.24166666666666667,0.325,0.3391304347826087,0.041666666666666664,4.795790545596741,2.6390573296152584
2025-08,2025-08-01,Post-takeover,11.0,True,107,0.5420560747663551,0.5471698113207547,0.009345794392523364,0.21495327102803738,0.23711340206185566,0.09345794392523364,0.9065420560747663,0.9897959183673469,0.08411214953271028,0.2897196261682243,0.31958762886597936,0.09345794392523364,0.42990654205607476,0.46,0.06542056074766354,0.21495327102803738,0.22772277227722773,0.056074766355140186,0.17757009345794392,0.18627450980392157,0.04672897196261682,0.1588785046728972,0.17346938775510204,0.08411214953271028,0.9252336448598131,0.9339622641509434,0.009345794392523364,0.7383177570093458,0.7523809523809524,0.018691588785046728,0.48598130841121495,0.5,0.028037383177570093,0.2616822429906542,0.30434782608695654,0.14018691588785046,0.35514018691588783,0.38,0.06542056074766354,4.68213122712422,2.4849066497880004
2025-09,2025-09-01,Post-takeover,131.0,True,178,0.7191011235955056,0.7272727272727273,0.011235955056179775,0.3202247191011236,0.3630573248407643,0.11797752808988764,0.8707865168539326,0.9810126582278481,0.11235955056179775,0.4550561797752809,0.47928994082840237,0.05056179775280899,0.7359550561797753,0.7705882352941177,0.0449438202247191,0.3595505617977528,0.3855421686746988,0.06741573033707865,0.34831460674157305,0.3780487804878049,0.07865168539325842,0.1348314606741573,0.15584415584415584,0.1348314606741573,0.9662921348314607,0.9717514124293786,0.0056179775280898875,0.7415730337078652,0.75,0.011235955056179775,0.6235955056179775,0.6306818181818182,0.011235955056179775,0.3146067415730337,0.36363636363636365,0.1348314606741573,0.30337078651685395,0.3176470588235294,0.0449438202247191,5.187385805840755,4.882801922586371
2025-10,2025-10-01,Post-takeover,21.0,True,756,0.8888888888888888,0.8936170212765957,0.005291005291005291,0.5767195767195767,0.5883940620782726,0.01984126984126984,0.9775132275132276,1.0,0.022486772486772486,0.37037037037037035,0.37735849056603776,0.018518518518518517,0.9047619047619048,0.9144385026737968,0.010582010582010581,0.6164021164021164,0.6348773841961853,0.0291005291005291,0.5291005291005291,0.5586592178770949,0.05291005291005291,0.2923280423280423,0.32985074626865674,0.11375661375661375,0.9933862433862434,0.9933862433862434,0.0,0.8968253968253969,0.9027962716378163,0.006613756613756613,0.7301587301587301,0.757201646090535,0.03571428571428571,0.3783068783068783,0.4590690208667737,0.17592592592592593,0.6746031746031746,0.7203389830508474,0.06349206349206349,6.6293632534374485,3.091042453358316
2025-11,2025-11-01,Post-takeover,11.0,True,259,0.8262548262548263,0.8294573643410853,0.003861003861003861,0.47104247104247104,0.49193548387096775,0.04247104247104247,0.9498069498069498,0.9959514170040485,0.04633204633204633,0.42857142857142855,0.4530612244897959,0.05405405405405406,0.806949806949807,0.8228346456692913,0.019305019305019305,0.5096525096525096,0.532258064516129,0.04247104247104247,0.4247104247104247,0.44534412955465585,0.04633204633204633,0.35135135135135137,0.38235294117647056,0.08108108108108109,0.972972972972973,0.9767441860465116,0.003861003861003861,0.9073359073359073,0.91796875,0.011583011583011582,0.6988416988416989,0.7125984251968503,0.019305019305019305,0.4555984555984556,0.543778801843318,0.16216216216216217,0.6293436293436293,0.6653061224489796,0.05405405405405406,5.560681631015528,2.4849066497880004
2025-12,2025-12-01,Post-takeover,,False,168,0.8154761904761905,0.8154761904761905,0.0,0.47619047619047616,0.49079754601226994,0.02976190476190476,0.9761904761904762,1.0,0.023809523809523808,0.39880952380952384,0.41875,0.047619047619047616,0.75,0.7682926829268293,0.023809523809523808,0.5297619047619048,0.5527950310559007,0.041666666666666664,0.4583333333333333,0.48125,0.047619047619047616,0.30952380952380953,0.33548387096774196,0.07738095238095238,0.9880952380952381,0.9880952380952381,0.0,0.9345238095238095,0.9345238095238095,0.0,0.7440476190476191,0.7621951219512195,0.023809523809523808,0.43452380952380953,0.503448275862069,0.13690476190476192,0.6369047619047619,0.6772151898734177,0.05952380952380952,5.1298987149230735,
