Group_UCDP_ID,Group_UCDP_Name_short,Group_UCDP_Name_long,Group_UCDP_Earliest_year,Group_UCDP_Latest_year,Group_Information_available,Group_Smallarms,Group_Lightweapons,Group_MCW,Group_Explosives,Group_Other,Group_SA_Machineguns,Group_SA_Pistols_revolvers,Group_SA_Rifles_Shotguns,Group_LW_Heavymachguns_Cannons,Group_LW_Launchers,Group_LW_Mortars,Group_MCW_Aircraft,Group_MCW_Airdefence,Group_MCW_Armouredvehicles,Group_MCW_Artillery,Group_MCW_Ships,Group_MCW_Tanks,Group_Expl_Devices_materials,Group_Expl_Landmines,Group_SA_lowerbound,Group_LW_lowerbound,Group_MCW_lowerbound,Group_Expl_lowerbound,Group_Other_lowerbound,Group_SA_lowerbound_metric,Group_LW_lowerbound_metric,Group_MCW_lowerbound_metric,Group_Expl_lowerbound_metric,Group_Other_lowerbound_metric,Group_Recordedtransfers,Group_Recordedtransfers_SA,Group_Recordedtransfers_LW,Group_Recordedtransfers_MCW,Group_Recordedtransfers_Expl,Group_Evidenceentries,Group_Evidenceentries_qnty,Group_Potential_armament_origins
164.0,KDPI,Kurdish Democratic Party of Iran,1990.0,2018.0,No info,0.0,0.0,0.0,0.0,0.0,0.0,0.0,0.0,0.0,0.0,0.0,0.0,0.0,0.0,0.0,0.0,0.0,0.0,0.0,0.0,0.0,0.0,0.0,0.0,0.0,0.0,0.0,0.0,0.0,0.0,0.0,0.0,0.0,0.0,0.0,0.0,
169.0,CPP,"Communist Party of the Philippines, New People’s Army (NPA)",1989.0,2018.0,Some info available,4.0,2.0,0.0,4.0,0.0,2.0,3.0,4.0,0.0,2.0,1.0,0.0,0.0,0.0,0.0,0.0,0.0,3.0,2.0,4.0,2.0,0.0,3.0,0.0,7438.79,15.0,0.0,806.0,0.0,0.0,0.0,0.0,0.0,0.0,213.0,160.0,
170.0,"Military faction (forces of Honasan, Abenina & Zumel)",,1989.0,1990.0,No info,0.0,0.0,0.0,0.0,0.0,0.0,0.0,0.0,0.0,0.0,0.0,0.0,0.0,0.0,0.0,0.0,0.0,0.0,0.0,0.0,0.0,0.0,0.0,0.0,0.0,0.0,0.0,0.0,0.0,0.0,0.0,0.0,0.0,0.0,0.0,0.0,
180.0,KNU,Karen National Union,1989.0,2011.0,Some info available,2.0,0.0,0.0,1.0,0.0,1.0,0.0,2.0,0.0,0.0,0.0,0.0,0.0,0.0,0.0,0.0,0.0,1.0,1.0,2.0,0.0,0.0,1.0,0.0,15.0,0.0,0.0,2.0,0.0,0.0,0.0,0.0,0.0,0.0,16.0,11.0,
181.0,God's Army,,2000.0,2000.0,Some info available,2.0,0.0,0.0,2.0,0.0,0.0,1.0,2.0,0.0,0.0,0.0,0.0,0.0,0.0,0.0,0.0,0.0,2.0,1.0,2.0,0.0,0.0,1.0,0.0,32.0,0.0,0.0,5.0,0.0,0.0,0.0,0.0,0.0,0.0,11.0,8.0,
185.0,ABSDF,All Burma Students’ Democratic Front,1990.0,1994.0,Some info available,1.0,0.0,0.0,1.0,0.0,0.0,1.0,1.0,0.0,0.0,0.0,0.0,0.0,0.0,0.0,0.0,0.0,1.0,1.0,1.0,0.0,0.0,1.0,0.0,6.0,0.0,0.0,7.0,0.0,0.0,0.0,0.0,0.0,0.0,6.0,6.0,
187.0,RSO,Rohingya Solidarity Organization,1991.0,1994.0,No info,0.0,0.0,0.0,0.0,0.0,0.0,0.0,0.0,0.0,0.0,0.0,0.0,0.0,0.0,0.0,0.0,0.0,0.0,0.0,0.0,0.0,0.0,0.0,0.0,0.0,0.0,0.0,0.0,0.0,0.0,0.0,0.0,0.0,0.0,0.0,0.0,
190.0,NMSP,New Mon State Party,1990.0,1990.0,Some info available,2.0,1.0,0.0,0.0,0.0,1.0,0.0,2.0,0.0,1.0,0.0,0.0,0.0,0.0,0.0,0.0,0.0,0.0,0.0,0.0,1.0,0.0,0.0,0.0,0.0,5.0,0.0,0.0,0.0,0.0,0.0,0.0,0.0,0.0,6.0,2.0,
191.0,BMA,Beik Mon Army,1996.0,1996.0,Some info available,0.0,0.0,0.0,0.0,0.0,0.0,0.0,0.0,0.0,0.0,0.0,0.0,0.0,0.0,0.0,0.0,0.0,0.0,0.0,0.0,0.0,0.0,0.0,0.0,0.0,0.0,0.0,0.0,0.0,0.0,0.0,0.0,0.0,0.0,1.0,1.0,
193.0,PWG,People’s War Group,1991.0,2004.0,Some info available,3.0,1.0,0.0,2.0,0.0,2.0,2.0,3.0,0.0,1.0,0.0,0.0,0.0,0.0,0.0,0.0,0.0,2.0,2.0,3.0,1.0,0.0,2.0,0.0,133.0,1.0,0.0,13.0,0.0,2.0,2.0,0.0,0.0,0.0,23.0,16.0,LTTE
194.0,MCC,Maoist Communist Centre,1999.0,2004.0,No info,0.0,0.0,0.0,0.0,0.0,0.0,0.0,0.0,0.0,0.0,0.0,0.0,0.0,0.0,0.0,0.0,0.0,0.0,0.0,0.0,0.0,0.0,0.0,0.0,0.0,0.0,0.0,0.0,0.0,0.0,0.0,0.0,0.0,0.0,0.0,0.0,
195.0,CPI-Maoist,Communist Party of India – Maoist,2005.0,2018.0,Some info available,3.0,2.0,0.0,4.0,0.0,1.0,3.0,2.0,0.0,2.0,1.0,0.0,0.0,0.0,0.0,0.0,0.0,4.0,3.0,3.0,0.0,0.0,4.0,0.0,474.0,0.0,0.0,1039.0,0.0,4.0,1.0,1.0,0.0,2.0,77.0,55.0,KLO
201.0,KIO,"Kachin Independence Organization,  Kachin Independence Army (KIA)",1989.0,2018.0,Some info available,4.0,3.0,2.0,4.0,1.0,1.0,1.0,2.0,1.0,2.0,2.0,0.0,0.0,0.0,2.0,0.0,0.0,4.0,3.0,4.0,3.0,2.0,4.0,1.0,1092.42,857.2,15.0,18486.0,4.0,0.0,0.0,0.0,0.0,0.0,69.0,63.0,
205.0,PFLP,Popular Front for the Liberation of Palestine,1989.0,2001.0,Some info available,0.0,1.0,2.0,0.0,0.0,0.0,0.0,0.0,0.0,1.0,0.0,0.0,0.0,0.0,1.0,0.0,1.0,0.0,0.0,0.0,1.0,0.0,0.0,0.0,0.0,1.0,0.0,0.0,0.0,0.0,0.0,0.0,0.0,0.0,4.0,1.0,
206.0,PFLP-GC,Popular Front for the Liberation of Palestine-General Command,1989.0,1989.0,Some info available,0.0,0.0,1.0,0.0,0.0,0.0,0.0,0.0,0.0,0.0,0.0,0.0,0.0,0.0,1.0,0.0,0.0,0.0,0.0,0.0,0.0,1.0,0.0,0.0,0.0,0.0,3.0,0.0,0.0,0.0,0.0,0.0,0.0,0.0,1.0,1.0,
207.0,Fatah,,1990.0,2007.0,Some info available,3.0,2.0,2.0,2.0,2.0,0.0,2.0,3.0,1.0,2.0,2.0,0.0,1.0,0.0,1.0,0.0,0.0,2.0,0.0,2.0,0.0,0.0,0.0,0.0,80.0,0.0,0.0,0.0,0.0,2.0,2.0,0.0,0.0,0.0,17.0,2.0,Israel
208.0,PIJ (Israel/Palestine)*,,,,Some info available,0.0,3.0,1.0,2.0,0.0,0.0,0.0,0.0,0.0,3.0,1.0,0.0,0.0,0.0,1.0,0.0,0.0,2.0,0.0,0.0,3.0,1.0,0.0,0.0,0.0,554.0,4.0,0.0,0.0,1.0,0.0,0.0,1.0,0.0,6.0,5.0,
209.0,Hamas (Palestine)*,,,,Some info available,4.0,4.0,3.0,4.0,0.0,2.0,1.0,4.0,0.0,4.0,3.0,1.0,2.0,0.0,3.0,0.0,0.0,4.0,2.0,4.0,4.0,2.0,4.0,0.0,9066.0,1364.0,53.0,4008.0,0.0,22.0,3.0,7.0,6.0,6.0,96.0,32.0,"Egypt, Iran, Jordan, North Korea"
210.0,PNA,Palestinian National Authority,1996.0,2002.0,No info,0.0,0.0,0.0,0.0,0.0,0.0,0.0,0.0,0.0,0.0,0.0,0.0,0.0,0.0,0.0,0.0,0.0,0.0,0.0,0.0,0.0,0.0,0.0,0.0,0.0,0.0,0.0,0.0,0.0,0.0,0.0,0.0,0.0,0.0,0.0,0.0,
211.0,AMB,"Kateab al-Shaheed al Aqsa, Al-Aqsa Martyrs’ Brigades",2002.0,2004.0,Some info available,2.0,2.0,1.0,3.0,0.0,0.0,0.0,2.0,1.0,2.0,1.0,0.0,0.0,0.0,1.0,0.0,1.0,3.0,2.0,2.0,2.0,1.0,0.0,0.0,30.0,15.0,4.0,0.0,0.0,1.0,0.0,1.0,0.0,0.0,17.0,6.0,
212.0,PRC (Israel/Palestine)*,,,,Some info available,2.0,1.0,1.0,3.0,0.0,1.0,0.0,0.0,0.0,1.0,1.0,0.0,0.0,0.0,1.0,0.0,0.0,3.0,0.0,0.0,1.0,1.0,0.0,0.0,0.0,1.0,3.0,0.0,0.0,1.0,0.0,0.0,1.0,0.0,12.0,2.0,North Korea
223.0,NSCN-IM,National Socialist Council of Nagaland - Isaac-Muivah faction,1992.0,2000.0,Some info available,2.0,2.0,0.0,3.0,0.0,1.0,1.0,2.0,0.0,1.0,1.0,0.0,0.0,0.0,0.0,0.0,0.0,3.0,0.0,2.0,0.0,0.0,3.0,0.0,35.0,0.0,0.0,139.0,0.0,0.0,0.0,0.0,0.0,0.0,29.0,26.0,
224.0,NSCN-K,National Socialist Council of Nagaland - Khaplang faction,1991.0,2007.0,Some info available,1.0,0.0,0.0,0.0,0.0,0.0,1.0,1.0,0.0,0.0,0.0,0.0,0.0,0.0,0.0,0.0,0.0,0.0,0.0,1.0,0.0,0.0,0.0,0.0,2.0,0.0,0.0,0.0,0.0,0.0,0.0,0.0,0.0,0.0,2.0,2.0,
225.0,KNPP,Karenni National Progressive Party,1992.0,2005.0,Some info available,1.0,2.0,0.0,0.0,0.0,0.0,0.0,1.0,1.0,2.0,2.0,0.0,0.0,0.0,0.0,0.0,0.0,0.0,0.0,1.0,2.0,0.0,0.0,0.0,3.0,70.0,0.0,0.0,0.0,0.0,0.0,0.0,0.0,0.0,12.0,12.0,
231.0,SCIRI,Supreme Council of the Islamic Revolution in Iraq,1991.0,1996.0,No info,0.0,0.0,0.0,0.0,0.0,0.0,0.0,0.0,0.0,0.0,0.0,0.0,0.0,0.0,0.0,0.0,0.0,0.0,0.0,0.0,0.0,0.0,0.0,0.0,0.0,0.0,0.0,0.0,0.0,0.0,0.0,0.0,0.0,0.0,0.0,0.0,
233.0,Ansar al-Islam,,2004.0,2011.0,No info,0.0,0.0,0.0,0.0,0.0,0.0,0.0,0.0,0.0,0.0,0.0,0.0,0.0,0.0,0.0,0.0,0.0,0.0,0.0,0.0,0.0,0.0,0.0,0.0,0.0,0.0,0.0,0.0,0.0,0.0,0.0,0.0,0.0,0.0,0.0,0.0,
234.0,IS,,2004.0,2018.0,Some info available,4.0,4.0,4.0,4.0,4.0,2.0,0.0,4.0,2.0,4.0,3.0,3.0,2.0,3.0,4.0,0.0,3.0,4.0,2.0,4.0,4.0,4.0,4.0,4.0,3308.0,1293.8,1698.5,19646.0,3658.0,3.0,0.0,2.0,1.0,0.0,121.0,54.0,"Qatar, Russia, Saudi Arabia, Sudan"
235.0,RJF,Reform and Jihad Front,2005.0,2007.0,No info,0.0,0.0,0.0,0.0,0.0,0.0,0.0,0.0,0.0,0.0,0.0,0.0,0.0,0.0,0.0,0.0,0.0,0.0,0.0,0.0,0.0,0.0,0.0,0.0,0.0,0.0,0.0,0.0,0.0,0.0,0.0,0.0,0.0,0.0,0.0,0.0,
242.0,Forces of Michel Aoun,,1989.0,1990.0,Some info available,0.0,2.0,4.0,0.0,0.0,0.0,0.0,0.0,1.0,1.0,1.0,0.0,0.0,0.0,4.0,0.0,1.0,0.0,0.0,0.0,0.0,4.0,0.0,0.0,0.0,0.0,5000.0,0.0,0.0,0.0,0.0,0.0,0.0,0.0,7.0,1.0,
243.0,LF (Lebanon)*,,,,Some info available,0.0,1.0,3.0,0.0,0.0,0.0,0.0,0.0,0.0,1.0,1.0,0.0,0.0,2.0,2.0,0.0,3.0,0.0,0.0,0.0,1.0,3.0,0.0,0.0,0.0,1.0,290.5,0.0,0.0,12.0,0.0,0.0,12.0,0.0,17.0,13.0,"Iraq, Israel, South Africa"
246.0,LRM,Lao Resistance Movement,1989.0,1990.0,Some info available,2.0,1.0,0.0,0.0,0.0,0.0,0.0,2.0,0.0,1.0,0.0,0.0,0.0,0.0,0.0,0.0,0.0,0.0,0.0,0.0,0.0,0.0,0.0,0.0,0.0,0.0,0.0,0.0,0.0,0.0,0.0,0.0,0.0,0.0,2.0,0.0,
255.0,MTA (Myanmar)*,,,,Some info available,4.0,3.0,1.0,3.0,0.0,0.0,2.0,4.0,0.0,3.0,1.0,0.0,1.0,0.0,0.0,0.0,0.0,3.0,3.0,4.0,2.0,1.0,3.0,0.0,1133.0,75.7,2.0,508.0,0.0,2.0,0.0,0.0,2.0,0.0,51.0,47.0,Cambodia
256.0,RCSS,Restoration Council of the Shan State,1996.0,2013.0,No info,0.0,0.0,0.0,0.0,0.0,0.0,0.0,0.0,0.0,0.0,0.0,0.0,0.0,0.0,0.0,0.0,0.0,0.0,0.0,0.0,0.0,0.0,0.0,0.0,0.0,0.0,0.0,0.0,0.0,0.0,0.0,0.0,0.0,0.0,0.0,0.0,
258.0,CPN-M,Samyukta Jana Morcha; Communist Party of Nepal - Maoist,1996.0,2006.0,No info,0.0,0.0,0.0,0.0,0.0,0.0,0.0,0.0,0.0,0.0,0.0,0.0,0.0,0.0,0.0,0.0,0.0,0.0,0.0,0.0,0.0,0.0,0.0,0.0,0.0,0.0,0.0,0.0,0.0,0.0,0.0,0.0,0.0,0.0,0.0,0.0,
260.0,KDP,Kurdish Democratic Party,1989.0,1991.0,No info,0.0,0.0,0.0,0.0,0.0,0.0,0.0,0.0,0.0,0.0,0.0,0.0,0.0,0.0,0.0,0.0,0.0,0.0,0.0,0.0,0.0,0.0,0.0,0.0,0.0,0.0,0.0,0.0,0.0,0.0,0.0,0.0,0.0,0.0,0.0,0.0,
261.0,PUK,Patriotic Union of Kurdistan,1989.0,1996.0,No info,0.0,0.0,0.0,0.0,0.0,0.0,0.0,0.0,0.0,0.0,0.0,0.0,0.0,0.0,0.0,0.0,0.0,0.0,0.0,0.0,0.0,0.0,0.0,0.0,0.0,0.0,0.0,0.0,0.0,0.0,0.0,0.0,0.0,0.0,0.0,0.0,
266.0,OPM,Organisasi Papua Merdeka: Organization for a Free Papua: Free Papua Movement,2018.0,2018.0,Some info available,3.0,0.0,0.0,2.0,0.0,0.0,1.0,2.0,0.0,0.0,0.0,0.0,0.0,0.0,0.0,0.0,0.0,2.0,0.0,3.0,0.0,0.0,2.0,0.0,258.0,0.0,0.0,69.0,0.0,0.0,0.0,0.0,0.0,0.0,9.0,8.0,
270.0,Khmer Rouge (Cambodia)*,,,,Some info available,4.0,4.0,4.0,4.0,1.0,1.0,1.0,4.0,1.0,3.0,4.0,1.0,2.0,1.0,4.0,0.0,2.0,3.0,3.0,4.0,3.0,4.0,3.0,1.0,5168.0,996.3,1362.0,612.0,2.0,11.0,0.0,0.0,11.0,0.0,116.0,82.0,"China, Thailand"
272.0,KPNLF,Khmer People’s National Liberation Front,1989.0,1991.0,Some info available,4.0,3.0,2.0,2.0,1.0,0.0,0.0,4.0,1.0,2.0,2.0,1.0,0.0,1.0,2.0,0.0,1.0,0.0,2.0,4.0,2.0,2.0,0.0,1.0,3308.0,38.0,11.0,0.0,3.0,7.0,2.0,4.0,0.0,1.0,27.0,11.0,"China, Singapore"
273.0,FUNCINPEC,"United National Front for an Independent, Neutral, Peaceful and Cooperative Cambodia",1989.0,1991.0,Some info available,3.0,1.0,0.0,2.0,0.0,2.0,3.0,2.0,0.0,1.0,1.0,0.0,0.0,0.0,0.0,0.0,0.0,2.0,0.0,3.0,1.0,0.0,0.0,0.0,156.0,2.0,0.0,0.0,0.0,0.0,0.0,0.0,0.0,0.0,10.0,4.0,
275.0,MNLF (Philippines)*,,,,Some info available,4.0,1.0,1.0,1.0,0.0,1.0,1.0,2.0,0.0,1.0,1.0,0.0,1.0,0.0,0.0,0.0,0.0,0.0,1.0,4.0,1.0,1.0,1.0,0.0,6528.0,3.0,3.0,1.0,0.0,1.0,0.0,0.0,1.0,0.0,21.0,19.0,Libya
276.0,MILF,Moro Islamic Liberation Front ,1990.0,2015.0,Some info available,4.0,4.0,0.0,4.0,0.0,4.0,1.0,4.0,1.0,4.0,1.0,0.0,0.0,0.0,0.0,0.0,0.0,3.0,2.0,4.0,4.0,0.0,3.0,0.0,31962.0,1513.0,0.0,787.0,0.0,3.0,2.0,0.0,0.0,1.0,83.0,29.0,
277.0,ASG,Abu Sayyaf Group,1993.0,2018.0,Some info available,3.0,3.0,1.0,2.0,0.0,2.0,2.0,2.0,1.0,3.0,1.0,0.0,0.0,0.0,0.0,0.0,0.0,2.0,2.0,3.0,3.0,0.0,2.0,0.0,430.0,108.0,0.0,50.45,0.0,0.0,0.0,0.0,0.0,0.0,120.0,78.0,
278.0,MNLF - NM,"Moro National Liberation Front - Nur Misuari faction; alternatively MNLF Misuari Breakaway Group, MNLF-MBG",2001.0,2013.0,Some info available,2.0,1.0,0.0,3.0,0.0,1.0,1.0,2.0,0.0,1.0,1.0,0.0,0.0,0.0,0.0,0.0,0.0,3.0,2.0,2.0,1.0,0.0,3.0,0.0,30.0,2.0,0.0,218.0,0.0,0.0,0.0,0.0,0.0,0.0,16.0,13.0,
279.0,MNLF - HM,Moro National Liberation Front – Habier Malik faction,2007.0,2007.0,Some info available,2.0,1.0,0.0,0.0,0.0,0.0,0.0,2.0,0.0,1.0,0.0,0.0,0.0,0.0,0.0,0.0,0.0,0.0,0.0,2.0,1.0,0.0,0.0,0.0,11.0,3.0,0.0,0.0,0.0,0.0,0.0,0.0,0.0,0.0,3.0,3.0,
281.0,JVP,Janatha Vimukthi Peramuna / People's Liberation Front,1989.0,1990.0,No info,0.0,0.0,0.0,0.0,0.0,0.0,0.0,0.0,0.0,0.0,0.0,0.0,0.0,0.0,0.0,0.0,0.0,0.0,0.0,0.0,0.0,0.0,0.0,0.0,0.0,0.0,0.0,0.0,0.0,0.0,0.0,0.0,0.0,0.0,0.0,0.0,
282.0,Provisional IRA (UK)*,,,,Some info available,4.0,4.0,2.0,4.0,0.0,3.0,4.0,4.0,3.0,3.0,2.0,0.0,2.0,1.0,0.0,0.0,0.0,4.0,0.0,4.0,3.0,2.0,4.0,0.0,6227.0,717.0,16.0,19085.0,0.0,13.0,6.0,2.0,3.0,2.0,68.0,44.0,Libya
283.0,RIRA,Real Irish Republican Army,1998.0,1998.0,Some info available,1.0,2.0,0.0,3.0,0.0,1.0,1.0,1.0,0.0,2.0,1.0,0.0,0.0,0.0,0.0,0.0,0.0,3.0,0.0,1.0,0.0,0.0,3.0,0.0,4.0,0.0,0.0,125.0,0.0,0.0,0.0,0.0,0.0,0.0,13.0,3.0,
285.0,JSS/SB,"Jana Samhati Samiti/Shanti Bahini, People’s Solidarity Association/Peace Force",1989.0,1991.0,Some info available,2.0,1.0,0.0,0.0,0.0,0.0,0.0,2.0,0.0,0.0,1.0,0.0,0.0,0.0,0.0,0.0,0.0,0.0,0.0,0.0,0.0,0.0,0.0,0.0,0.0,0.0,0.0,0.0,0.0,0.0,0.0,0.0,0.0,0.0,2.0,0.0,
287.0,BLA,Balochistan Liberation Army,2004.0,2016.0,Some info available,2.0,3.0,0.0,2.0,0.0,0.0,0.0,2.0,0.0,3.0,2.0,0.0,0.0,0.0,0.0,0.0,0.0,2.0,1.0,1.0,3.0,0.0,2.0,0.0,6.0,456.0,0.0,22.0,0.0,0.0,0.0,0.0,0.0,0.0,27.0,15.0,
288.0,Baloch Ittehad,,2006.0,2006.0,No info,0.0,0.0,0.0,0.0,0.0,0.0,0.0,0.0,0.0,0.0,0.0,0.0,0.0,0.0,0.0,0.0,0.0,0.0,0.0,0.0,0.0,0.0,0.0,0.0,0.0,0.0,0.0,0.0,0.0,0.0,0.0,0.0,0.0,0.0,0.0,0.0,
289.0,BRA,,2008.0,2015.0,No info,0.0,0.0,0.0,0.0,0.0,0.0,0.0,0.0,0.0,0.0,0.0,0.0,0.0,0.0,0.0,0.0,0.0,0.0,0.0,0.0,0.0,0.0,0.0,0.0,0.0,0.0,0.0,0.0,0.0,0.0,0.0,0.0,0.0,0.0,0.0,0.0,
290.0,Fretilin,CNRT,1992.0,1999.0,No info,0.0,0.0,0.0,0.0,0.0,0.0,0.0,0.0,0.0,0.0,0.0,0.0,0.0,0.0,0.0,0.0,0.0,0.0,0.0,0.0,0.0,0.0,0.0,0.0,0.0,0.0,0.0,0.0,0.0,0.0,0.0,0.0,0.0,0.0,0.0,0.0,
292.0,Jam'iyyat-i Islami-yi Afghanistan,ISA (Islamic Society of Afghanistan),1989.0,1996.0,Some info available,3.0,2.0,0.0,3.0,0.0,0.0,0.0,2.0,1.0,2.0,1.0,0.0,0.0,0.0,0.0,0.0,0.0,2.0,2.0,2.0,2.0,0.0,3.0,0.0,82.0,12.0,0.0,160.0,0.0,8.0,2.0,4.0,0.0,2.0,16.0,9.0,Pakistan
294.0,Hizb-i Islami-yi Afghanistan - Khalis faction,,1989.0,1991.0,No info,0.0,0.0,0.0,0.0,0.0,0.0,0.0,0.0,0.0,0.0,0.0,0.0,0.0,0.0,0.0,0.0,0.0,0.0,0.0,0.0,0.0,0.0,0.0,0.0,0.0,0.0,0.0,0.0,0.0,0.0,0.0,0.0,0.0,0.0,0.0,0.0,
296.0,Mahaz-i Milli-yi Islami-yi Afghanistan,"National Islamic Front of Afghanistan, NIFA",1989.0,1989.0,Some info available,2.0,2.0,0.0,3.0,0.0,0.0,0.0,2.0,2.0,0.0,0.0,0.0,0.0,0.0,0.0,0.0,0.0,3.0,0.0,1.0,2.0,0.0,3.0,0.0,7.0,35.0,0.0,308.0,0.0,0.0,0.0,0.0,0.0,0.0,10.0,6.0,
299.0,Hizb-i Islami-yi Afghanistan,Islamic Party of Afghanistan,1989.0,2013.0,Some info available,2.0,3.0,1.0,2.0,0.0,1.0,0.0,1.0,1.0,3.0,1.0,0.0,0.0,0.0,1.0,0.0,0.0,2.0,0.0,2.0,3.0,1.0,2.0,0.0,10.0,182.0,2.0,15.0,0.0,0.0,0.0,0.0,0.0,0.0,21.0,19.0,
300.0,Hizb-i Wahdat,Unity Party,1989.0,1995.0,Some info available,1.0,0.0,0.0,0.0,0.0,0.0,0.0,1.0,0.0,0.0,0.0,0.0,0.0,0.0,0.0,0.0,0.0,0.0,0.0,1.0,0.0,0.0,0.0,0.0,1.0,0.0,0.0,0.0,0.0,0.0,0.0,0.0,0.0,0.0,1.0,1.0,
301.0,Military faction (forces of Shahnawaz Tanay),,1990.0,1990.0,No info,0.0,0.0,0.0,0.0,0.0,0.0,0.0,0.0,0.0,0.0,0.0,0.0,0.0,0.0,0.0,0.0,0.0,0.0,0.0,0.0,0.0,0.0,0.0,0.0,0.0,0.0,0.0,0.0,0.0,0.0,0.0,0.0,0.0,0.0,0.0,0.0,
302.0,Junbish-i Milli-yi Islami,"Jombesh-i Melli, National Islamic Movement of Afghanistan",1993.0,1995.0,Some info available,1.0,2.0,2.0,0.0,0.0,1.0,0.0,1.0,0.0,2.0,1.0,0.0,0.0,0.0,1.0,0.0,2.0,0.0,0.0,1.0,2.0,2.0,0.0,0.0,7.0,31.0,37.0,0.0,0.0,0.0,0.0,0.0,0.0,0.0,9.0,9.0,
303.0,Taleban,Taliban,1995.0,2018.0,Some info available,4.0,4.0,4.0,3.0,2.0,3.0,2.0,4.0,3.0,4.0,4.0,2.0,0.0,3.0,4.0,0.0,3.0,3.0,2.0,4.0,4.0,4.0,3.0,2.0,18873.0,20717.8,1111.0,377.0,35.0,7.0,1.0,1.0,5.0,0.0,155.0,84.0,Russia
304.0,UIFSA,United Islamic Front for the Salvation of Afghanistan,1996.0,2001.0,Some info available,2.0,3.0,3.0,0.0,1.0,1.0,0.0,2.0,1.0,2.0,1.0,2.0,1.0,2.0,3.0,0.0,2.0,0.0,0.0,0.0,2.0,2.0,0.0,1.0,0.0,43.0,67.5,0.0,3.0,0.0,0.0,0.0,0.0,0.0,42.0,15.0,
306.0,ATTF,All Tripura Tiger Force,1992.0,1997.0,Some info available,3.0,4.0,0.0,2.0,0.0,2.0,2.0,3.0,0.0,3.0,1.0,0.0,0.0,0.0,0.0,0.0,0.0,2.0,0.0,3.0,3.0,0.0,2.0,0.0,121.9,200.0,0.0,10.0,0.0,7.0,4.0,2.0,0.0,1.0,37.0,23.0,"Thailand, Cambodia"
307.0,NLFT,National Liberation Front of Tripura,1997.0,2003.0,Some info available,2.0,1.0,0.0,4.0,0.0,1.0,2.0,2.0,0.0,0.0,1.0,0.0,0.0,0.0,0.0,0.0,0.0,4.0,1.0,2.0,1.0,0.0,4.0,0.0,44.69,4.0,0.0,1248.0,0.0,0.0,0.0,0.0,0.0,0.0,38.0,36.0,
308.0,MEK,People's Mujahideen,1991.0,2001.0,Some info available,0.0,2.0,4.0,4.0,0.0,0.0,0.0,0.0,0.0,1.0,0.0,0.0,0.0,4.0,2.0,0.0,2.0,4.0,0.0,0.0,0.0,4.0,4.0,0.0,0.0,0.0,2000.0,190000.0,0.0,0.0,0.0,0.0,0.0,0.0,13.0,2.0,
309.0,PJAK,Free Life Party of Kurdistan,2005.0,2018.0,Some info available,2.0,2.0,0.0,1.0,0.0,1.0,0.0,1.0,0.0,1.0,1.0,0.0,0.0,0.0,0.0,0.0,0.0,1.0,0.0,2.0,1.0,0.0,1.0,0.0,15.0,2.0,0.0,2.0,0.0,1.0,0.0,1.0,0.0,0.0,13.0,5.0,
310.0,Jondullah,,2006.0,2010.0,Some info available,2.0,1.0,0.0,4.0,0.0,1.0,1.0,2.0,0.0,1.0,0.0,0.0,0.0,0.0,0.0,0.0,0.0,4.0,0.0,2.0,1.0,0.0,4.0,0.0,11.0,1.0,0.0,1089.0,0.0,0.0,0.0,0.0,0.0,0.0,16.0,10.0,
313.0,ETA,Euskadi ta azkatasuna: Basque Nation and Liberty,1991.0,1991.0,Some info available,4.0,3.0,0.0,4.0,0.0,2.0,3.0,3.0,0.0,3.0,2.0,0.0,0.0,0.0,0.0,0.0,0.0,4.0,0.0,4.0,3.0,0.0,4.0,0.0,1015.65,126.0,0.0,2344.0,0.0,0.0,0.0,0.0,0.0,0.0,78.0,68.0,
314.0,PLA,People’s Liberation Army,1995.0,2006.0,Some info available,1.0,0.0,0.0,1.0,0.0,0.0,1.0,1.0,0.0,0.0,0.0,0.0,0.0,0.0,0.0,0.0,0.0,1.0,0.0,1.0,0.0,0.0,1.0,0.0,9.0,0.0,0.0,8.0,0.0,0.0,0.0,0.0,0.0,0.0,8.0,8.0,
315.0,UNLF,United National Liberation Front,1993.0,2009.0,Some info available,3.0,2.0,0.0,3.0,0.0,0.0,2.0,2.0,0.0,2.0,1.0,0.0,0.0,0.0,0.0,0.0,0.0,3.0,0.0,3.0,1.0,0.0,2.0,0.0,100.0,5.0,0.0,98.0,0.0,0.0,0.0,0.0,0.0,0.0,41.0,35.0,
317.0,KCP,Kangleipak Communist Party,2008.0,2009.0,Some info available,2.0,1.0,0.0,2.0,0.0,1.0,2.0,2.0,0.0,1.0,0.0,0.0,0.0,0.0,0.0,0.0,0.0,2.0,0.0,2.0,1.0,0.0,2.0,0.0,76.0,5.0,0.0,83.0,0.0,0.0,0.0,0.0,0.0,0.0,47.0,44.0,
318.0,PREPAK,People's Revolutionary Party of Kangleipak,2008.0,2009.0,Some info available,3.0,1.0,0.0,2.0,0.0,0.0,1.0,3.0,0.0,1.0,1.0,0.0,0.0,0.0,0.0,0.0,0.0,2.0,0.0,3.0,1.0,0.0,2.0,0.0,527.0,9.0,0.0,74.0,0.0,0.0,0.0,0.0,0.0,0.0,39.0,38.0,
319.0,Sikh insurgents,,1989.0,1993.0,Some info available,3.0,0.0,1.0,3.0,1.0,1.0,1.0,3.0,0.0,0.0,0.0,0.0,0.0,0.0,1.0,0.0,0.0,3.0,0.0,2.0,0.0,0.0,3.0,1.0,65.0,0.0,0.0,304.0,1.0,0.0,0.0,0.0,0.0,0.0,26.0,17.0,
320.0,LTTE (Sri Lanka)*,,,,Some info available,4.0,4.0,3.0,4.0,1.0,2.0,1.0,4.0,2.0,4.0,4.0,1.0,1.0,2.0,3.0,1.0,1.0,4.0,4.0,4.0,4.0,3.0,4.0,0.0,3696.0,8276.0,376.0,39123.0,0.0,30.0,1.0,8.0,18.0,1.0,189.0,150.0,"Cambodia, China, TNA, Zimbabwe"
322.0,EPRLF,Eelam People's Revolutionary Liberation Front,1989.0,1989.0,No info,0.0,0.0,0.0,0.0,0.0,0.0,0.0,0.0,0.0,0.0,0.0,0.0,0.0,0.0,0.0,0.0,0.0,0.0,0.0,0.0,0.0,0.0,0.0,0.0,0.0,0.0,0.0,0.0,0.0,0.0,0.0,0.0,0.0,0.0,0.0,0.0,
323.0,PKK (Turkey)*,,,,Some info available,4.0,4.0,2.0,4.0,1.0,4.0,1.0,4.0,2.0,4.0,1.0,0.0,2.0,0.0,2.0,0.0,0.0,4.0,4.0,4.0,4.0,2.0,4.0,1.0,19386.9,1809.0,65.0,38134.1,5.0,18.0,6.0,5.0,4.0,2.0,163.0,118.0,"Iraq, Iran, Armenia, PYD, USA"
325.0,Kashmir insurgents,"JKFL (Jammu and Kashmir Liberation Front), Hizb-ul-Mujahideen (Party of Holy Warriors), Pasdaran-e-Inquilab-e-Islami (Guardians of the Islamic Revolution), Harkat-ul-Ansar (Helper Movement), Jaish-e-Mohammed (Army of Mohammed) and Lashkar-e-Toiba (Army of the Righteous)",1990.0,2018.0,Some info available,4.0,4.0,1.0,4.0,0.0,4.0,4.0,4.0,0.0,4.0,1.0,0.0,0.0,0.0,1.0,0.0,0.0,4.0,0.0,4.0,4.0,0.0,4.0,0.0,2165431.0,2649.0,0.0,152137.5,0.0,0.0,0.0,0.0,0.0,0.0,107.0,98.0,
326.0,ULFA,United Liberation Front of Assam,1990.0,2010.0,Some info available,4.0,2.0,0.0,4.0,0.0,2.0,3.0,3.0,1.0,2.0,1.0,0.0,0.0,0.0,0.0,0.0,0.0,4.0,1.0,3.0,2.0,0.0,4.0,0.0,978.5,15.0,0.0,45212.5,0.0,0.0,0.0,0.0,0.0,0.0,122.0,103.0,
327.0,GAM,Gerkan Aceh Merdeka: Free Aceh Movement,1990.0,2005.0,Some info available,4.0,2.0,1.0,4.0,0.0,1.0,3.0,4.0,1.0,2.0,1.0,0.0,0.0,0.0,1.0,0.0,0.0,4.0,2.0,4.0,2.0,0.0,4.0,0.0,4015.46,73.5,0.0,4131.0,0.0,5.0,5.0,0.0,0.0,0.0,90.0,84.0,
328.0,BRA,Bougainville Revolutionary Army,1990.0,1996.0,No info,0.0,0.0,0.0,0.0,0.0,0.0,0.0,0.0,0.0,0.0,0.0,0.0,0.0,0.0,0.0,0.0,0.0,0.0,0.0,0.0,0.0,0.0,0.0,0.0,0.0,0.0,0.0,0.0,0.0,0.0,0.0,0.0,0.0,0.0,0.0,0.0,
329.0,NSF,National Salvation Front / Frontul Salvării Naţionale,1989.0,1989.0,No info,0.0,0.0,0.0,0.0,0.0,0.0,0.0,0.0,0.0,0.0,0.0,0.0,0.0,0.0,0.0,0.0,0.0,0.0,0.0,0.0,0.0,0.0,0.0,0.0,0.0,0.0,0.0,0.0,0.0,0.0,0.0,0.0,0.0,0.0,0.0,0.0,
330.0,Republic of Armenia,,1990.0,1991.0,No info,0.0,0.0,0.0,0.0,0.0,0.0,0.0,0.0,0.0,0.0,0.0,0.0,0.0,0.0,0.0,0.0,0.0,0.0,0.0,0.0,0.0,0.0,0.0,0.0,0.0,0.0,0.0,0.0,0.0,0.0,0.0,0.0,0.0,0.0,0.0,0.0,
331.0,APF,Azerbaijani Popular Front,1990.0,1990.0,Some info available,3.0,0.0,2.0,0.0,0.0,3.0,3.0,0.0,0.0,0.0,0.0,0.0,0.0,1.0,0.0,0.0,1.0,0.0,0.0,3.0,0.0,2.0,0.0,0.0,616.0,0.0,12.0,0.0,0.0,0.0,0.0,0.0,0.0,0.0,5.0,5.0,
332.0,National Guard and Mkhedrioni,,1991.0,1991.0,Some info available,4.0,3.0,1.0,3.0,0.0,3.0,3.0,3.0,0.0,3.0,1.0,0.0,0.0,1.0,1.0,0.0,0.0,3.0,1.0,4.0,3.0,1.0,3.0,0.0,1279.16,301.0,3.0,221.0,0.0,11.0,5.0,4.0,1.0,1.0,51.0,41.0,
333.0,Zviadists,,1992.0,1993.0,Some info available,4.0,3.0,3.0,1.0,0.0,1.0,0.0,4.0,1.0,3.0,0.0,0.0,0.0,2.0,2.0,0.0,2.0,1.0,0.0,4.0,3.0,2.0,1.0,0.0,1314.0,345.0,73.0,3.0,0.0,0.0,0.0,0.0,0.0,0.0,35.0,24.0,
334.0,DHKP-C,Revolutionary People’s Liberation Party-Front,1991.0,1995.0,Some info available,2.0,2.0,0.0,3.0,0.0,2.0,2.0,1.0,0.0,2.0,1.0,0.0,0.0,0.0,0.0,0.0,0.0,3.0,1.0,2.0,1.0,0.0,3.0,0.0,25.0,9.0,0.0,338.0,0.0,0.0,0.0,0.0,0.0,0.0,46.0,27.0,
335.0,MKP,Maoist Communist Party,2005.0,2005.0,Some info available,1.0,0.0,0.0,3.0,0.0,0.0,0.0,1.0,0.0,0.0,0.0,0.0,0.0,0.0,0.0,0.0,0.0,3.0,0.0,1.0,0.0,0.0,3.0,0.0,1.0,0.0,0.0,265.0,0.0,0.0,0.0,0.0,0.0,0.0,5.0,5.0,
336.0,Republic of Slovenia,,1991.0,1991.0,No info,0.0,0.0,0.0,0.0,0.0,0.0,0.0,0.0,0.0,0.0,0.0,0.0,0.0,0.0,0.0,0.0,0.0,0.0,0.0,0.0,0.0,0.0,0.0,0.0,0.0,0.0,0.0,0.0,0.0,0.0,0.0,0.0,0.0,0.0,0.0,0.0,
337.0,Republic of Croatia,,1991.0,1992.0,No info,0.0,0.0,0.0,0.0,0.0,0.0,0.0,0.0,0.0,0.0,0.0,0.0,0.0,0.0,0.0,0.0,0.0,0.0,0.0,0.0,0.0,0.0,0.0,0.0,0.0,0.0,0.0,0.0,0.0,0.0,0.0,0.0,0.0,0.0,0.0,0.0,
338.0,Republic of Artsakh,Republic of Nagorno-Karabakh / Artsakhi Hanrapetut’yun,1991.0,2017.0,Some info available,3.0,0.0,3.0,0.0,0.0,0.0,0.0,0.0,0.0,0.0,3.0,0.0,0.0,3.0,0.0,0.0,3.0,0.0,0.0,3.0,0.0,3.0,0.0,0.0,306.0,0.0,547.0,0.0,0.0,0.0,0.0,0.0,0.0,0.0,5.0,5.0,
339.0,Serbian Republic of Bosnia-Herzegovina,Serbian Republic of Bosnia-Herzegovina,1992.0,1995.0,Some info available,2.0,2.0,1.0,2.0,1.0,0.0,0.0,0.0,1.0,0.0,1.0,0.0,0.0,0.0,1.0,0.0,1.0,2.0,0.0,0.0,0.0,1.0,0.0,1.0,0.0,0.0,1.0,0.0,6.0,0.0,0.0,0.0,0.0,0.0,10.0,2.0,
340.0,Serbian Republic of Krajina,Republika Srpska Krajina,1992.0,1995.0,Some info available,0.0,1.0,1.0,0.0,0.0,0.0,0.0,0.0,0.0,1.0,0.0,0.0,1.0,1.0,1.0,0.0,0.0,0.0,0.0,0.0,1.0,1.0,0.0,0.0,0.0,1.0,1.0,0.0,0.0,0.0,0.0,0.0,0.0,0.0,6.0,2.0,
341.0,al-Gama'a al-Islamiyya,,1993.0,1998.0,Some info available,2.0,0.0,0.0,2.0,0.0,1.0,1.0,1.0,0.0,0.0,0.0,0.0,0.0,0.0,0.0,0.0,0.0,2.0,0.0,2.0,0.0,0.0,0.0,0.0,13.0,0.0,0.0,0.0,0.0,0.0,0.0,0.0,0.0,0.0,7.0,5.0,
342.0,Republic of Abkhazia,,1992.0,1993.0,Some info available,4.0,4.0,3.0,3.0,0.0,3.0,3.0,4.0,3.0,1.0,1.0,0.0,0.0,2.0,2.0,1.0,2.0,3.0,0.0,4.0,3.0,2.0,3.0,0.0,1357.0,309.0,55.0,357.0,0.0,11.0,4.0,1.0,3.0,1.0,38.0,16.0,Russia
343.0,Republic of South Ossetia,Respublika Yuzhnaya Osetiya,1992.0,2008.0,Some info available,2.0,3.0,3.0,0.0,2.0,0.0,1.0,2.0,2.0,2.0,2.0,1.0,1.0,2.0,2.0,0.0,2.0,0.0,0.0,0.0,2.0,3.0,0.0,2.0,0.0,62.0,140.0,0.0,66.0,0.0,0.0,0.0,0.0,0.0,43.0,29.0,
344.0,PMR,Pridnistrovs'ka Moldavs'ka Respublika / Pridnestrovian Moldavian Republic,1992.0,1992.0,Some info available,2.0,3.0,3.0,4.0,0.0,0.0,0.0,2.0,1.0,3.0,2.0,2.0,0.0,3.0,3.0,0.0,2.0,0.0,4.0,0.0,2.0,3.0,4.0,0.0,0.0,46.0,343.0,3000.0,0.0,0.0,0.0,0.0,0.0,0.0,46.0,17.0,
345.0,UTO,United Tajik Opposition,1992.0,1998.0,Some info available,2.0,2.0,0.0,2.0,0.0,1.0,1.0,1.0,0.0,2.0,0.0,0.0,0.0,0.0,0.0,0.0,0.0,2.0,0.0,2.0,2.0,0.0,2.0,0.0,43.0,12.0,0.0,21.0,0.0,0.0,0.0,0.0,0.0,0.0,9.0,9.0,
346.0,Forces of Khudoberdiyev,,1997.0,1998.0,Some info available,2.0,1.0,3.0,0.0,1.0,2.0,1.0,0.0,0.0,0.0,0.0,0.0,1.0,1.0,1.0,0.0,3.0,0.0,0.0,2.0,0.0,3.0,0.0,1.0,24.0,0.0,240.5,0.0,8.0,0.0,0.0,0.0,0.0,0.0,19.0,12.0,
347.0,Military faction (forces of Suret Husseinov),,1993.0,1993.0,No info,0.0,0.0,0.0,0.0,0.0,0.0,0.0,0.0,0.0,0.0,0.0,0.0,0.0,0.0,0.0,0.0,0.0,0.0,0.0,0.0,0.0,0.0,0.0,0.0,0.0,0.0,0.0,0.0,0.0,0.0,0.0,0.0,0.0,0.0,0.0,0.0,
348.0,OPON Forces,Special Police Brigade / Otryad Policija Osobogo Naznacenija,1995.0,1995.0,Some info available,0.0,1.0,1.0,0.0,0.0,0.0,0.0,0.0,0.0,1.0,0.0,0.0,0.0,0.0,0.0,0.0,1.0,0.0,0.0,0.0,0.0,1.0,0.0,0.0,0.0,0.0,1.0,0.0,0.0,0.0,0.0,0.0,0.0,0.0,2.0,1.0,
349.0,Autonomous Province of Western Bosnia,Autonomous Province of Western Bosnia,1993.0,1995.0,Some info available,2.0,2.0,2.0,2.0,2.0,1.0,0.0,2.0,1.0,1.0,2.0,0.0,0.0,0.0,2.0,0.0,0.0,2.0,0.0,1.0,1.0,0.0,0.0,0.0,2.0,2.0,0.0,0.0,0.0,8.0,3.0,3.0,0.0,0.0,25.0,3.0,
350.0,Croatian Republic of Bosnia-Herzegovina,Croatian Republic of Bosnia-Herzegovina,1993.0,1994.0,Some info available,0.0,1.0,1.0,0.0,0.0,0.0,0.0,0.0,1.0,0.0,1.0,0.0,0.0,0.0,1.0,0.0,1.0,0.0,0.0,0.0,1.0,1.0,0.0,0.0,0.0,2.0,4.0,0.0,0.0,0.0,0.0,0.0,0.0,0.0,6.0,5.0,
351.0,Parliamentary Forces,,1993.0,1993.0,No info,0.0,0.0,0.0,0.0,0.0,0.0,0.0,0.0,0.0,0.0,0.0,0.0,0.0,0.0,0.0,0.0,0.0,0.0,0.0,0.0,0.0,0.0,0.0,0.0,0.0,0.0,0.0,0.0,0.0,0.0,0.0,0.0,0.0,0.0,0.0,0.0,
352.0,Chechen Republic of Ichkeria,,1994.0,2007.0,Some info available,4.0,3.0,3.0,4.0,0.0,4.0,2.0,3.0,2.0,3.0,2.0,3.0,0.0,3.0,2.0,0.0,3.0,4.0,2.0,4.0,3.0,3.0,4.0,0.0,22323.5,769.6,416.0,5241.5,0.0,4.0,1.0,1.0,2.0,0.0,196.0,161.0,
353.0,Democratic Republic of Yemen,Democratic Republic of Yemen,1994.0,1994.0,Some info available,0.0,1.0,2.0,0.0,0.0,0.0,0.0,0.0,0.0,1.0,0.0,0.0,0.0,0.0,0.0,0.0,2.0,0.0,0.0,0.0,1.0,2.0,0.0,0.0,0.0,4.0,17.0,0.0,0.0,0.0,0.0,0.0,0.0,0.0,4.0,3.0,
354.0,MQM,Muttahida Qaumi Movement: United National Movement,1990.0,1996.0,Some info available,2.0,2.0,0.0,0.0,0.0,1.0,1.0,2.0,0.0,1.0,0.0,0.0,0.0,0.0,0.0,0.0,0.0,0.0,0.0,0.0,0.0,0.0,0.0,0.0,0.0,0.0,0.0,0.0,0.0,0.0,0.0,0.0,0.0,0.0,5.0,0.0,
356.0,TTP,Taleban Movement of Pakistan,2007.0,2018.0,Some info available,2.0,2.0,0.0,3.0,0.0,1.0,1.0,1.0,0.0,2.0,0.0,0.0,0.0,0.0,0.0,0.0,0.0,3.0,0.0,2.0,2.0,0.0,3.0,0.0,14.25,54.0,0.0,320.0,0.0,0.0,0.0,0.0,0.0,0.0,19.0,11.0,
357.0,UCK,Ushtria çlirimtare ë kosovës / Kosovo Liberation Army,1998.0,1999.0,Some info available,4.0,4.0,0.0,4.0,0.0,4.0,2.0,4.0,3.0,4.0,3.0,0.0,0.0,0.0,0.0,0.0,0.0,4.0,3.0,4.0,3.0,0.0,4.0,0.0,10636.0,807.0,0.0,28114.0,0.0,25.0,11.0,10.0,0.0,4.0,107.0,40.0,"Albania, Italy, Switzerland, Cyprus, Turkey, Croatia, Bosnia-Herzegovina, Montenegro, Yugoslavia"
358.0,Wahhabi movement of the Buinaksk district,,1999.0,1999.0,No info,0.0,0.0,0.0,0.0,0.0,0.0,0.0,0.0,0.0,0.0,0.0,0.0,0.0,0.0,0.0,0.0,0.0,0.0,0.0,0.0,0.0,0.0,0.0,0.0,0.0,0.0,0.0,0.0,0.0,0.0,0.0,0.0,0.0,0.0,0.0,0.0,
359.0,IMU,Islamic Movement of Uzbekistan,1999.0,2014.0,Some info available,2.0,2.0,1.0,4.0,2.0,1.0,2.0,2.0,0.0,1.0,1.0,0.0,0.0,0.0,0.0,0.0,1.0,4.0,2.0,2.0,1.0,0.0,4.0,1.0,37.0,9.0,0.0,3293.0,5.0,4.0,1.0,0.0,0.0,0.0,73.0,30.0,Tajikistan
360.0,JIG,Jihad Islamic Group,2004.0,2004.0,No info,0.0,0.0,0.0,0.0,0.0,0.0,0.0,0.0,0.0,0.0,0.0,0.0,0.0,0.0,0.0,0.0,0.0,0.0,0.0,0.0,0.0,0.0,0.0,0.0,0.0,0.0,0.0,0.0,0.0,0.0,0.0,0.0,0.0,0.0,0.0,0.0,
361.0,NLA (Macedonia)*,,,,Some info available,4.0,4.0,2.0,4.0,0.0,4.0,4.0,4.0,4.0,4.0,4.0,0.0,1.0,0.0,2.0,0.0,0.0,4.0,4.0,4.0,4.0,2.0,4.0,0.0,99197.0,8992.2,13.0,48662.0,0.0,2.0,0.0,1.0,1.0,0.0,63.0,50.0,Yugoslavia
362.0,ABSU,All Bodo Students’ Union,1989.0,1990.0,No info,0.0,0.0,0.0,0.0,0.0,0.0,0.0,0.0,0.0,0.0,0.0,0.0,0.0,0.0,0.0,0.0,0.0,0.0,0.0,0.0,0.0,0.0,0.0,0.0,0.0,0.0,0.0,0.0,0.0,0.0,0.0,0.0,0.0,0.0,0.0,0.0,
363.0,NDFB,National Democratic Front of Bodoland,1994.0,2004.0,Some info available,3.0,1.0,0.0,4.0,0.0,0.0,2.0,3.0,0.0,1.0,0.0,0.0,0.0,0.0,0.0,0.0,0.0,4.0,0.0,3.0,1.0,0.0,4.0,0.0,194.0,3.0,0.0,2989.0,0.0,0.0,0.0,0.0,0.0,0.0,72.0,64.0,
364.0,United Wa State (Myanmar)*,,,,Some info available,3.0,4.0,3.0,2.0,0.0,0.0,2.0,3.0,2.0,3.0,1.0,1.0,1.0,2.0,3.0,0.0,0.0,1.0,2.0,3.0,3.0,3.0,2.0,0.0,480.26,681.6,268.0,16.0,0.0,6.0,0.0,2.0,4.0,0.0,57.0,35.0,China
365.0,Patani insurgents,,2003.0,2018.0,Some info available,3.0,1.0,0.0,2.0,0.0,0.0,3.0,3.0,0.0,1.0,0.0,0.0,0.0,0.0,0.0,0.0,0.0,2.0,0.0,3.0,0.0,0.0,2.0,0.0,333.0,0.0,0.0,25.0,0.0,0.0,0.0,0.0,0.0,0.0,27.0,22.0,
366.0,Hezbollah (Lebanon)*,,,,Some info available,4.0,4.0,4.0,4.0,2.0,2.0,2.0,4.0,2.0,4.0,2.0,2.0,2.0,2.0,4.0,0.0,2.0,3.0,2.0,4.0,4.0,4.0,3.0,0.0,3223.33,63897.0,3697.0,790.0,0.0,68.0,0.0,1.0,67.0,0.0,219.0,153.0,"Iran, Syria"
367.0,Forces of the Caucasus Emirate,Islamic Emirate of the Caucasus,2007.0,2015.0,Some info available,3.0,3.0,0.0,2.0,0.0,2.0,0.0,2.0,0.0,3.0,0.0,0.0,0.0,0.0,0.0,0.0,0.0,2.0,1.0,2.0,2.0,0.0,1.0,0.0,22.0,41.0,0.0,7.0,0.0,0.0,0.0,0.0,0.0,0.0,27.0,6.0,
369.0,PULF,People's United Liberation Front,2008.0,2008.0,Some info available,1.0,1.0,0.0,1.0,0.0,0.0,1.0,1.0,0.0,1.0,0.0,0.0,0.0,0.0,0.0,0.0,0.0,1.0,0.0,1.0,1.0,0.0,1.0,0.0,8.0,4.0,0.0,6.0,0.0,0.0,0.0,0.0,0.0,0.0,13.0,13.0,
370.0,Croatian irregulars,,1991.0,1994.0,Some info available,0.0,3.0,2.0,2.0,0.0,0.0,0.0,0.0,1.0,3.0,1.0,0.0,0.0,0.0,1.0,0.0,1.0,2.0,0.0,0.0,2.0,0.0,0.0,0.0,0.0,20.0,0.0,0.0,0.0,0.0,0.0,0.0,0.0,0.0,12.0,1.0,
371.0,Serbian irregulars,Serbian irregulars,1992.0,1995.0,Some info available,2.0,2.0,2.0,4.0,2.0,2.0,0.0,2.0,1.0,1.0,2.0,0.0,1.0,0.0,2.0,0.0,2.0,4.0,0.0,0.0,1.0,1.0,4.0,0.0,0.0,1.0,7.0,3000.0,0.0,0.0,0.0,0.0,0.0,0.0,37.0,3.0,
399.0,Lashkar-e-Islam,,2009.0,2014.0,Some info available,2.0,1.0,0.0,2.0,0.0,0.0,0.0,2.0,0.0,1.0,0.0,0.0,0.0,0.0,0.0,0.0,0.0,2.0,2.0,0.0,0.0,0.0,0.0,0.0,0.0,0.0,0.0,0.0,0.0,0.0,0.0,0.0,0.0,0.0,4.0,0.0,
413.0,Military faction (forces of Amsha Desta and Merid Negusie),,1989.0,1989.0,No info,0.0,0.0,0.0,0.0,0.0,0.0,0.0,0.0,0.0,0.0,0.0,0.0,0.0,0.0,0.0,0.0,0.0,0.0,0.0,0.0,0.0,0.0,0.0,0.0,0.0,0.0,0.0,0.0,0.0,0.0,0.0,0.0,0.0,0.0,0.0,0.0,
414.0,EPRDF,Ethiopian People’s Revolutionary Democratic Front,1989.0,1991.0,Some info available,4.0,4.0,3.0,2.0,0.0,2.0,3.0,4.0,2.0,2.0,3.0,0.0,1.0,1.0,2.0,0.0,2.0,2.0,0.0,4.0,4.0,3.0,0.0,0.0,5387.0,22990.0,105.0,0.0,0.0,0.0,0.0,0.0,0.0,0.0,76.0,66.0,
416.0,EPLF (Ethiopia)*,,,,Some info available,4.0,4.0,3.0,1.0,2.0,2.0,3.0,3.0,3.0,2.0,3.0,0.0,2.0,2.0,3.0,0.0,3.0,1.0,2.0,4.0,4.0,3.0,1.0,2.0,2291.0,3825.0,628.0,1.0,12.0,4.0,0.0,0.0,4.0,0.0,71.0,63.0,
422.0,AFDL,Alliance des forces démocratiques pour la libération du Congo / Alliance of Democratic Forces for the Liberation of Congo,1996.0,1997.0,Some info available,2.0,0.0,0.0,0.0,0.0,0.0,0.0,2.0,0.0,0.0,0.0,0.0,0.0,0.0,0.0,0.0,0.0,0.0,0.0,0.0,0.0,0.0,0.0,0.0,0.0,0.0,0.0,0.0,0.0,0.0,0.0,0.0,0.0,0.0,1.0,0.0,
423.0,MLC,Mouvement pour la Libération du Congo / Movement for the Liberation of Congo,1998.0,2000.0,Some info available,2.0,1.0,0.0,0.0,0.0,0.0,0.0,2.0,0.0,1.0,0.0,0.0,0.0,0.0,0.0,0.0,0.0,0.0,0.0,0.0,1.0,0.0,0.0,0.0,0.0,1.0,0.0,0.0,0.0,0.0,0.0,0.0,0.0,0.0,3.0,1.0,
424.0,RCD,The Rassemblement Congolais pour la Démocratie / Congolese Rally for Democracy,1998.0,2001.0,Some info available,1.0,2.0,2.0,2.0,0.0,2.0,1.0,1.0,0.0,2.0,1.0,0.0,0.0,2.0,2.0,0.0,0.0,0.0,2.0,1.0,0.0,0.0,0.0,0.0,1.0,0.0,0.0,0.0,0.0,1.0,1.0,0.0,0.0,0.0,19.0,1.0,Rwanda
426.0,CNDP,Congrès National pour la Défense du Peuple / National Congress for the Defence of the People,2006.0,2008.0,Some info available,2.0,2.0,2.0,0.0,0.0,1.0,0.0,2.0,1.0,2.0,1.0,0.0,0.0,0.0,2.0,0.0,0.0,0.0,0.0,1.0,2.0,1.0,0.0,0.0,8.0,20.0,6.0,0.0,0.0,1.0,0.0,1.0,0.0,0.0,27.0,9.0,Rwanda
430.0,Palipehutu,Parti pour la libération du peuple Hutu: Party for the Liberation of the Hutu People,1991.0,1992.0,Some info available,2.0,1.0,0.0,1.0,0.0,0.0,0.0,0.0,0.0,1.0,1.0,0.0,0.0,0.0,0.0,0.0,0.0,1.0,0.0,1.0,1.0,0.0,1.0,0.0,7.0,6.0,0.0,7.0,0.0,0.0,0.0,0.0,0.0,0.0,7.0,5.0,
431.0,CNDD,"National Council for the Defence of Democracy, Conseil national pour la défense de la démocratie",1994.0,1998.0,Some info available,2.0,1.0,0.0,3.0,0.0,0.0,1.0,2.0,0.0,1.0,1.0,0.0,0.0,0.0,0.0,0.0,0.0,1.0,3.0,1.0,1.0,0.0,3.0,0.0,4.0,1.0,0.0,201.0,0.0,3.0,1.0,0.0,0.0,2.0,24.0,5.0,South Africa
432.0,Palipehutu-FNL,"Parti pour la libération du peuple Hutu - Forces nationales de liberation, Party for the Liberation of the Hutu People- Forces for the National Liberation",1997.0,2008.0,Some info available,3.0,2.0,0.0,3.0,0.0,2.0,1.0,2.0,0.0,1.0,2.0,0.0,0.0,0.0,0.0,0.0,0.0,3.0,2.0,3.0,1.0,0.0,2.0,0.0,119.0,6.0,0.0,63.0,0.0,0.0,0.0,0.0,0.0,0.0,58.0,35.0,
433.0,Frolina,Front pour la libération nationale: National Liberation Front,1997.0,1997.0,Some info available,3.0,0.0,0.0,2.0,0.0,2.0,1.0,2.0,0.0,0.0,0.0,0.0,0.0,0.0,0.0,0.0,0.0,2.0,0.0,0.0,0.0,0.0,0.0,0.0,0.0,0.0,0.0,0.0,0.0,3.0,2.0,0.0,0.0,1.0,16.0,0.0,
434.0,CNDD-FDD,"Conseil national pour la défense de la démocratie-Forces pour la défense de la démocratie, National Council for the Defence of Democracy-Forces for the Defence of Democracy",1998.0,2003.0,Some info available,3.0,2.0,0.0,2.0,0.0,2.0,2.0,2.0,0.0,1.0,2.0,0.0,0.0,0.0,0.0,0.0,0.0,2.0,0.0,2.0,2.0,0.0,2.0,0.0,28.0,13.0,0.0,15.0,0.0,0.0,0.0,0.0,0.0,0.0,23.0,7.0,
442.0,Islamic Legion,,1989.0,1990.0,Some info available,3.0,3.0,3.0,0.0,0.0,3.0,0.0,0.0,2.0,3.0,0.0,0.0,0.0,2.0,2.0,0.0,2.0,0.0,0.0,3.0,3.0,2.0,0.0,0.0,127.0,219.0,54.0,0.0,0.0,0.0,0.0,0.0,0.0,0.0,28.0,19.0,
443.0,Revolutionary Forces of 1 April,,1989.0,1989.0,No info,0.0,0.0,0.0,0.0,0.0,0.0,0.0,0.0,0.0,0.0,0.0,0.0,0.0,0.0,0.0,0.0,0.0,0.0,0.0,0.0,0.0,0.0,0.0,0.0,0.0,0.0,0.0,0.0,0.0,0.0,0.0,0.0,0.0,0.0,0.0,0.0,
444.0,MOSANAT,Mouvement pour le salut national du Tchad; Movement for the National Salvation of Chad,1989.0,1989.0,No info,0.0,0.0,0.0,0.0,0.0,0.0,0.0,0.0,0.0,0.0,0.0,0.0,0.0,0.0,0.0,0.0,0.0,0.0,0.0,0.0,0.0,0.0,0.0,0.0,0.0,0.0,0.0,0.0,0.0,0.0,0.0,0.0,0.0,0.0,0.0,0.0,
445.0,MPS,Mouvement patriotique du salut / Patriotic Salvation Movement,1990.0,1990.0,Some info available,0.0,0.0,2.0,0.0,0.0,0.0,0.0,0.0,0.0,0.0,0.0,0.0,0.0,1.0,0.0,0.0,1.0,0.0,0.0,0.0,0.0,0.0,0.0,0.0,0.0,0.0,0.0,0.0,0.0,0.0,0.0,0.0,0.0,0.0,2.0,0.0,
446.0,MDD,Mouvement pour la démocratie et le development / Movement for Democracy and Development,1991.0,1997.0,Some info available,1.0,2.0,0.0,0.0,0.0,1.0,0.0,0.0,0.0,2.0,0.0,0.0,0.0,0.0,0.0,0.0,0.0,0.0,0.0,1.0,2.0,0.0,0.0,0.0,2.0,15.0,0.0,0.0,0.0,0.0,0.0,0.0,0.0,0.0,3.0,3.0,
447.0,CNR,"Comité national de redressement, National Council for Recovery; Conseil national de redressement du Tchad/CNRT",1992.0,1994.0,No info,0.0,0.0,0.0,0.0,0.0,0.0,0.0,0.0,0.0,0.0,0.0,0.0,0.0,0.0,0.0,0.0,0.0,0.0,0.0,0.0,0.0,0.0,0.0,0.0,0.0,0.0,0.0,0.0,0.0,0.0,0.0,0.0,0.0,0.0,0.0,0.0,
448.0,CSNPD,Committee of National Revival for Peace and Democracy,1992.0,1994.0,No info,0.0,0.0,0.0,0.0,0.0,0.0,0.0,0.0,0.0,0.0,0.0,0.0,0.0,0.0,0.0,0.0,0.0,0.0,0.0,0.0,0.0,0.0,0.0,0.0,0.0,0.0,0.0,0.0,0.0,0.0,0.0,0.0,0.0,0.0,0.0,0.0,
449.0,Military faction (forces of Maldoum Bada Abbas),,1991.0,1991.0,Some info available,0.0,2.0,0.0,0.0,0.0,0.0,0.0,0.0,0.0,2.0,0.0,0.0,0.0,0.0,0.0,0.0,0.0,0.0,0.0,0.0,2.0,0.0,0.0,0.0,0.0,69.7,0.0,0.0,0.0,0.0,0.0,0.0,0.0,0.0,2.0,2.0,
450.0,FNT,"Front national tchadien, or Chad National Front; Front de libération du Ouaddai/Ouaddai Liberation Front, FLO",1992.0,1994.0,Some info available,3.0,4.0,0.0,0.0,0.0,0.0,0.0,3.0,0.0,1.0,1.0,0.0,0.0,0.0,0.0,0.0,0.0,0.0,0.0,3.0,3.0,0.0,0.0,0.0,308.0,416.0,0.0,0.0,0.0,0.0,0.0,0.0,0.0,0.0,5.0,2.0,
451.0,FARF,Forces armées pour la République fédérale; Armed Forces of the Federal Republic,1997.0,1998.0,No info,0.0,0.0,0.0,0.0,0.0,0.0,0.0,0.0,0.0,0.0,0.0,0.0,0.0,0.0,0.0,0.0,0.0,0.0,0.0,0.0,0.0,0.0,0.0,0.0,0.0,0.0,0.0,0.0,0.0,0.0,0.0,0.0,0.0,0.0,0.0,0.0,
452.0,MDJT,Mouvement pour la démocratie et la justice au Tchad / Movement for Democracy and Justice in Chad,1999.0,2003.0,Some info available,2.0,0.0,0.0,3.0,0.0,0.0,0.0,0.0,0.0,0.0,0.0,0.0,0.0,0.0,0.0,0.0,0.0,2.0,2.0,2.0,0.0,0.0,0.0,0.0,39.0,0.0,0.0,0.0,0.0,0.0,0.0,0.0,0.0,0.0,4.0,1.0,
453.0,FUCD,"Front Uni pour le changement démocratique; United Front for Democratic Change; Rassemblement pour la Démocratie et la Liberté/RDL, Rally for Democray and Liberty",2005.0,2006.0,Some info available,2.0,1.0,0.0,0.0,0.0,0.0,0.0,2.0,0.0,1.0,0.0,0.0,0.0,0.0,0.0,0.0,0.0,0.0,0.0,0.0,1.0,0.0,0.0,0.0,0.0,1.0,0.0,0.0,0.0,0.0,0.0,0.0,0.0,0.0,4.0,1.0,
454.0,RAFD,"Rassemblement des Forces démocratiques, Rally of Democratic Forces; Rassemblement des forces pour le changement/RFC, Rally of Forces for Change",2006.0,2006.0,Some info available,0.0,2.0,1.0,0.0,0.0,0.0,0.0,0.0,0.0,2.0,0.0,0.0,0.0,0.0,0.0,0.0,1.0,0.0,0.0,0.0,0.0,1.0,0.0,0.0,0.0,0.0,2.0,0.0,0.0,0.0,0.0,0.0,0.0,0.0,4.0,1.0,
456.0,UFDD,Union des Forces pour la Démocratie et le Développement; Union Force for Democracy and Development,2006.0,2007.0,Some info available,0.0,4.0,2.0,0.0,0.0,0.0,0.0,0.0,2.0,2.0,0.0,0.0,0.0,2.0,2.0,0.0,1.0,0.0,0.0,0.0,3.0,2.0,0.0,0.0,0.0,326.0,20.0,0.0,0.0,10.0,0.0,7.0,3.0,0.0,28.0,9.0,Sudan
463.0,RFDG,Rally of Democratic Forces of Guinea,2000.0,2001.0,No info,0.0,0.0,0.0,0.0,0.0,0.0,0.0,0.0,0.0,0.0,0.0,0.0,0.0,0.0,0.0,0.0,0.0,0.0,0.0,0.0,0.0,0.0,0.0,0.0,0.0,0.0,0.0,0.0,0.0,0.0,0.0,0.0,0.0,0.0,0.0,0.0,
466.0,SPLA (Sudan)*,,,,Some info available,4.0,4.0,3.0,3.0,2.0,2.0,0.0,4.0,2.0,4.0,3.0,0.0,2.0,2.0,3.0,0.0,3.0,2.0,3.0,4.0,3.0,3.0,0.0,0.0,10005.0,522.0,140.0,0.0,0.0,17.0,1.0,6.0,7.0,0.0,167.0,39.0,"Ethiopia, Uganda, Ukraine, Kenya"
467.0,NDA,National Democratic Alliance,1996.0,2001.0,Some info available,4.0,3.0,3.0,3.0,2.0,3.0,1.0,4.0,2.0,3.0,3.0,0.0,0.0,0.0,3.0,0.0,2.0,4.0,1.0,4.0,3.0,3.0,3.0,2.0,1868.0,424.5,190.0,316.0,14.0,0.0,0.0,0.0,0.0,0.0,135.0,127.0,
468.0,JEM,Justice and Equality Movement,2003.0,2011.0,Some info available,4.0,4.0,3.0,0.0,3.0,2.0,0.0,4.0,2.0,4.0,2.0,0.0,1.0,3.0,2.0,0.0,2.0,0.0,0.0,4.0,3.0,3.0,0.0,3.0,3632.0,371.0,459.0,0.0,487.0,10.0,2.0,4.0,4.0,0.0,90.0,39.0,"Chad, Eritrea, Libya"
469.0,SLM/A,The Sudan Liberation Movement/Army,2003.0,2011.0,Some info available,2.0,3.0,1.0,0.0,2.0,2.0,0.0,1.0,2.0,3.0,1.0,0.0,0.0,0.0,1.0,0.0,1.0,0.0,0.0,1.0,3.0,1.0,0.0,2.0,4.0,143.0,7.0,0.0,56.0,0.0,0.0,0.0,0.0,0.0,32.0,17.0,
470.0,NRF,National Redemption Front,2006.0,2006.0,Some info available,0.0,2.0,2.0,0.0,1.0,0.0,0.0,0.0,1.0,1.0,0.0,0.0,0.0,2.0,0.0,0.0,0.0,0.0,0.0,0.0,2.0,2.0,0.0,0.0,0.0,10.0,16.0,0.0,0.0,0.0,0.0,0.0,0.0,0.0,6.0,3.0,
471.0,SLM/A - MM,Sudan Liberation Movement/Army - MM,2006.0,2006.0,Some info available,3.0,2.0,2.0,0.0,0.0,0.0,0.0,3.0,2.0,2.0,2.0,0.0,0.0,2.0,0.0,0.0,0.0,0.0,0.0,3.0,2.0,2.0,0.0,0.0,243.0,80.0,30.0,0.0,0.0,0.0,0.0,0.0,0.0,0.0,8.0,7.0,
472.0,SLM/A-Unity,Sudan Liberation Movement/Army – Unity,2007.0,2008.0,No info,0.0,0.0,0.0,0.0,0.0,0.0,0.0,0.0,0.0,0.0,0.0,0.0,0.0,0.0,0.0,0.0,0.0,0.0,0.0,0.0,0.0,0.0,0.0,0.0,0.0,0.0,0.0,0.0,0.0,0.0,0.0,0.0,0.0,0.0,0.0,0.0,
486.0,UPA,Uganda People's Army,1989.0,1992.0,Some info available,0.0,2.0,0.0,2.0,0.0,0.0,0.0,0.0,0.0,1.0,0.0,0.0,0.0,0.0,0.0,0.0,0.0,2.0,0.0,0.0,0.0,0.0,2.0,0.0,0.0,0.0,0.0,44.0,0.0,0.0,0.0,0.0,0.0,0.0,8.0,6.0,
488.0,LRA (Uganda)*,,,,Some info available,4.0,4.0,2.0,4.0,0.0,4.0,1.0,4.0,1.0,4.0,3.0,0.0,1.0,0.0,2.0,0.0,1.0,4.0,3.0,4.0,3.0,2.0,4.0,0.0,5298.5,973.2,18.0,1667.0,0.0,2.0,0.0,0.0,1.0,1.0,155.0,122.0,
489.0,ADF,Alliance of Democratic Forces,1996.0,2018.0,Some info available,4.0,3.0,0.0,3.0,0.0,4.0,1.0,3.0,1.0,2.0,3.0,0.0,0.0,0.0,0.0,0.0,0.0,3.0,2.0,4.0,2.0,0.0,2.0,0.0,1868.0,56.0,0.0,65.0,0.0,12.0,5.0,5.0,0.0,1.0,89.0,45.0,Sudan
490.0,WNBF,West Nile Bank Front,1996.0,1996.0,Some info available,2.0,1.0,0.0,3.0,0.0,2.0,0.0,2.0,1.0,1.0,1.0,0.0,0.0,0.0,0.0,0.0,0.0,0.0,2.0,2.0,1.0,0.0,0.0,0.0,11.0,1.0,0.0,0.0,0.0,0.0,0.0,0.0,0.0,0.0,8.0,2.0,
491.0,UNRF II,Uganda National Rescue Front II,1997.0,1997.0,Some info available,3.0,0.0,0.0,2.0,0.0,0.0,0.0,3.0,0.0,0.0,0.0,0.0,0.0,0.0,0.0,0.0,0.0,1.0,2.0,3.0,0.0,0.0,2.0,0.0,113.0,0.0,0.0,26.0,0.0,0.0,0.0,0.0,0.0,0.0,8.0,8.0,
495.0,EIJM - AS,Eritrean Islamic Jihad Movement – Abu Suhail faction,1997.0,2003.0,Some info available,2.0,1.0,0.0,3.0,0.0,1.0,0.0,0.0,0.0,1.0,0.0,0.0,0.0,0.0,0.0,0.0,0.0,2.0,2.0,0.0,0.0,0.0,0.0,0.0,0.0,0.0,0.0,0.0,0.0,0.0,0.0,0.0,0.0,0.0,6.0,0.0,
497.0,ONLF,Ogaden National Liberation Front,1994.0,2016.0,Some info available,3.0,1.0,0.0,4.0,0.0,1.0,0.0,3.0,0.0,1.0,0.0,0.0,0.0,0.0,0.0,0.0,0.0,4.0,2.0,3.0,1.0,0.0,4.0,0.0,144.0,1.0,0.0,4002.0,0.0,0.0,0.0,0.0,0.0,0.0,18.0,9.0,
498.0,Renamo,Resistência nacional moçambicana / Mozambican National Resistance,1989.0,2016.0,Some info available,4.0,3.0,1.0,3.0,0.0,2.0,2.0,3.0,0.0,2.0,3.0,0.0,0.0,0.0,0.0,0.0,1.0,1.0,3.0,4.0,2.0,0.0,3.0,0.0,76955.0,90.6,0.0,390.0,0.0,0.0,0.0,0.0,0.0,0.0,38.0,25.0,
500.0,SNM,Somali National Movement,1989.0,1991.0,Some info available,3.0,3.0,2.0,0.0,1.0,1.0,0.0,3.0,3.0,1.0,1.0,0.0,0.0,1.0,2.0,1.0,1.0,0.0,0.0,2.0,2.0,2.0,0.0,0.0,64.0,56.0,25.0,0.0,0.0,1.0,1.0,0.0,0.0,0.0,31.0,12.0,
501.0,SPM,Somali Patriotic Movement,1989.0,1991.0,No info,0.0,0.0,0.0,0.0,0.0,0.0,0.0,0.0,0.0,0.0,0.0,0.0,0.0,0.0,0.0,0.0,0.0,0.0,0.0,0.0,0.0,0.0,0.0,0.0,0.0,0.0,0.0,0.0,0.0,0.0,0.0,0.0,0.0,0.0,0.0,0.0,
502.0,USC/SSA,United Somali Congress/Somali Salvation Alliance,1990.0,1991.0,Some info available,2.0,2.0,1.0,2.0,2.0,1.0,0.0,2.0,1.0,2.0,1.0,0.0,0.0,0.0,1.0,0.0,0.0,2.0,0.0,0.0,0.0,1.0,0.0,2.0,0.0,0.0,2.0,0.0,30.0,5.0,1.0,2.0,1.0,1.0,13.0,2.0,
503.0,SNA (Somalia)*,,,,Some info available,2.0,2.0,2.0,1.0,0.0,2.0,0.0,2.0,2.0,1.0,1.0,0.0,1.0,0.0,1.0,0.0,0.0,1.0,0.0,2.0,1.0,1.0,1.0,0.0,16.0,9.0,5.0,1.0,0.0,1.0,0.0,0.0,1.0,0.0,23.0,9.0,Eritrea
504.0,SRRC,Somali Reconciliation and Restoration Council,2001.0,2002.0,Some info available,2.0,2.0,0.0,0.0,0.0,0.0,0.0,2.0,0.0,1.0,1.0,0.0,0.0,0.0,0.0,0.0,0.0,0.0,0.0,0.0,0.0,0.0,0.0,0.0,0.0,0.0,0.0,0.0,0.0,4.0,1.0,3.0,0.0,0.0,4.0,0.0,
505.0,UIC (Somalia)*,,,,Some info available,2.0,2.0,1.0,3.0,0.0,1.0,0.0,0.0,0.0,2.0,0.0,0.0,1.0,0.0,0.0,0.0,0.0,2.0,2.0,0.0,0.0,1.0,0.0,0.0,0.0,0.0,1.0,0.0,0.0,7.0,0.0,3.0,1.0,3.0,10.0,1.0,Eritrea
507.0,NPFL,National Patriotic Front of Liberia,1989.0,1990.0,Some info available,3.0,3.0,4.0,2.0,0.0,2.0,1.0,3.0,1.0,2.0,2.0,0.0,1.0,1.0,4.0,0.0,1.0,2.0,2.0,3.0,2.0,3.0,0.0,0.0,126.0,46.0,316.0,0.0,0.0,5.0,1.0,1.0,3.0,0.0,57.0,13.0,
508.0,INPFL,Independent National Patriotic Front of Liberia,1990.0,1990.0,Some info available,0.0,0.0,0.0,1.0,0.0,0.0,0.0,0.0,0.0,0.0,0.0,0.0,0.0,0.0,0.0,0.0,0.0,1.0,0.0,0.0,0.0,0.0,1.0,0.0,0.0,0.0,0.0,1.0,0.0,0.0,0.0,0.0,0.0,0.0,1.0,1.0,
509.0,LURD,Liberians United for Reconciliation and Democracy,2000.0,2003.0,Some info available,2.0,2.0,1.0,2.0,0.0,2.0,1.0,2.0,1.0,1.0,2.0,0.0,1.0,0.0,0.0,0.0,0.0,2.0,0.0,1.0,1.0,0.0,0.0,0.0,1.0,5.0,0.0,0.0,0.0,1.0,0.0,1.0,0.0,0.0,57.0,5.0,"Iran, Guinea"
510.0,MODEL,Movement for Democracy in Liberia,2003.0,2003.0,Some info available,3.0,1.0,0.0,1.0,0.0,1.0,1.0,3.0,0.0,1.0,1.0,0.0,0.0,0.0,0.0,0.0,0.0,1.0,0.0,2.0,1.0,0.0,1.0,0.0,82.5,5.0,0.0,2.0,0.0,0.0,0.0,0.0,0.0,0.0,18.0,7.0,
518.0,Presidential guard,,1989.0,1989.0,No info,0.0,0.0,0.0,0.0,0.0,0.0,0.0,0.0,0.0,0.0,0.0,0.0,0.0,0.0,0.0,0.0,0.0,0.0,0.0,0.0,0.0,0.0,0.0,0.0,0.0,0.0,0.0,0.0,0.0,0.0,0.0,0.0,0.0,0.0,0.0,0.0,
520.0,ARDUF,Afar Revolutionary Democratic Unity Front,1996.0,1996.0,No info,0.0,0.0,0.0,0.0,0.0,0.0,0.0,0.0,0.0,0.0,0.0,0.0,0.0,0.0,0.0,0.0,0.0,0.0,0.0,0.0,0.0,0.0,0.0,0.0,0.0,0.0,0.0,0.0,0.0,0.0,0.0,0.0,0.0,0.0,0.0,0.0,
521.0,MPA,Mouvement populaire de l’Azaouad / Azawad Peoples Movement,1990.0,1990.0,Some info available,3.0,0.0,0.0,0.0,0.0,0.0,0.0,3.0,0.0,0.0,0.0,0.0,0.0,0.0,0.0,0.0,0.0,0.0,0.0,3.0,0.0,0.0,0.0,0.0,136.0,0.0,0.0,0.0,0.0,0.0,0.0,0.0,0.0,0.0,1.0,1.0,
522.0,FIAA,Front islamique arabe de l’Azaouad / Islamic Arab Front of Azawad,1994.0,1994.0,Some info available,2.0,1.0,1.0,0.0,0.0,2.0,0.0,2.0,0.0,0.0,1.0,0.0,0.0,0.0,1.0,0.0,0.0,0.0,0.0,0.0,1.0,0.0,0.0,0.0,0.0,1.0,0.0,0.0,0.0,0.0,0.0,0.0,0.0,0.0,6.0,1.0,
523.0,ATNMC,North Mali Tuareg Alliance for Change / Alliance Touareg Nord Mali pour le Changement,2007.0,2009.0,Some info available,0.0,0.0,0.0,2.0,0.0,0.0,0.0,0.0,0.0,0.0,0.0,0.0,0.0,0.0,0.0,0.0,0.0,0.0,2.0,0.0,0.0,0.0,0.0,0.0,0.0,0.0,0.0,0.0,0.0,0.0,0.0,0.0,0.0,0.0,1.0,0.0,
524.0,FLAA,Front de libération de l’Aїr et l’Azaouad; Aїr and Azawad Liberation Front,1991.0,1992.0,Some info available,2.0,1.0,0.0,2.0,0.0,0.0,0.0,2.0,0.0,1.0,0.0,0.0,0.0,0.0,0.0,0.0,0.0,2.0,0.0,0.0,0.0,0.0,0.0,0.0,0.0,0.0,0.0,0.0,0.0,0.0,0.0,0.0,0.0,0.0,3.0,0.0,
525.0,CRA,Coordination de la résistance armée; Coordination of the Armed Resistance,1994.0,1994.0,Some info available,0.0,2.0,0.0,2.0,0.0,0.0,0.0,0.0,0.0,0.0,1.0,0.0,0.0,0.0,0.0,0.0,0.0,2.0,0.0,0.0,0.0,0.0,0.0,0.0,0.0,0.0,0.0,0.0,0.0,0.0,0.0,0.0,0.0,0.0,3.0,0.0,
526.0,UFRA,Union des Forces de la résistance armée; Union of Forces of the Armed Resistance,1997.0,1997.0,Some info available,2.0,2.0,0.0,0.0,0.0,0.0,0.0,0.0,0.0,1.0,1.0,0.0,0.0,0.0,0.0,0.0,0.0,0.0,0.0,0.0,0.0,0.0,0.0,0.0,0.0,0.0,0.0,0.0,0.0,0.0,0.0,0.0,0.0,0.0,3.0,0.0,
527.0,FPR,Front patriotique rwandais; Rwandan Patriotic Front,1990.0,1994.0,Some info available,3.0,2.0,3.0,2.0,0.0,2.0,1.0,2.0,1.0,2.0,2.0,0.0,1.0,1.0,3.0,0.0,0.0,2.0,2.0,2.0,1.0,2.0,2.0,0.0,11.0,1.0,33.0,16.0,0.0,0.0,0.0,0.0,0.0,0.0,58.0,10.0,
528.0,FDLR,Forces démocratiques de libération du Rwanda; Democratic Liberation Forces of Rwanda,2001.0,2018.0,Some info available,2.0,1.0,1.0,2.0,0.0,2.0,1.0,2.0,1.0,1.0,1.0,0.0,0.0,0.0,1.0,0.0,0.0,2.0,0.0,2.0,1.0,1.0,1.0,0.0,55.0,1.0,1.0,7.0,0.0,3.0,1.0,1.0,0.0,1.0,34.0,16.0,"MONUC, FARDC"
529.0,MFDC,Mouvement des forces démocratiques de Casamance; Movement of the Democratic Forces of the Casamance,1990.0,2011.0,Some info available,3.0,2.0,2.0,2.0,0.0,2.0,0.0,2.0,1.0,2.0,2.0,0.0,0.0,0.0,2.0,0.0,0.0,2.0,1.0,0.0,1.0,0.0,2.0,0.0,0.0,2.0,0.0,10.0,0.0,0.0,0.0,0.0,0.0,0.0,42.0,6.0,
530.0,FRUD,Front pour la restauration de l’unité et de la démocratie / Front for the Restoration of Unity and Democracy,1991.0,1994.0,Some info available,0.0,2.0,0.0,2.0,0.0,0.0,0.0,0.0,0.0,2.0,0.0,0.0,0.0,0.0,0.0,0.0,0.0,0.0,2.0,0.0,2.0,0.0,0.0,0.0,0.0,30.0,0.0,0.0,0.0,0.0,0.0,0.0,0.0,0.0,3.0,1.0,
531.0,FRUD-C,Front pour la restauration de l’unité et de la démocratie – Combattant / Front for the Restoration of Unity and Democracy – Combatant,1999.0,1999.0,No info,0.0,0.0,0.0,0.0,0.0,0.0,0.0,0.0,0.0,0.0,0.0,0.0,0.0,0.0,0.0,0.0,0.0,0.0,0.0,0.0,0.0,0.0,0.0,0.0,0.0,0.0,0.0,0.0,0.0,0.0,0.0,0.0,0.0,0.0,0.0,0.0,
532.0,RUF (Sierra Leone)*,,,,Some info available,4.0,4.0,2.0,4.0,1.0,3.0,3.0,4.0,2.0,3.0,3.0,0.0,1.0,2.0,2.0,0.0,1.0,4.0,0.0,4.0,3.0,2.0,4.0,1.0,12618.0,328.0,58.5,1858.0,5.0,21.0,8.0,6.0,7.0,0.0,118.0,61.0,"Liberia, Ukraine"
533.0,AFRC,Armed Forces Revolutionary Council,1997.0,1999.0,Some info available,3.0,1.0,1.0,1.0,0.0,2.0,0.0,2.0,1.0,2.0,1.0,0.0,0.0,0.0,0.0,1.0,0.0,1.0,0.0,0.0,1.0,1.0,1.0,0.0,0.0,1.0,2.0,8.0,0.0,0.0,0.0,0.0,0.0,0.0,14.0,4.0,
534.0,Kamajors,,1997.0,1998.0,Some info available,3.0,2.0,0.0,0.0,0.0,2.0,0.0,3.0,1.0,2.0,1.0,0.0,0.0,0.0,0.0,0.0,0.0,0.0,0.0,0.0,1.0,0.0,0.0,0.0,0.0,1.0,0.0,0.0,0.0,1.0,1.0,0.0,0.0,0.0,30.0,1.0,"Nigeria, Sierra Leone"
535.0,WSB,West Side Boys / West Side Niggaz / West Side Junglers,2000.0,2000.0,Some info available,2.0,2.0,0.0,2.0,0.0,1.0,0.0,2.0,1.0,1.0,1.0,0.0,0.0,0.0,0.0,0.0,0.0,2.0,2.0,1.0,1.0,0.0,0.0,0.0,3.0,6.0,0.0,0.0,0.0,0.0,0.0,0.0,0.0,0.0,20.0,6.0,
536.0,Takfir wa'l Hijra,,1991.0,1991.0,No info,0.0,0.0,0.0,0.0,0.0,0.0,0.0,0.0,0.0,0.0,0.0,0.0,0.0,0.0,0.0,0.0,0.0,0.0,0.0,0.0,0.0,0.0,0.0,0.0,0.0,0.0,0.0,0.0,0.0,0.0,0.0,0.0,0.0,0.0,0.0,0.0,
537.0,AIS,Islamic Salvation Army,1992.0,1997.0,Some info available,3.0,1.0,0.0,2.0,0.0,2.0,2.0,3.0,0.0,1.0,0.0,0.0,0.0,0.0,0.0,0.0,0.0,2.0,0.0,3.0,0.0,0.0,2.0,0.0,173.0,0.0,0.0,30.0,0.0,6.0,5.0,0.0,0.0,1.0,12.0,6.0,
538.0,GIA,"Groupe Islamique Armé, Armed Islamic Group",1993.0,2003.0,Some info available,3.0,1.0,1.0,2.0,0.0,2.0,2.0,2.0,1.0,2.0,1.0,1.0,0.0,0.0,0.0,0.0,0.0,2.0,0.0,3.0,1.0,0.0,1.0,0.0,259.0,3.0,0.0,5.0,0.0,0.0,0.0,0.0,0.0,0.0,36.0,15.0,
539.0,AQIM,"al-Qaida Organization in the Islamic Maghreb, GSPC",1999.0,2018.0,Some info available,3.0,4.0,2.0,4.0,0.0,2.0,3.0,3.0,3.0,4.0,2.0,0.0,1.0,0.0,2.0,0.0,0.0,3.0,4.0,3.0,4.0,0.0,4.0,0.0,447.0,20204.0,0.0,3278.0,0.0,0.0,0.0,0.0,0.0,0.0,117.0,66.0,
540.0,FLEC-R,Frente da Libertação do Enclave de Cabinda – Renovada / Front for the Liberation of the Enclave of Cabinda – Renewed / Front for the Liberation of the Cabinda Enclave,1991.0,2002.0,Some info available,2.0,1.0,0.0,3.0,0.0,2.0,0.0,2.0,1.0,1.0,1.0,0.0,0.0,0.0,0.0,0.0,0.0,3.0,2.0,2.0,1.0,0.0,3.0,0.0,23.0,8.0,0.0,332.0,0.0,0.0,0.0,0.0,0.0,0.0,17.0,12.0,
541.0,FLEC-FAC,Frente da Libertação do Enclave de Cabinda - Forças Armadas de Cabinda / Front for the Liberation of the Enclave of Cabinda - Armed Forces of Cabinda,1994.0,2017.0,Some info available,2.0,3.0,1.0,3.0,0.0,1.0,0.0,2.0,1.0,3.0,1.0,0.0,0.0,0.0,1.0,0.0,0.0,3.0,2.0,2.0,3.0,1.0,3.0,0.0,23.0,104.0,3.0,332.0,0.0,0.0,0.0,0.0,0.0,0.0,21.0,13.0,
542.0,AIAI,Islamic Unity / al-Itahad al-Islami,1993.0,1999.0,Some info available,2.0,1.0,0.0,3.0,0.0,0.0,1.0,2.0,0.0,1.0,0.0,0.0,0.0,0.0,0.0,0.0,0.0,3.0,0.0,0.0,1.0,0.0,0.0,0.0,0.0,1.0,0.0,0.0,0.0,0.0,0.0,0.0,0.0,0.0,13.0,1.0,
543.0,FDR,Front démocratique pour le renouveau; Democratic Front for Renewal,1995.0,1995.0,Some info available,2.0,1.0,0.0,0.0,0.0,1.0,0.0,2.0,0.0,1.0,0.0,0.0,0.0,0.0,0.0,0.0,0.0,0.0,0.0,0.0,1.0,0.0,0.0,0.0,0.0,4.0,0.0,0.0,0.0,0.0,0.0,0.0,0.0,0.0,4.0,1.0,
544.0,MPA/Republic of Anjouan,"Mouvement populaire de l’Azaouad; Azawad Peoples Movement; originally MPLA, Mouvement Populaire de Libération de l’Azaouad: Popular Movement for the Liberation of Azawad",1997.0,1997.0,No info,0.0,0.0,0.0,0.0,0.0,0.0,0.0,0.0,0.0,0.0,0.0,0.0,0.0,0.0,0.0,0.0,0.0,0.0,0.0,0.0,0.0,0.0,0.0,0.0,0.0,0.0,0.0,0.0,0.0,0.0,0.0,0.0,0.0,0.0,0.0,0.0,
545.0,Cobras,,1997.0,1997.0,Some info available,4.0,2.0,2.0,0.0,0.0,1.0,0.0,0.0,1.0,2.0,2.0,1.0,0.0,1.0,0.0,0.0,0.0,0.0,0.0,4.0,2.0,0.0,0.0,0.0,14400.0,18.0,0.0,0.0,0.0,5.0,0.0,3.0,2.0,0.0,15.0,4.0,"Angola, Angola, Gabon"
546.0,Ninjas,,1993.0,1999.0,Some info available,4.0,1.0,0.0,2.0,0.0,0.0,0.0,2.0,1.0,0.0,0.0,0.0,0.0,0.0,0.0,0.0,0.0,0.0,2.0,4.0,0.0,0.0,0.0,0.0,6500.0,0.0,0.0,0.0,0.0,0.0,0.0,0.0,0.0,0.0,5.0,1.0,
547.0,Cocoyes,,1997.0,1999.0,Some info available,4.0,2.0,1.0,3.0,0.0,1.0,0.0,3.0,1.0,2.0,1.0,0.0,0.0,0.0,0.0,0.0,1.0,3.0,0.0,4.0,2.0,1.0,2.0,0.0,15079.5,15.5,4.0,70.0,0.0,0.0,0.0,0.0,0.0,0.0,24.0,10.0,
548.0,Ntsiloulous,Nsiloulous,1998.0,2016.0,Some info available,0.0,1.0,0.0,0.0,0.0,0.0,0.0,0.0,1.0,0.0,0.0,0.0,0.0,0.0,0.0,0.0,0.0,0.0,0.0,0.0,1.0,0.0,0.0,0.0,0.0,1.0,0.0,0.0,0.0,0.0,0.0,0.0,0.0,0.0,1.0,1.0,
549.0,"Military Junta for the Consolidation of Democracy, Peace and Justice",,1998.0,1999.0,No info,0.0,0.0,0.0,0.0,0.0,0.0,0.0,0.0,0.0,0.0,0.0,0.0,0.0,0.0,0.0,0.0,0.0,0.0,0.0,0.0,0.0,0.0,0.0,0.0,0.0,0.0,0.0,0.0,0.0,0.0,0.0,0.0,0.0,0.0,0.0,0.0,
550.0,Military faction (Lesotho),,1998.0,1998.0,No info,0.0,0.0,0.0,0.0,0.0,0.0,0.0,0.0,0.0,0.0,0.0,0.0,0.0,0.0,0.0,0.0,0.0,0.0,0.0,0.0,0.0,0.0,0.0,0.0,0.0,0.0,0.0,0.0,0.0,0.0,0.0,0.0,0.0,0.0,0.0,0.0,
551.0,OLF,Oromo Liberation Front,1989.0,2016.0,Some info available,4.0,2.0,0.0,3.0,0.0,2.0,1.0,4.0,0.0,2.0,0.0,0.0,0.0,0.0,0.0,0.0,0.0,3.0,1.0,4.0,2.0,0.0,3.0,0.0,1379.0,32.0,0.0,278.0,0.0,0.0,0.0,0.0,0.0,0.0,64.0,48.0,
552.0,Military faction (forces of Andr Kolingba),Military faction (forces of André Kolingba),2001.0,2001.0,Some info available,2.0,1.0,0.0,0.0,0.0,1.0,0.0,0.0,0.0,0.0,1.0,0.0,0.0,0.0,0.0,0.0,0.0,0.0,0.0,0.0,0.0,0.0,0.0,0.0,0.0,0.0,0.0,0.0,0.0,0.0,0.0,0.0,0.0,0.0,2.0,0.0,
553.0,Forces of Francois Bozize,,2002.0,2002.0,No info,0.0,0.0,0.0,0.0,0.0,0.0,0.0,0.0,0.0,0.0,0.0,0.0,0.0,0.0,0.0,0.0,0.0,0.0,0.0,0.0,0.0,0.0,0.0,0.0,0.0,0.0,0.0,0.0,0.0,0.0,0.0,0.0,0.0,0.0,0.0,0.0,
554.0,Seleka,Union of Democratic Forces for Unity,2006.0,2013.0,Some info available,2.0,2.0,1.0,3.0,1.0,2.0,1.0,2.0,1.0,2.0,2.0,1.0,0.0,1.0,1.0,0.0,0.0,3.0,0.0,1.0,1.0,1.0,0.0,1.0,7.0,2.0,5.0,0.0,5.0,4.0,3.0,1.0,0.0,0.0,57.0,10.0,Sudan
555.0,MJP,Mouvement pour la justice et la paix / Movement for Justice and Peace,2003.0,2003.0,Some info available,3.0,0.0,0.0,0.0,0.0,2.0,1.0,2.0,0.0,0.0,0.0,0.0,0.0,0.0,0.0,0.0,0.0,0.0,0.0,0.0,0.0,0.0,0.0,0.0,0.0,0.0,0.0,0.0,0.0,0.0,0.0,0.0,0.0,0.0,6.0,0.0,
556.0,MPCI,Mouvement Patriotique de la Côte d’Ivoire / Patriotic Movement of Ivory Coast,2002.0,2002.0,Some info available,2.0,2.0,1.0,0.0,0.0,1.0,0.0,0.0,0.0,2.0,0.0,0.0,1.0,1.0,0.0,0.0,0.0,0.0,0.0,0.0,0.0,1.0,0.0,0.0,0.0,0.0,1.0,0.0,0.0,0.0,0.0,0.0,0.0,0.0,6.0,1.0,
557.0,MPIGO,Mouvement Populaire Ivorian du Grand Ouest / Ivorian Movement for the Greater West,2002.0,2003.0,Some info available,2.0,2.0,0.0,0.0,0.0,0.0,0.0,2.0,1.0,1.0,1.0,0.0,0.0,0.0,0.0,0.0,0.0,0.0,0.0,0.0,0.0,0.0,0.0,0.0,0.0,0.0,0.0,0.0,0.0,0.0,0.0,0.0,0.0,0.0,4.0,0.0,
558.0,FRCI,Forces Républicaines de Côte d'Ivoire / Republican Forces of Ivory Coast,2004.0,2011.0,Some info available,2.0,0.0,0.0,0.0,0.0,2.0,0.0,2.0,0.0,0.0,0.0,0.0,0.0,0.0,0.0,0.0,0.0,0.0,0.0,2.0,0.0,0.0,0.0,0.0,27.0,0.0,0.0,0.0,0.0,0.0,0.0,0.0,0.0,0.0,6.0,5.0,
559.0,Ahlul Sunnah Jamaa,,2004.0,2004.0,No info,0.0,0.0,0.0,0.0,0.0,0.0,0.0,0.0,0.0,0.0,0.0,0.0,0.0,0.0,0.0,0.0,0.0,0.0,0.0,0.0,0.0,0.0,0.0,0.0,0.0,0.0,0.0,0.0,0.0,0.0,0.0,0.0,0.0,0.0,0.0,0.0,
560.0,NDPVF,Niger Delta People’s Volunteer Force,2004.0,2004.0,Some info available,4.0,4.0,2.0,2.0,0.0,4.0,1.0,4.0,0.0,4.0,0.0,0.0,0.0,0.0,0.0,2.0,0.0,2.0,0.0,4.0,4.0,2.0,0.0,0.0,14116.0,1000.0,67.0,0.0,0.0,0.0,0.0,0.0,0.0,0.0,28.0,19.0,
561.0,BDK,Bundu dia Kongo,2007.0,2017.0,Some info available,2.0,0.0,0.0,0.0,0.0,0.0,0.0,2.0,0.0,0.0,0.0,0.0,0.0,0.0,0.0,0.0,0.0,0.0,0.0,0.0,0.0,0.0,0.0,0.0,0.0,0.0,0.0,0.0,0.0,0.0,0.0,0.0,0.0,0.0,1.0,0.0,
562.0,MNJ,Mouvement des Nigériens pour la Justice; Niger Movement for Justice,2007.0,2008.0,Some info available,2.0,2.0,0.0,1.0,0.0,1.0,0.0,2.0,1.0,1.0,1.0,0.0,0.0,0.0,0.0,0.0,0.0,0.0,1.0,1.0,1.0,0.0,1.0,0.0,6.0,5.0,0.0,4.0,0.0,0.0,0.0,0.0,0.0,0.0,17.0,8.0,
563.0,POLISARIO,Popular Front for the Liberation of Saguia el Hamra and Rio de Oro: Frente popular de liberación de Saguia el Hamra y Rio de Oro,1989.0,1989.0,Some info available,4.0,2.0,3.0,4.0,0.0,2.0,0.0,4.0,2.0,2.0,2.0,0.0,2.0,3.0,2.0,0.0,3.0,0.0,4.0,4.0,0.0,3.0,4.0,0.0,8000.0,0.0,281.48,6000.0,0.0,12.0,0.0,2.0,10.0,0.0,61.0,18.0,Libya
567.0,UNITA (Angola)*,,,,Some info available,3.0,4.0,4.0,3.0,0.0,3.0,2.0,3.0,2.0,3.0,4.0,2.0,2.0,4.0,3.0,0.0,4.0,3.0,3.0,3.0,4.0,4.0,2.0,0.0,117.0,2067.0,1422.0,66.0,0.0,68.0,8.0,25.0,32.0,2.0,161.0,40.0,"Belarus, Bulgaria, Bulgaria, Ukraine, Eastern Europe, France, North Korea, South Africa, USA, Ukraine, Zaire"
630.0,Janjaweed,Janjaweed,,,Some info available,2.0,2.0,2.0,2.0,0.0,2.0,0.0,2.0,1.0,2.0,1.0,0.0,1.0,0.0,1.0,0.0,0.0,2.0,0.0,1.0,1.0,0.0,0.0,0.0,1.0,1.0,0.0,0.0,0.0,1.0,1.0,0.0,0.0,0.0,41.0,2.0,Sudan
655.0,Murle,,,,Some info available,2.0,0.0,0.0,0.0,0.0,0.0,0.0,2.0,0.0,0.0,0.0,0.0,0.0,0.0,0.0,0.0,0.0,0.0,0.0,0.0,0.0,0.0,0.0,0.0,0.0,0.0,0.0,0.0,0.0,0.0,0.0,0.0,0.0,0.0,1.0,0.0,
675.0,Republic of Somaliland,,2018.0,2018.0,Some info available,2.0,2.0,2.0,4.0,0.0,0.0,0.0,0.0,2.0,1.0,1.0,0.0,1.0,2.0,0.0,0.0,1.0,0.0,4.0,0.0,2.0,2.0,4.0,0.0,0.0,14.0,13.0,3014.0,0.0,0.0,0.0,0.0,0.0,0.0,12.0,5.0,
706.0,Lou Nuer,,,,Some info available,2.0,0.0,0.0,0.0,0.0,0.0,0.0,2.0,0.0,0.0,0.0,0.0,0.0,0.0,0.0,0.0,0.0,0.0,0.0,0.0,0.0,0.0,0.0,0.0,0.0,0.0,0.0,0.0,0.0,0.0,0.0,0.0,0.0,0.0,3.0,0.0,
716.0,AN,National Alliance,2008.0,2008.0,No info,0.0,0.0,0.0,0.0,0.0,0.0,0.0,0.0,0.0,0.0,0.0,0.0,0.0,0.0,0.0,0.0,0.0,0.0,0.0,0.0,0.0,0.0,0.0,0.0,0.0,0.0,0.0,0.0,0.0,0.0,0.0,0.0,0.0,0.0,0.0,0.0,
717.0,Al-Shabaab,,2008.0,2018.0,Some info available,3.0,2.0,0.0,3.0,0.0,2.0,1.0,3.0,1.0,2.0,0.0,0.0,0.0,0.0,0.0,0.0,0.0,3.0,2.0,3.0,2.0,0.0,3.0,0.0,213.8,15.0,0.0,496.0,0.0,1.0,0.0,0.0,0.0,1.0,67.0,47.0,
724.0,Military faction (forces of Andres Rodriguez),,1989.0,1989.0,No info,0.0,0.0,0.0,0.0,0.0,0.0,0.0,0.0,0.0,0.0,0.0,0.0,0.0,0.0,0.0,0.0,0.0,0.0,0.0,0.0,0.0,0.0,0.0,0.0,0.0,0.0,0.0,0.0,0.0,0.0,0.0,0.0,0.0,0.0,0.0,0.0,
732.0,URNG,Unidad Revolucionaria nacional guatemalteca / Guatemalan National Revolutionary Unity,1989.0,1995.0,Some info available,4.0,3.0,0.0,4.0,0.0,4.0,0.0,4.0,1.0,3.0,2.0,0.0,0.0,0.0,0.0,0.0,0.0,4.0,4.0,4.0,3.0,0.0,4.0,0.0,4628.0,107.0,0.0,43537.0,0.0,0.0,0.0,0.0,0.0,0.0,50.0,27.0,
742.0,Military faction (forces of Hugo Ch vez),,1992.0,1992.0,No info,0.0,0.0,0.0,0.0,0.0,0.0,0.0,0.0,0.0,0.0,0.0,0.0,0.0,0.0,0.0,0.0,0.0,0.0,0.0,0.0,0.0,0.0,0.0,0.0,0.0,0.0,0.0,0.0,0.0,0.0,0.0,0.0,0.0,0.0,0.0,0.0,
743.0,FARC,Revolutionary Armed Forces of Colombia – People’s Army,1989.0,2015.0,Some info available,4.0,4.0,2.0,4.0,0.0,3.0,4.0,4.0,1.0,3.0,4.0,2.0,0.0,0.0,1.0,0.0,0.0,4.0,4.0,4.0,4.0,2.0,4.0,0.0,35822.32,1596.2,31.0,32119.4,0.0,6.0,4.0,2.0,0.0,0.0,610.0,470.0,"Jordan, Russia, Venezuela"
744.0,ELN,National Liberation Army,1989.0,2018.0,Some info available,4.0,3.0,1.0,4.0,0.0,2.0,3.0,4.0,0.0,2.0,2.0,1.0,0.0,0.0,0.0,0.0,0.0,4.0,3.0,4.0,2.0,1.0,4.0,0.0,1572.35,82.0,2.0,6060.5,0.0,0.0,0.0,0.0,0.0,0.0,145.0,118.0,
746.0,EPL,Popular Liberation Army,1989.0,1990.0,Some info available,2.0,0.0,0.0,2.0,0.0,0.0,0.0,2.0,0.0,0.0,0.0,0.0,0.0,0.0,0.0,0.0,0.0,2.0,0.0,0.0,0.0,0.0,0.0,0.0,0.0,0.0,0.0,0.0,0.0,3.0,2.0,0.0,0.0,1.0,3.0,0.0,Venezuela
750.0,Sendero Luminoso,Sendero Luminoso (Shining Path),1989.0,2010.0,Some info available,3.0,3.0,0.0,4.0,0.0,2.0,2.0,3.0,1.0,2.0,2.0,0.0,0.0,0.0,0.0,0.0,0.0,4.0,1.0,3.0,2.0,0.0,3.0,0.0,150.0,43.0,0.0,926.0,0.0,0.0,0.0,0.0,0.0,0.0,89.0,33.0,
751.0,MRTA,Túpac Amaru Revolutionary Movement,1989.0,1993.0,Some info available,3.0,2.0,0.0,2.0,0.0,2.0,2.0,3.0,1.0,2.0,1.0,0.0,0.0,0.0,0.0,0.0,0.0,2.0,0.0,3.0,2.0,0.0,1.0,0.0,315.0,25.0,0.0,4.0,0.0,0.0,0.0,0.0,0.0,0.0,60.0,36.0,
755.0,FMLN (El Salvador)*,,,,Some info available,4.0,3.0,2.0,4.0,0.0,1.0,1.0,4.0,0.0,3.0,1.0,0.0,2.0,0.0,0.0,0.0,0.0,4.0,4.0,4.0,3.0,2.0,4.0,0.0,2256.0,122.9,20.5,18553.0,0.0,10.0,1.0,4.0,5.0,0.0,57.0,19.0,"GDR, Soviet Union, North Korea, Nicaragua, Nicaragua, Cuba"
759.0,Contras (Nicaragua)*,,,,Some info available,3.0,3.0,2.0,4.0,0.0,2.0,0.0,2.0,0.0,3.0,1.0,2.0,2.0,0.0,0.0,0.0,0.0,4.0,0.0,2.0,2.0,2.0,4.0,0.0,63.0,66.0,50.0,7030.0,0.0,20.0,2.0,4.0,11.0,3.0,30.0,18.0,USA
761.0,Military faction (forces of Moiss Giroldi),,1989.0,1989.0,No info,0.0,0.0,0.0,0.0,0.0,0.0,0.0,0.0,0.0,0.0,0.0,0.0,0.0,0.0,0.0,0.0,0.0,0.0,0.0,0.0,0.0,0.0,0.0,0.0,0.0,0.0,0.0,0.0,0.0,0.0,0.0,0.0,0.0,0.0,0.0,0.0,
762.0,Jamaat al-Muslimeen,Group of Muslims / Society of Muslims,1990.0,1990.0,Some info available,3.0,0.0,0.0,1.0,0.0,2.0,1.0,2.0,0.0,0.0,0.0,0.0,0.0,0.0,0.0,0.0,0.0,1.0,0.0,3.0,0.0,0.0,1.0,0.0,107.0,0.0,0.0,2.0,0.0,0.0,0.0,0.0,0.0,0.0,9.0,8.0,
763.0,Military faction (forces of Himmler Rebu and Guy Francois),,1989.0,1989.0,No info,0.0,0.0,0.0,0.0,0.0,0.0,0.0,0.0,0.0,0.0,0.0,0.0,0.0,0.0,0.0,0.0,0.0,0.0,0.0,0.0,0.0,0.0,0.0,0.0,0.0,0.0,0.0,0.0,0.0,0.0,0.0,0.0,0.0,0.0,0.0,0.0,
764.0,Military faction (forces of Raol Cdras),,1991.0,1991.0,No info,0.0,0.0,0.0,0.0,0.0,0.0,0.0,0.0,0.0,0.0,0.0,0.0,0.0,0.0,0.0,0.0,0.0,0.0,0.0,0.0,0.0,0.0,0.0,0.0,0.0,0.0,0.0,0.0,0.0,0.0,0.0,0.0,0.0,0.0,0.0,0.0,
765.0,FLRN,National Front for the Liberation of Haiti / Front pour la Liberación et la Reconstruction Nationales,2004.0,2004.0,No info,0.0,0.0,0.0,0.0,0.0,0.0,0.0,0.0,0.0,0.0,0.0,0.0,0.0,0.0,0.0,0.0,0.0,0.0,0.0,0.0,0.0,0.0,0.0,0.0,0.0,0.0,0.0,0.0,0.0,0.0,0.0,0.0,0.0,0.0,0.0,0.0,
766.0,OP Lavalas (Chimres),Organisations Populaires Lavalas / Popular Organisations Lavalas,2004.0,2004.0,Some info available,2.0,0.0,0.0,0.0,0.0,1.0,1.0,0.0,0.0,0.0,0.0,0.0,0.0,0.0,0.0,0.0,0.0,0.0,0.0,0.0,0.0,0.0,0.0,0.0,0.0,0.0,0.0,0.0,0.0,0.0,0.0,0.0,0.0,0.0,2.0,0.0,
767.0,EZLN,Zapatista National Liberation Army / Ejército Zapatista de liberación nacional,1994.0,1994.0,Some info available,2.0,2.0,0.0,3.0,0.0,1.0,2.0,2.0,1.0,2.0,1.0,0.0,0.0,0.0,0.0,0.0,0.0,3.0,2.0,2.0,1.0,0.0,3.0,0.0,17.0,7.0,0.0,311.0,0.0,0.0,0.0,0.0,0.0,0.0,34.0,14.0,
768.0,EPR,Popular Revolutionary Army / Ejercito Popular Revolucionario,1996.0,1996.0,Some info available,3.0,1.0,0.0,4.0,0.0,2.0,2.0,3.0,0.0,1.0,0.0,0.0,0.0,0.0,0.0,0.0,0.0,4.0,0.0,2.0,1.0,0.0,4.0,0.0,88.0,6.0,0.0,1930.0,0.0,2.0,1.0,1.0,0.0,0.0,36.0,16.0,Mexico
769.0,al-Qaida,al-qaeda,2001.0,2017.0,Some info available,4.0,4.0,3.0,4.0,0.0,3.0,2.0,4.0,3.0,4.0,4.0,0.0,0.0,2.0,2.0,0.0,2.0,4.0,3.0,4.0,4.0,2.0,4.0,0.0,3243.0,3818.1,82.0,4009.0,0.0,2.0,0.0,2.0,0.0,0.0,164.0,56.0,Soviet Union
771.0,AUC,United Self-Defence forces of Colombia ,,,Some info available,4.0,3.0,2.0,4.0,1.0,3.0,4.0,4.0,1.0,3.0,3.0,2.0,0.0,0.0,0.0,0.0,0.0,4.0,3.0,4.0,3.0,2.0,4.0,0.0,25884.91,279.2,15.0,3848.0,0.0,9.0,4.0,2.0,0.0,1.0,153.0,114.0,Nicaragua
805.0,PBCP,Purbo Banglar Communist Party - East Bengali Workers Party,2005.0,2005.0,Some info available,2.0,0.0,0.0,2.0,0.0,0.0,1.0,2.0,0.0,0.0,0.0,0.0,0.0,0.0,0.0,0.0,0.0,2.0,0.0,1.0,0.0,0.0,0.0,0.0,8.0,0.0,0.0,0.0,0.0,0.0,0.0,0.0,0.0,0.0,10.0,3.0,
880.0,MNDAA,"Myanmar Nationalities Democratic Alliance Arm,  Kokang Democratic Party, KDP",2009.0,2017.0,Some info available,3.0,1.0,0.0,0.0,0.0,2.0,1.0,2.0,0.0,1.0,1.0,0.0,0.0,0.0,0.0,0.0,0.0,0.0,0.0,3.0,1.0,0.0,0.0,0.0,111.0,1.0,0.0,0.0,0.0,0.0,0.0,0.0,0.0,0.0,7.0,5.0,
881.0,AQAP,al-Qaida in the Arabian Peninsula ,2009.0,2018.0,Some info available,4.0,3.0,3.0,3.0,2.0,3.0,1.0,4.0,1.0,3.0,2.0,1.0,0.0,2.0,2.0,0.0,2.0,2.0,2.0,3.0,2.0,3.0,2.0,2.0,779.5,36.0,116.0,29.0,93.0,0.0,0.0,0.0,0.0,0.0,84.0,31.0,
1004.0,Hizbul Islam,,2009.0,2010.0,Some info available,0.0,1.0,0.0,0.0,0.0,0.0,0.0,0.0,0.0,1.0,0.0,0.0,0.0,0.0,0.0,0.0,0.0,0.0,0.0,0.0,0.0,0.0,0.0,0.0,0.0,0.0,0.0,0.0,0.0,0.0,0.0,0.0,0.0,0.0,1.0,0.0,
1051.0,Jama'atu Ahlis Sunna Lidda'awati wal-Jihad,Boko Haram,2009.0,2018.0,Some info available,3.0,4.0,2.0,4.0,2.0,2.0,2.0,3.0,2.0,4.0,2.0,0.0,1.0,2.0,1.0,0.0,1.0,4.0,0.0,3.0,3.0,2.0,4.0,2.0,666.63,785.0,17.0,2241.0,12.0,0.0,0.0,0.0,0.0,0.0,277.0,167.0,
1053.0,CPJP,Convention of Patriots for Justice and Peace / Convention des patriotes pour la justice et la paix,2009.0,2011.0,Some info available,1.0,1.0,0.0,0.0,1.0,1.0,0.0,0.0,1.0,1.0,0.0,0.0,0.0,0.0,0.0,0.0,0.0,0.0,0.0,1.0,1.0,0.0,0.0,1.0,4.0,3.0,0.0,0.0,8.0,0.0,0.0,0.0,0.0,0.0,5.0,5.0,
1066.0,NDFB - RD,National Democratic Front of Bodoland - Ranjan Daimary faction,2009.0,2010.0,Some info available,2.0,0.0,0.0,3.0,0.0,0.0,2.0,1.0,0.0,0.0,0.0,0.0,0.0,0.0,0.0,0.0,0.0,3.0,0.0,2.0,0.0,0.0,3.0,0.0,14.0,0.0,0.0,176.0,0.0,0.0,0.0,0.0,0.0,0.0,16.0,15.0,
1069.0,UFR,"Union des Forces de la Résistance, or Union of Forces for the Resistance",2009.0,2009.0,Some info available,4.0,4.0,0.0,0.0,4.0,4.0,0.0,2.0,4.0,4.0,0.0,0.0,0.0,0.0,0.0,0.0,0.0,0.0,0.0,4.0,4.0,0.0,0.0,4.0,20000.0,14200.0,0.0,0.0,2000.0,7.0,1.0,4.0,0.0,0.0,16.0,6.0,Sudan
1091.0,Houthi rebels (Yemen)*,,,,Some info available,2.0,4.0,3.0,4.0,2.0,2.0,0.0,2.0,1.0,4.0,2.0,1.0,1.0,2.0,4.0,1.0,3.0,2.0,4.0,1.0,4.0,3.0,4.0,0.0,5.0,6833.3,418.0,22011.0,0.0,14.0,2.0,6.0,1.0,5.0,132.0,45.0,Iran
1101.0,TTP - TA, Taleban Movement of Pakistan,2012.0,2012.0,No info,0.0,0.0,0.0,0.0,0.0,0.0,0.0,0.0,0.0,0.0,0.0,0.0,0.0,0.0,0.0,0.0,0.0,0.0,0.0,0.0,0.0,0.0,0.0,0.0,0.0,0.0,0.0,0.0,0.0,0.0,0.0,0.0,0.0,0.0,0.0,0.0,
1107.0,DKBA 5,democratic Karen Buddhist Army Brigade 5,2010.0,2013.0,Some info available,1.0,1.0,0.0,1.0,0.0,0.0,0.0,1.0,0.0,1.0,0.0,0.0,0.0,0.0,0.0,0.0,0.0,1.0,0.0,1.0,1.0,0.0,1.0,0.0,8.0,8.0,0.0,4.0,0.0,0.0,0.0,0.0,0.0,0.0,5.0,5.0,
1108.0,SSDM/A,South Sudan Defence Movement/Army,2010.0,2011.0,Some info available,4.0,3.0,0.0,0.0,0.0,3.0,0.0,4.0,2.0,2.0,0.0,0.0,0.0,0.0,0.0,0.0,0.0,0.0,0.0,4.0,2.0,0.0,0.0,0.0,1655.0,30.0,0.0,0.0,0.0,0.0,0.0,0.0,0.0,0.0,35.0,10.0,
1112.0,FPRN,Front populaire pour la renaissance nationale / Popular Front for National Renaissance,2010.0,2010.0,Some info available,0.0,2.0,1.0,0.0,0.0,0.0,0.0,0.0,0.0,1.0,0.0,0.0,0.0,0.0,1.0,0.0,0.0,0.0,0.0,0.0,0.0,0.0,0.0,0.0,0.0,0.0,0.0,0.0,0.0,0.0,0.0,0.0,0.0,0.0,4.0,0.0,
1115.0,IGLF,Issa and Gurgura Liberation Front,1991.0,1991.0,Some info available,0.0,0.0,0.0,1.0,0.0,0.0,0.0,0.0,0.0,0.0,0.0,0.0,0.0,0.0,0.0,0.0,0.0,1.0,0.0,0.0,0.0,0.0,1.0,0.0,0.0,0.0,0.0,1.0,0.0,0.0,0.0,0.0,0.0,0.0,1.0,1.0,
1122.0,SSPP,"Shan State Progress Party, Shan State Army- North, SSA-N",2011.0,2015.0,Some info available,4.0,1.0,2.0,3.0,1.0,1.0,1.0,2.0,0.0,1.0,1.0,0.0,0.0,0.0,2.0,0.0,0.0,2.0,2.0,3.0,1.0,2.0,3.0,1.0,856.0,8.0,16.4,139.0,1.0,0.0,0.0,0.0,0.0,0.0,21.0,17.0,
1123.0,SPLM/A-North,Sudan People’s Liberation Movement/Army – North,2011.0,2016.0,Some info available,4.0,3.0,2.0,3.0,1.0,2.0,0.0,4.0,3.0,2.0,2.0,0.0,1.0,0.0,1.0,0.0,2.0,0.0,2.0,4.0,3.0,2.0,0.0,1.0,6604.0,381.0,22.0,0.0,2.0,10.0,3.0,5.0,2.0,0.0,85.0,41.0,"China, SPLA"
1124.0,SSLM/A,South Sudan Liberation Movement/Army,2011.0,2012.0,Some info available,3.0,3.0,0.0,2.0,0.0,1.0,0.0,3.0,2.0,3.0,3.0,0.0,0.0,0.0,0.0,0.0,0.0,0.0,2.0,3.0,3.0,0.0,0.0,0.0,315.0,424.0,0.0,0.0,0.0,4.0,2.0,2.0,0.0,0.0,35.0,15.0,Sudan
1125.0,FDSI-CI,Forces de Défense et de Sécurité Impartiales de Côte d`Ivoire / Impartial Defense and Security Forces - Ivory Coast,2011.0,2011.0,Some info available,2.0,1.0,0.0,0.0,0.0,0.0,0.0,2.0,0.0,1.0,0.0,0.0,0.0,0.0,0.0,0.0,0.0,0.0,0.0,0.0,0.0,0.0,0.0,0.0,0.0,0.0,0.0,0.0,0.0,0.0,0.0,0.0,0.0,0.0,3.0,0.0,
1126.0,NTC (Libya)*,,,,Some info available,0.0,2.0,1.0,0.0,0.0,0.0,0.0,0.0,0.0,2.0,0.0,1.0,0.0,1.0,1.0,0.0,0.0,0.0,0.0,0.0,1.0,1.0,0.0,0.0,0.0,7.0,6.0,0.0,0.0,2.0,0.0,0.0,2.0,0.0,6.0,3.0,Qatar
1127.0,Forces of Muammar Gaddafi,,2011.0,2011.0,Some info available,1.0,3.0,1.0,3.0,0.0,1.0,0.0,2.0,0.0,3.0,0.0,0.0,0.0,0.0,1.0,0.0,0.0,0.0,2.0,1.0,2.0,1.0,0.0,0.0,3.0,30.0,3.0,0.0,0.0,4.0,2.0,2.0,0.0,0.0,11.0,3.0,France
1128.0,ALiR,Peuple en Armes Pour la Liberation du Rwanda; Armed People for the Liberation of Rwanda; ex-FAR; Interahamwe,1996.0,2000.0,Some info available,2.0,0.0,0.0,2.0,0.0,0.0,0.0,2.0,0.0,0.0,0.0,0.0,0.0,0.0,0.0,0.0,0.0,2.0,0.0,2.0,0.0,0.0,0.0,0.0,16.0,0.0,0.0,0.0,0.0,0.0,0.0,0.0,0.0,0.0,2.0,1.0,
1129.0,Republic of South Sudan,,2011.0,2011.0,Some info available,4.0,0.0,0.0,2.0,0.0,4.0,1.0,2.0,0.0,0.0,0.0,0.0,0.0,0.0,0.0,0.0,0.0,2.0,0.0,3.0,0.0,0.0,0.0,0.0,830.0,0.0,0.0,0.0,0.0,1.0,1.0,0.0,0.0,0.0,8.0,1.0,Ukraine
1146.0,BIFM,"Bangsamoro Islamic Freedom Movement ,  Bangsamoro Islamic Freedom Fighters (BIFF) ",2012.0,2016.0,Some info available,2.0,2.0,0.0,3.0,0.0,1.0,2.0,2.0,1.0,2.0,1.0,0.0,0.0,0.0,0.0,0.0,0.0,3.0,3.0,2.0,2.0,0.0,3.0,0.0,68.0,13.0,0.0,415.0,0.0,0.0,0.0,0.0,0.0,0.0,87.0,65.0,
1156.0,ETIM,East Turkistan Islamic Movement,2008.0,2008.0,Some info available,3.0,3.0,0.0,4.0,0.0,1.0,2.0,1.0,0.0,3.0,0.0,0.0,0.0,0.0,0.0,0.0,0.0,4.0,0.0,3.0,3.0,0.0,4.0,0.0,115.0,450.0,0.0,8246.0,0.0,0.0,0.0,0.0,0.0,0.0,29.0,16.0,
1157.0,Ansar Dine,Defenders of the Faith / Ansar al-Dine,2012.0,2016.0,Some info available,2.0,1.0,0.0,2.0,0.0,0.0,1.0,2.0,0.0,1.0,2.0,0.0,0.0,0.0,0.0,0.0,0.0,2.0,1.0,1.0,1.0,0.0,1.0,0.0,2.0,1.0,0.0,7.0,0.0,0.0,0.0,0.0,0.0,0.0,27.0,8.0,
1158.0,CMA,Coordination des Mouvements de l’Azawad /  Coordination of Azawad Movements,2012.0,2015.0,Some info available,3.0,1.0,1.0,2.0,0.0,2.0,0.0,3.0,0.0,1.0,0.0,0.0,0.0,0.0,1.0,0.0,0.0,2.0,0.0,3.0,1.0,0.0,0.0,0.0,109.0,2.0,0.0,0.0,0.0,3.0,1.0,1.0,1.0,0.0,9.0,3.0,
1160.0,M23,March 23 Movement / Mouvement du 23-Mars,2012.0,2017.0,Some info available,3.0,3.0,1.0,1.0,0.0,2.0,1.0,2.0,1.0,1.0,3.0,0.0,0.0,0.0,1.0,0.0,0.0,1.0,0.0,2.0,2.0,0.0,1.0,0.0,65.0,33.0,0.0,3.0,0.0,6.0,0.0,6.0,0.0,0.0,37.0,10.0,Rwanda
1161.0,MUJAO,"Mouvement pour le Tawhîd et du Jihad en Afrique de l'Ouest / Group Committed to Propagating the Prophet's Teachings and Jihad, Movement for Oneness and Jihad in West Africa",2012.0,2013.0,Some info available,2.0,2.0,1.0,4.0,1.0,1.0,0.0,2.0,2.0,2.0,1.0,0.0,0.0,1.0,0.0,0.0,0.0,4.0,2.0,2.0,1.0,1.0,4.0,1.0,13.0,7.0,2.0,1300.0,2.0,0.0,0.0,0.0,0.0,0.0,38.0,11.0,
1162.0,SRF,Sudan Revolutionary Front,2011.0,2018.0,Some info available,0.0,2.0,2.0,0.0,0.0,0.0,0.0,0.0,1.0,2.0,1.0,0.0,0.0,1.0,1.0,0.0,2.0,0.0,0.0,0.0,2.0,2.0,0.0,0.0,0.0,10.0,10.0,0.0,0.0,3.0,0.0,1.0,2.0,0.0,13.0,8.0,"Israel, South Sudan "
1163.0,GNLA,Garo National Liberation Army,2012.0,2014.0,Some info available,3.0,3.0,0.0,2.0,1.0,1.0,2.0,3.0,0.0,3.0,1.0,0.0,0.0,0.0,0.0,0.0,0.0,2.0,1.0,3.0,2.0,0.0,2.0,1.0,602.41,69.0,0.0,16.0,1.0,0.0,0.0,0.0,0.0,0.0,83.0,66.0,
1164.0,Military faction (Red Berets),,2012.0,2012.0,No info,0.0,0.0,0.0,0.0,0.0,0.0,0.0,0.0,0.0,0.0,0.0,0.0,0.0,0.0,0.0,0.0,0.0,0.0,0.0,0.0,0.0,0.0,0.0,0.0,0.0,0.0,0.0,0.0,0.0,0.0,0.0,0.0,0.0,0.0,0.0,0.0,
1165.0,PBCP-J,Purba Banglar Communist Party - Janajudhha faction,2005.0,2006.0,Some info available,2.0,0.0,0.0,2.0,0.0,0.0,1.0,1.0,0.0,0.0,0.0,0.0,0.0,0.0,0.0,0.0,0.0,2.0,0.0,1.0,0.0,0.0,2.0,0.0,6.0,0.0,0.0,40.0,0.0,0.0,0.0,0.0,0.0,0.0,17.0,6.0,
1166.0,BLF,,2012.0,2015.0,Some info available,0.0,0.0,0.0,1.0,0.0,0.0,0.0,0.0,0.0,0.0,0.0,0.0,0.0,0.0,0.0,0.0,0.0,1.0,0.0,0.0,0.0,0.0,1.0,0.0,0.0,0.0,0.0,1.0,0.0,0.0,0.0,0.0,0.0,0.0,1.0,1.0,
1186.0,PFT,Popular Front of Tajikistan,1992.0,1992.0,Some info available,2.0,2.0,0.0,0.0,0.0,0.0,0.0,2.0,0.0,1.0,1.0,0.0,0.0,0.0,0.0,0.0,0.0,0.0,0.0,0.0,0.0,0.0,0.0,0.0,0.0,0.0,0.0,0.0,0.0,0.0,0.0,0.0,0.0,0.0,4.0,0.0,
1200.0,APCLS,Alliance des patriotes pour un Congo libre et souverain / Alliance of the People for a Free and Sovereign Congo,2013.0,2014.0,Some info available,1.0,1.0,0.0,0.0,0.0,1.0,0.0,2.0,0.0,1.0,1.0,0.0,0.0,0.0,0.0,0.0,0.0,0.0,0.0,1.0,1.0,0.0,0.0,0.0,4.0,4.0,0.0,0.0,0.0,0.0,0.0,0.0,0.0,0.0,4.0,2.0,
1215.0,Military faction (Harar garrison),Forces of Harar garrison,1991.0,1991.0,No info,0.0,0.0,0.0,0.0,0.0,0.0,0.0,0.0,0.0,0.0,0.0,0.0,0.0,0.0,0.0,0.0,0.0,0.0,0.0,0.0,0.0,0.0,0.0,0.0,0.0,0.0,0.0,0.0,0.0,0.0,0.0,0.0,0.0,0.0,0.0,0.0,
1216.0,Forces of Mullo Abdullo,,2000.0,2010.0,Some info available,2.0,2.0,0.0,3.0,0.0,1.0,0.0,2.0,0.0,2.0,0.0,0.0,0.0,0.0,0.0,0.0,0.0,3.0,1.0,2.0,2.0,0.0,3.0,0.0,40.0,12.0,0.0,122.2,0.0,0.0,0.0,0.0,0.0,0.0,17.0,17.0,
2034.0,TAK,Teyrêbazên Azadiya Kurdistan: Kurdistan Freedom Falcons,2016.0,2016.0,Some info available,0.0,1.0,0.0,2.0,0.0,0.0,0.0,0.0,0.0,0.0,1.0,0.0,0.0,0.0,0.0,0.0,0.0,2.0,0.0,0.0,0.0,0.0,2.0,0.0,0.0,0.0,0.0,18.0,0.0,0.0,0.0,0.0,0.0,0.0,6.0,5.0,
2939.0,NLFT-B,National Liberation Front of Tripura - Biswamohan faction,2004.0,2004.0,Some info available,1.0,0.0,0.0,0.0,0.0,0.0,0.0,1.0,0.0,0.0,0.0,0.0,0.0,0.0,0.0,0.0,0.0,0.0,0.0,1.0,0.0,0.0,0.0,0.0,4.0,0.0,0.0,0.0,0.0,0.0,0.0,0.0,0.0,0.0,3.0,3.0,
3043.0,CNPSC (Yakutumba),Coalition nationale du peuple pour la souveraineté du Congo / National Coalition of the People for the Sovereignty of the Congo,2011.0,2018.0,No info,0.0,0.0,0.0,0.0,0.0,0.0,0.0,0.0,0.0,0.0,0.0,0.0,0.0,0.0,0.0,0.0,0.0,0.0,0.0,0.0,0.0,0.0,0.0,0.0,0.0,0.0,0.0,0.0,0.0,0.0,0.0,0.0,0.0,0.0,0.0,0.0,
3051.0,AA,Arakan Army,2018.0,2018.0,Some info available,2.0,1.0,1.0,2.0,0.0,1.0,0.0,2.0,0.0,1.0,0.0,0.0,0.0,0.0,1.0,0.0,0.0,0.0,2.0,2.0,1.0,1.0,0.0,0.0,12.0,2.0,1.0,0.0,0.0,0.0,0.0,0.0,0.0,0.0,9.0,5.0,
3192.0,UBA,United Balochistan Army,2016.0,2016.0,No info,0.0,0.0,0.0,0.0,0.0,0.0,0.0,0.0,0.0,0.0,0.0,0.0,0.0,0.0,0.0,0.0,0.0,0.0,0.0,0.0,0.0,0.0,0.0,0.0,0.0,0.0,0.0,0.0,0.0,0.0,0.0,0.0,0.0,0.0,0.0,0.0,
3481.0,Signed-in-Blood Battalion,Signed-in-Blood Battalion / al-Mouwakoune Bi-Dima,2013.0,2013.0,Some info available,2.0,2.0,0.0,2.0,0.0,1.0,0.0,2.0,0.0,2.0,1.0,0.0,0.0,0.0,0.0,0.0,0.0,2.0,0.0,0.0,0.0,0.0,0.0,0.0,0.0,0.0,0.0,0.0,0.0,0.0,0.0,0.0,0.0,0.0,9.0,0.0,
3563.0,SSDM/A - Cobra Faction,South Sudan Defence Movement/Army - Cobra Faction,2013.0,2013.0,Some info available,3.0,1.0,0.0,0.0,0.0,1.0,0.0,3.0,0.0,1.0,0.0,0.0,0.0,0.0,0.0,0.0,0.0,0.0,0.0,2.0,0.0,0.0,0.0,0.0,60.0,0.0,0.0,0.0,0.0,0.0,0.0,0.0,0.0,0.0,8.0,2.0,
3946.0,CPI-ML-J,,2000.0,2000.0,No info,0.0,0.0,0.0,0.0,0.0,0.0,0.0,0.0,0.0,0.0,0.0,0.0,0.0,0.0,0.0,0.0,0.0,0.0,0.0,0.0,0.0,0.0,0.0,0.0,0.0,0.0,0.0,0.0,0.0,0.0,0.0,0.0,0.0,0.0,0.0,0.0,
3967.0,Kata Katanga,,2013.0,2014.0,Some info available,2.0,1.0,0.0,0.0,0.0,0.0,0.0,2.0,0.0,1.0,0.0,0.0,0.0,0.0,0.0,0.0,0.0,0.0,0.0,2.0,0.0,0.0,0.0,0.0,30.0,0.0,0.0,0.0,0.0,0.0,0.0,0.0,0.0,0.0,2.0,1.0,
4006.0,Sultanate of Sulu,,2013.0,2013.0,No info,0.0,0.0,0.0,0.0,0.0,0.0,0.0,0.0,0.0,0.0,0.0,0.0,0.0,0.0,0.0,0.0,0.0,0.0,0.0,0.0,0.0,0.0,0.0,0.0,0.0,0.0,0.0,0.0,0.0,0.0,0.0,0.0,0.0,0.0,0.0,0.0,
4163.0,PYD,"Democratic Union Party, Partiya Yekîtiya Demokrat",2012.0,2015.0,Some info available,4.0,4.0,3.0,2.0,1.0,4.0,1.0,4.0,4.0,4.0,3.0,1.0,0.0,3.0,2.0,0.0,1.0,2.0,0.0,4.0,4.0,3.0,2.0,0.0,18102.0,8735.0,215.0,10.0,0.0,29.0,5.0,13.0,8.0,1.0,38.0,17.0,"PYD, Syria, USA, YPG"
4201.0,anti-Balaka,,2013.0,2013.0,Some info available,3.0,2.0,0.0,4.0,0.0,2.0,1.0,3.0,0.0,1.0,2.0,0.0,0.0,0.0,0.0,0.0,0.0,4.0,2.0,2.0,2.0,0.0,4.0,0.0,74.0,11.0,0.0,6000.0,0.0,0.0,0.0,0.0,0.0,0.0,51.0,11.0,
4226.0,SPLM/A In Opposition,Sudan People’s Liberation Movement/Army In Opposition,2013.0,2018.0,Some info available,4.0,2.0,1.0,0.0,0.0,2.0,1.0,4.0,2.0,2.0,1.0,0.0,1.0,1.0,0.0,0.0,1.0,0.0,0.0,4.0,2.0,1.0,0.0,0.0,1000.0,47.0,4.0,0.0,0.0,2.0,1.0,1.0,0.0,0.0,22.0,17.0,
4286.0,Forces of Paul Joseph Mukungubila,,2013.0,2013.0,No info,0.0,0.0,0.0,0.0,0.0,0.0,0.0,0.0,0.0,0.0,0.0,0.0,0.0,0.0,0.0,0.0,0.0,0.0,0.0,0.0,0.0,0.0,0.0,0.0,0.0,0.0,0.0,0.0,0.0,0.0,0.0,0.0,0.0,0.0,0.0,0.0,
4319.0,Ansar Bayt al-Maqdis,,2014.0,2014.0,Some info available,2.0,2.0,1.0,3.0,2.0,2.0,1.0,2.0,1.0,1.0,1.0,0.0,0.0,0.0,1.0,0.0,0.0,3.0,0.0,1.0,1.0,0.0,3.0,2.0,7.0,4.0,0.0,252.0,16.0,0.0,0.0,0.0,0.0,0.0,46.0,14.0,
4376.0,al-Murabitun,al-Murabitun / The Sentinel,2014.0,2014.0,Some info available,2.0,1.0,0.0,2.0,0.0,0.0,0.0,2.0,0.0,1.0,0.0,0.0,0.0,0.0,0.0,0.0,0.0,2.0,0.0,0.0,1.0,0.0,0.0,0.0,0.0,3.0,0.0,0.0,0.0,0.0,0.0,0.0,0.0,0.0,7.0,1.0,
4456.0,Syria rebels*,,,,Some info available,4.0,4.0,3.0,4.0,1.0,4.0,2.0,4.0,2.0,4.0,3.0,0.0,1.0,3.0,3.0,0.0,3.0,4.0,2.0,4.0,4.0,3.0,4.0,0.0,7827.4,14327.6,120.0,1419.0,0.0,44.0,17.0,16.0,8.0,0.0,293.0,122.0,"Iraq, Lebanon, Qatar, Saudi Arabia, Sudan, Turkey, USA"
5659.0,al-Mahdi Army,,2004.0,2008.0,Some info available,2.0,2.0,0.0,3.0,0.0,0.0,0.0,2.0,0.0,1.0,1.0,0.0,0.0,0.0,0.0,0.0,0.0,3.0,0.0,0.0,1.0,0.0,3.0,0.0,0.0,6.0,0.0,650.0,0.0,0.0,0.0,0.0,0.0,0.0,6.0,4.0,
5802.0,Forces of the House of Representatives,,2014.0,2017.0,No info,0.0,0.0,0.0,0.0,0.0,0.0,0.0,0.0,0.0,0.0,0.0,0.0,0.0,0.0,0.0,0.0,0.0,0.0,0.0,0.0,0.0,0.0,0.0,0.0,0.0,0.0,0.0,0.0,0.0,0.0,0.0,0.0,0.0,0.0,0.0,0.0,
5817.0,Maidan,Euromaidan,2014.0,2014.0,Some info available,3.0,1.0,2.0,2.0,2.0,1.0,1.0,2.0,1.0,2.0,0.0,0.0,0.0,1.0,0.0,0.0,0.0,2.0,0.0,3.0,1.0,0.0,2.0,1.0,326.0,1.0,0.0,32.0,4.0,0.0,0.0,0.0,0.0,0.0,39.0,13.0,
5826.0,NDFB-S,National Democratic Front of Bodoland-Songbijit,2013.0,2014.0,Some info available,3.0,0.0,0.0,3.0,0.0,0.0,2.0,3.0,0.0,0.0,0.0,0.0,0.0,0.0,0.0,0.0,0.0,3.0,0.0,3.0,0.0,0.0,3.0,0.0,386.95,0.0,0.0,250.0,0.0,0.0,0.0,0.0,0.0,0.0,49.0,46.0,
5839.0,LPR,Lugansk People's Republic,2014.0,2014.0,Some info available,1.0,1.0,2.0,3.0,1.0,0.0,0.0,1.0,0.0,1.0,0.0,0.0,0.0,2.0,0.0,0.0,0.0,2.0,2.0,1.0,1.0,2.0,0.0,0.0,1.0,1.0,10.0,0.0,0.0,0.0,0.0,0.0,0.0,0.0,9.0,3.0,
5840.0,DPR,Donetsk People's Republic,2014.0,2014.0,Some info available,3.0,1.0,1.0,2.0,0.0,0.0,1.0,2.0,0.0,1.0,1.0,0.0,0.0,0.0,1.0,0.0,1.0,2.0,2.0,0.0,1.0,1.0,0.0,0.0,0.0,1.0,4.0,0.0,0.0,0.0,0.0,0.0,0.0,0.0,18.0,3.0,
5849.0,SARC,Sudanese Awakening Revolutionary Council,2014.0,2017.0,No info,0.0,0.0,0.0,0.0,0.0,0.0,0.0,0.0,0.0,0.0,0.0,0.0,0.0,0.0,0.0,0.0,0.0,0.0,0.0,0.0,0.0,0.0,0.0,0.0,0.0,0.0,0.0,0.0,0.0,0.0,0.0,0.0,0.0,0.0,0.0,0.0,
5866.0,Darfur rebels (Sudan)*,,,,Some info available,2.0,2.0,2.0,0.0,2.0,0.0,0.0,2.0,1.0,1.0,0.0,0.0,0.0,2.0,0.0,0.0,1.0,0.0,0.0,0.0,0.0,2.0,0.0,2.0,0.0,0.0,15.0,0.0,15.0,3.0,0.0,0.0,3.0,0.0,10.0,4.0,Libya
5914.0,United Armed Forces of Novorossiya,United Armed Forces of Novorossiya,2014.0,2015.0,Some info available,4.0,4.0,4.0,4.0,3.0,3.0,2.0,4.0,3.0,4.0,2.0,2.0,2.0,3.0,3.0,0.0,3.0,3.0,4.0,4.0,3.0,3.0,3.0,3.0,12985.0,715.0,496.0,335.0,228.0,12.0,0.0,1.0,11.0,0.0,440.0,145.0,Russia
5928.0,Jamaat-ul-Ahrar,,2014.0,2014.0,Some info available,2.0,0.0,0.0,3.0,0.0,0.0,0.0,2.0,0.0,0.0,0.0,0.0,0.0,0.0,0.0,0.0,0.0,3.0,0.0,0.0,0.0,0.0,0.0,0.0,0.0,0.0,0.0,0.0,0.0,0.0,0.0,0.0,0.0,0.0,9.0,0.0,
5940.0,Zintan Military Council,,2014.0,2014.0,No info,0.0,0.0,0.0,0.0,0.0,0.0,0.0,0.0,0.0,0.0,0.0,0.0,0.0,0.0,0.0,0.0,0.0,0.0,0.0,0.0,0.0,0.0,0.0,0.0,0.0,0.0,0.0,0.0,0.0,0.0,0.0,0.0,0.0,0.0,0.0,0.0,
5965.0,PSLF,Palaung State Liberation Front,2013.0,2018.0,Some info available,2.0,0.0,0.0,0.0,0.0,0.0,1.0,1.0,0.0,0.0,0.0,0.0,0.0,0.0,0.0,0.0,0.0,0.0,0.0,2.0,0.0,0.0,0.0,0.0,10.0,0.0,0.0,0.0,0.0,0.0,0.0,0.0,0.0,0.0,3.0,3.0,
5999.0,UPC (Ali Darass Fulani supporters),Union pour la Paix en Centrafrique / Union for Peace in the Central African Republic,2018.0,2018.0,Some info available,2.0,1.0,0.0,0.0,0.0,1.0,1.0,2.0,0.0,1.0,0.0,0.0,0.0,0.0,0.0,0.0,0.0,0.0,0.0,0.0,0.0,0.0,0.0,0.0,0.0,0.0,0.0,0.0,0.0,4.0,3.0,1.0,0.0,0.0,4.0,0.0,
6137.0,Military faction (forces of Nicolae Ceausescu),,1989.0,1989.0,Some info available,0.0,1.0,2.0,0.0,0.0,0.0,0.0,0.0,0.0,0.0,0.0,1.0,0.0,1.0,0.0,0.0,0.0,0.0,0.0,0.0,0.0,0.0,0.0,0.0,0.0,0.0,0.0,0.0,0.0,0.0,0.0,0.0,0.0,0.0,3.0,0.0,
6187.0,Military faction (forces of Godefroid Niyombare),Military faction (forces of Godefroid Niyombare),2015.0,2015.0,Some info available,2.0,1.0,0.0,2.0,0.0,1.0,0.0,0.0,0.0,1.0,0.0,0.0,0.0,0.0,0.0,0.0,0.0,2.0,0.0,0.0,0.0,0.0,0.0,0.0,0.0,0.0,0.0,0.0,0.0,0.0,0.0,0.0,0.0,0.0,3.0,0.0,
6254.0,Forces of Hadi,Forces of Hadi,2015.0,2018.0,Some info available,2.0,1.0,0.0,0.0,0.0,1.0,0.0,0.0,0.0,0.0,0.0,0.0,0.0,0.0,0.0,0.0,0.0,0.0,0.0,0.0,0.0,0.0,0.0,0.0,0.0,0.0,0.0,0.0,0.0,0.0,0.0,0.0,0.0,0.0,2.0,0.0,
6267.0,FLM,Macina Liberation Front / Front de Libération du Macina,2015.0,2015.0,Some info available,2.0,0.0,0.0,0.0,0.0,0.0,0.0,2.0,0.0,0.0,0.0,0.0,0.0,0.0,0.0,0.0,0.0,0.0,0.0,0.0,0.0,0.0,0.0,0.0,0.0,0.0,0.0,0.0,0.0,0.0,0.0,0.0,0.0,0.0,1.0,0.0,
6288.0,SDF,Syrian Democratic Forces,2016.0,2018.0,Some info available,4.0,4.0,2.0,3.0,3.0,3.0,2.0,3.0,3.0,4.0,3.0,0.0,0.0,2.0,0.0,0.0,1.0,2.0,2.0,4.0,4.0,2.0,3.0,2.0,1033.25,1575.0,61.0,101.0,50.0,11.0,0.0,4.0,3.0,1.0,44.0,33.0,USA
6297.0,FPB,Popular Forces of Burundi Les Forces,2015.0,2015.0,No info,0.0,0.0,0.0,0.0,0.0,0.0,0.0,0.0,0.0,0.0,0.0,0.0,0.0,0.0,0.0,0.0,0.0,0.0,0.0,0.0,0.0,0.0,0.0,0.0,0.0,0.0,0.0,0.0,0.0,0.0,0.0,0.0,0.0,0.0,0.0,0.0,
6320.0,UNLFW,United Liberation Front of Western South East Asia,2015.0,2018.0,Some info available,2.0,0.0,0.0,0.0,0.0,0.0,0.0,2.0,0.0,0.0,0.0,0.0,0.0,0.0,0.0,0.0,0.0,0.0,0.0,0.0,0.0,0.0,0.0,0.0,0.0,0.0,0.0,0.0,0.0,0.0,0.0,0.0,0.0,0.0,1.0,0.0,
6513.0,RED-TABARA,Resistance for the Rule of Law in Burundi; Résistance pour un Etat de Droit au Burundi; Umuhari Uharanira Iteka n'Itekane; FRONABU Tabara,2014.0,2014.0,Some info available,2.0,1.0,0.0,2.0,0.0,1.0,0.0,2.0,0.0,1.0,1.0,0.0,0.0,0.0,0.0,0.0,0.0,2.0,0.0,2.0,1.0,0.0,1.0,0.0,25.0,1.0,0.0,8.0,0.0,0.0,0.0,0.0,0.0,0.0,12.0,6.0,
6578.0,Maute group,,2016.0,2016.0,Some info available,4.0,2.0,1.0,4.0,1.0,4.0,1.0,3.0,1.0,2.0,1.0,0.0,0.0,0.0,0.0,0.0,0.0,4.0,2.0,4.0,2.0,1.0,4.0,1.0,13160.0,20.0,4.0,2044.0,1.0,0.0,0.0,0.0,0.0,0.0,66.0,54.0,
6590.0,Kamuina Nsapu,,2016.0,2018.0,Some info available,2.0,0.0,0.0,0.0,0.0,0.0,0.0,2.0,0.0,0.0,0.0,0.0,0.0,0.0,0.0,0.0,0.0,0.0,0.0,0.0,0.0,0.0,0.0,0.0,0.0,0.0,0.0,0.0,0.0,0.0,0.0,0.0,0.0,0.0,2.0,0.0,
6616.0,Harakit Sawa'id Misr,,2017.0,2018.0,Some info available,1.0,0.0,0.0,0.0,1.0,0.0,1.0,1.0,0.0,0.0,0.0,0.0,0.0,0.0,0.0,0.0,0.0,0.0,0.0,1.0,0.0,0.0,0.0,1.0,8.0,0.0,0.0,0.0,2.0,0.0,0.0,0.0,0.0,0.0,6.0,4.0,
6689.0,YSK,,2016.0,2016.0,No info,0.0,0.0,0.0,0.0,0.0,0.0,0.0,0.0,0.0,0.0,0.0,0.0,0.0,0.0,0.0,0.0,0.0,0.0,0.0,0.0,0.0,0.0,0.0,0.0,0.0,0.0,0.0,0.0,0.0,0.0,0.0,0.0,0.0,0.0,0.0,0.0,
6692.0,ARSA,Arakan Rohingya Salvation Army,2016.0,2017.0,Some info available,2.0,0.0,0.0,2.0,0.0,0.0,1.0,2.0,0.0,0.0,0.0,0.0,0.0,0.0,0.0,0.0,0.0,2.0,0.0,2.0,0.0,0.0,1.0,0.0,88.0,0.0,0.0,7.0,0.0,0.0,0.0,0.0,0.0,0.0,14.0,12.0,
6711.0,DPR,Donetsk People's Republic,2015.0,2018.0,Some info available,1.0,3.0,3.0,2.0,3.0,0.0,0.0,1.0,2.0,2.0,2.0,1.0,2.0,3.0,3.0,0.0,3.0,0.0,2.0,1.0,3.0,3.0,0.0,2.0,1.0,154.0,698.0,0.0,54.0,0.0,0.0,0.0,0.0,0.0,178.0,122.0,
6712.0,LPR,Lugansk People's Republic,2015.0,2018.0,Some info available,3.0,3.0,4.0,3.0,3.0,1.0,1.0,1.0,1.0,3.0,1.0,1.0,1.0,3.0,3.0,0.0,3.0,3.0,2.0,3.0,3.0,3.0,3.0,3.0,105.0,171.8,860.0,339.5,397.0,3.0,0.0,0.0,3.0,0.0,180.0,122.0,Russia
6716.0,JNIM,Group for the Support of Islam and Muslims / Jamaat Nusrat al-Islam wal-Muslimin,2017.0,2018.0,Some info available,2.0,2.0,0.0,2.0,0.0,2.0,0.0,2.0,1.0,2.0,2.0,0.0,0.0,0.0,0.0,0.0,0.0,2.0,2.0,2.0,2.0,0.0,2.0,0.0,53.0,21.0,0.0,21.0,0.0,0.0,0.0,0.0,0.0,0.0,47.0,30.0,
6740.0,MNR,Mouvement National des Révolutionnaires / National Movement for the Revolution,2017.0,2017.0,No info,0.0,0.0,0.0,0.0,0.0,0.0,0.0,0.0,0.0,0.0,0.0,0.0,0.0,0.0,0.0,0.0,0.0,0.0,0.0,0.0,0.0,0.0,0.0,0.0,0.0,0.0,0.0,0.0,0.0,0.0,0.0,0.0,0.0,0.0,0.0,0.0,
6814.0,Forces of Khalifa al-Ghawil,,2017.0,2017.0,No info,0.0,0.0,0.0,0.0,0.0,0.0,0.0,0.0,0.0,0.0,0.0,0.0,0.0,0.0,0.0,0.0,0.0,0.0,0.0,0.0,0.0,0.0,0.0,0.0,0.0,0.0,0.0,0.0,0.0,0.0,0.0,0.0,0.0,0.0,0.0,0.0,
6844.0,Jama'at Ansar al-Islam,,2017.0,2017.0,No info,0.0,0.0,0.0,0.0,0.0,0.0,0.0,0.0,0.0,0.0,0.0,0.0,0.0,0.0,0.0,0.0,0.0,0.0,0.0,0.0,0.0,0.0,0.0,0.0,0.0,0.0,0.0,0.0,0.0,0.0,0.0,0.0,0.0,0.0,0.0,0.0,
6893.0,PFLL,,2017.0,2017.0,No info,0.0,0.0,0.0,0.0,0.0,0.0,0.0,0.0,0.0,0.0,0.0,0.0,0.0,0.0,0.0,0.0,0.0,0.0,0.0,0.0,0.0,0.0,0.0,0.0,0.0,0.0,0.0,0.0,0.0,0.0,0.0,0.0,0.0,0.0,0.0,0.0,
6894.0,UPLC,Union des Patriotes pour la Libération du Congo / Union of Patriots for the Liberation of Congo,2018.0,2018.0,Some info available,2.0,1.0,0.0,0.0,0.0,1.0,0.0,2.0,0.0,1.0,0.0,0.0,0.0,0.0,0.0,0.0,0.0,0.0,0.0,0.0,0.0,0.0,0.0,0.0,0.0,0.0,0.0,0.0,0.0,0.0,0.0,0.0,0.0,0.0,4.0,0.0,
6920.0,CMC,Collectif des mouvements pour le changement / Coalition for movements of change,2018.0,2018.0,No info,0.0,0.0,0.0,0.0,0.0,0.0,0.0,0.0,0.0,0.0,0.0,0.0,0.0,0.0,0.0,0.0,0.0,0.0,0.0,0.0,0.0,0.0,0.0,0.0,0.0,0.0,0.0,0.0,0.0,0.0,0.0,0.0,0.0,0.0,0.0,0.0,
6998.0,al-Harakat al-Islamiyah,,2016.0,2016.0,No info,0.0,0.0,0.0,0.0,0.0,0.0,0.0,0.0,0.0,0.0,0.0,0.0,0.0,0.0,0.0,0.0,0.0,0.0,0.0,0.0,0.0,0.0,0.0,0.0,0.0,0.0,0.0,0.0,0.0,0.0,0.0,0.0,0.0,0.0,0.0,0.0,
6999.0,BIFM-K,Bangsamoro Islamic Freedom Movement - Karialan faction,2018.0,2018.0,Some info available,2.0,1.0,0.0,1.0,0.0,1.0,1.0,2.0,0.0,1.0,1.0,0.0,0.0,0.0,0.0,0.0,0.0,0.0,1.0,2.0,1.0,0.0,1.0,0.0,21.0,9.0,0.0,1.0,0.0,0.0,0.0,0.0,0.0,0.0,32.0,23.0,
7013.0,FARC dissidents,,2018.0,2018.0,Some info available,3.0,2.0,1.0,4.0,0.0,1.0,2.0,2.0,0.0,2.0,1.0,0.0,0.0,0.0,1.0,0.0,0.0,4.0,3.0,2.0,2.0,1.0,4.0,0.0,86.88,13.5,2.0,5354.5,0.0,0.0,0.0,0.0,0.0,0.0,57.0,50.0,
7032.0,Ansar al-Sunnah,,2018.0,2018.0,Some info available,2.0,0.0,0.0,2.0,0.0,1.0,0.0,0.0,0.0,0.0,0.0,0.0,0.0,0.0,0.0,0.0,0.0,2.0,0.0,1.0,0.0,0.0,0.0,0.0,6.0,0.0,0.0,0.0,0.0,0.0,0.0,0.0,0.0,0.0,5.0,2.0,
7046.0,ASL,Ansar al-Sharia in Libya,2013.0,2013.0,Some info available,2.0,2.0,1.0,3.0,1.0,0.0,0.0,2.0,0.0,2.0,1.0,0.0,1.0,0.0,1.0,0.0,1.0,3.0,0.0,0.0,0.0,1.0,0.0,0.0,0.0,0.0,1.0,0.0,0.0,0.0,0.0,0.0,0.0,0.0,14.0,1.0,
7074.0,EPL - Megateo,Popular Liberation Army - Megateo,2004.0,2004.0,Some info available,1.0,1.0,0.0,3.0,0.0,0.0,1.0,1.0,0.0,1.0,0.0,0.0,0.0,0.0,0.0,0.0,0.0,3.0,3.0,1.0,1.0,0.0,3.0,0.0,7.0,2.0,0.0,370.0,0.0,0.0,0.0,0.0,0.0,0.0,17.0,12.0,
7151.0,CCMSR,Military Command Council for the Salvation of the Republic,2018.0,2018.0,Some info available,1.0,2.0,1.0,0.0,0.0,0.0,0.0,1.0,2.0,1.0,0.0,0.0,1.0,0.0,0.0,0.0,0.0,0.0,0.0,1.0,1.0,0.0,0.0,0.0,4.0,4.0,0.0,0.0,0.0,0.0,0.0,0.0,0.0,0.0,8.0,2.0,
7248.0,Forces of Norodom Ranariddh,,1997.0,1998.0,Some info available,3.0,3.0,1.0,0.0,0.0,2.0,2.0,2.0,1.0,2.0,2.0,0.0,0.0,1.0,1.0,0.0,0.0,0.0,0.0,2.0,2.0,1.0,0.0,0.0,60.0,30.0,2.0,0.0,0.0,3.0,2.0,1.0,0.0,0.0,16.0,5.0,
7249.0,Military faction (Forces of Hun Sen),,1997.0,1997.0,No info,0.0,0.0,0.0,0.0,0.0,0.0,0.0,0.0,0.0,0.0,0.0,0.0,0.0,0.0,0.0,0.0,0.0,0.0,0.0,0.0,0.0,0.0,0.0,0.0,0.0,0.0,0.0,0.0,0.0,0.0,0.0,0.0,0.0,0.0,0.0,0.0,
7332.0,Ambazonia insurgents,,2017.0,2018.0,No info,0.0,0.0,0.0,0.0,0.0,0.0,0.0,0.0,0.0,0.0,0.0,0.0,0.0,0.0,0.0,0.0,0.0,0.0,0.0,0.0,0.0,0.0,0.0,0.0,0.0,0.0,0.0,0.0,0.0,0.0,0.0,0.0,0.0,0.0,0.0,0.0,
